Title,Genre,Theme,Mode,Perspective,Source, File Location,Status,Difficulty (out of 5),Game Length (in hours),File Size (in GB),Top 100,Single-Player,Open World,Action RPG,Action-Adventure,Other,Best Lists,IGN,IGDB,OpenCritic,MetaCritic,GameRankings,Avg. Score,Personal Rating,Owned?,MapGenie?,Save Wizard?,Comments,,,
.hack//G.U. Last Recode,"Role-playing (RPG), Adventure","Action, Fantasy, Science Fiction",Single Player,Third Person,N/A,N/A,N/A,2.77,168.78,N/A,,,,,,,0,8.20,7.40,7.60,7.60,7.70,7.70,0,N,N,Y,,,,
#BLUD,"Role-playing (RPG), Hack and Slash/Beat 'em up, Adventure, Indie","Action, Fantasy, Horror, Comedy",Single Player,Bird view/Isometric,N/A,N/A,N/A,3.00,17.90,N/A,,,,,,,0,7.50,7.30,7.20,7.30,N/A,7.33,,N,N,Y,,,,
11-11 Memories Retold,Adventure,"Historical, Warfare",Single Player,,N/A,N/A,Removed,2.26,23.72,14.60,,,,,,,0,6.80,7.40,7.80,7.70,7.90,7.52,,N,N,N,Removed from PS+ after downloading.,,,
13 Sentinels: Aegis Rim,"Simulator, Strategy, Tactical, Adventure","Science Fiction, Drama",Single Player,"Bird view/Isometric, Side View",N/A,N/A,N/A,2.66,68.97,N/A,,,,,,,0,8.00,8.40,8.60,8.50,N/A,8.38,,N,N,Y,,,,
1979 Revolution: Black Friday,"Adventure, Indie","Action, Historical, Drama, Non-fiction, Educational, Warfare",Single Player,Third Person,Digital Download,Drive 4,Unplayed,2.63,12.08,3.66,,,,,,,0,8.00,7.10,7.80,8.00,7.10,7.60,,Y,N,N,,,,
2Dark,"Adventure, Indie","Action, Horror, Survival, Stealth, Mystery",Single Player,Bird view/Isometric,N/A,N/A,N/A,3.53,18.13,N/A,,,,,,,0,5.10,5.90,6.30,5.40,5.44,5.63,,N,N,N,,,,
428: Shibuya Scramble,"Adventure, Visual Novel","Drama, Mystery",Single Player,Text,N/A,N/A,N/A,2.64,67.50,N/A,,,,,,,0,7.80,8.30,8.50,8.50,8.58,8.34,,N,N,N,,,,
5 Star Wrestling: ReGenesis,"Sport, Simulator, Arcade, Indie",Action,Single Player,Third Person,Digital Download,Drive 1,Unplayed,3.00,5.00,1.54,,,,,,,0,N/A,N/A,6.00,5.40,N/A,5.70,0,Y,N,N,,,,
7th Sector,"Shooter, Platform, Puzzle, Adventure, Indie",Action,Single Player,Side View,N/A,N/A,N/A,4.50,15.17,N/A,,,,,,,0,7.00,7.60,6.90,7.60,N/A,7.28,,N,N,N,,,,
8-Bit Adventures 2,"Role-playing (RPG), Adventure, Indie",Fantasy,Single Player,Bird view/Isometric,N/A,N/A,N/A,4.00,36.43,N/A,,,,,,,0,9.00,9.00,8.40,8.70,N/A,8.78,,N,N,N,,,,
9 Monkeys of Shaolin,"Fighting, Role-playing (RPG), Hack and Slash/Beat 'em up, Adventure, Indie, Arcade",Action,"Single Player, Multiplayer, Co-operative",Bird view/Isometric,Digital Download,Drive 2,Unplayed,2.71,11.53,7.19,,,,,,,0,6.70,6.80,7.30,7.10,N/A,6.98,,Y,N,N,,,,
9 Years of Shadows,"Platform, Role-playing (RPG), Adventure, Indie","Action, Fantasy",Single Player,Side View,N/A,N/A,N/A,3.58,16.93,N/A,,,,,,,0,7.90,6.20,7.40,7.40,N/A,7.23,,N,N,N,,,,
99Vidas,"Fighting, Hack and Slash/Beat 'em up, Indie, Arcade","Action, Comedy","Single Player, Multiplayer, Co-operative",Side View,N/A,N/A,N/A,3.84,34.47,N/A,,,,,,,0,6.70,5.90,6.70,6.10,6.15,6.31,,N,N,N,,,,
A Hat In Time,"Platform, Adventure, Indie","Action, Fantasy","Single Player, Multiplayer, Co-operative, Split Screen","First Person, Third Person",Playstation Plus,Drive 2,Unplayed,2.92,51.27,11.75,,,,,,,0,8.00,8.00,7.80,7.90,7.79,7.90,,Y,N,Y,,,,
A Juggler's Tale,"Platform, Puzzle, Adventure, Indie","Action, Fantasy",Single Player,Side View,Digital Download,Drive 2,Unplayed,3.00,5.00,2.62,,,,,,,0,7.60,8.00,7.10,6.90,N/A,7.40,,Y,N,N,,,,
A Little to the Left,"Puzzle, Indie","Comedy, Kids",Single Player,"First Person, Bird view/Isometric, Side View",Playstation Plus,Drive 4,Unplayed,2.00,27.13,2.17,,,,,,,0,7.80,9.00,7.50,7.50,N/A,7.95,0,Y,N,N,,,,
A Monster's Expedition (Through Puzzling Expeditions),"Puzzle, Strategy, Adventure, Indie",Open World,Single Player,Bird view/Isometric,N/A,N/A,N/A,3.83,46.92,N/A,,,,,,,0,7.70,7.80,8.50,9.2,N/A,8.30,,N,N,N,,,,
A Robot Named Fight!,"Shooter, Platform, Adventure, Indie","Action, Science Fiction, Horror","Single Player, Multiplayer, Co-operative, Split Screen",Side View,Digital Download,Drive 4,Unplayed,3.76,18.83,1.44,,,,,,,0,8.00,6.20,7.30,7.10,N/A,7.15,,Y,N,N,,,,
A Short Hike,"Adventure, Indie","Fantasy, Open World",Single Player,Bird view/Isometric,Digital Download,Drive 4,Unplayed,2.25,5.00,0.45,,,,,,,0,8.10,7.80,8.70,8.80,N/A,8.35,,Y,N,N,,,,
A Space for the Unbound,"Puzzle, Adventure, Indie","Action, Drama",Single Player,Side View,Playstation Plus,Drive 2,Unplayed,3.33,16.73,0.62,,,,,,,0,8.40,8.20,8.50,8.50,N/A,8.40,0,Y,N,N,,,,
Absolum,"Fighting, Role-playing (RPG), Adventure, Indie",Action,"Single Player, Multiplayer, Co-operative",,N/A,N/A,N/A,3.00,28.62,N/A,,,,,,,0,7.00,9.00,8.60,8.70,N/A,8.33,,N,N,N,,,,
Absolver,"Fighting, Role-playing (RPG), Adventure, Indie","Action, Fantasy","Single Player, Multiplayer, Co-operative",Third Person,Digital Download,Drive 3,Unplayed,3.67,21.00,16.55,,,,,,,0,7.60,7.50,7.30,7.50,6.84,7.35,,Y,N,Y,,,,
Abzu,"Puzzle, Simulator, Adventure, Indie","Action, Educational",Single Player,Third Person,N/A,N/A,N/A,1.32,8.45,N/A,,,,,,,0,8.40,8.10,8.00,7.80,7.95,8.05,,N,N,N,,,,
Accel World vs. Sword Art Online: Millennium Twilight,"Role-playing (RPG), Adventure",Action,,,N/A,N/A,N/A,2.95,143.53,N/A,,,,,,,0,7.20,5.00,6.60,6.40,6.25,6.29,0,N,N,Y,,,,
Ace Combat 7: Skies Unknown,"Shooter, Simulator, Arcade","Action, Science Fiction, Drama, Warfare","Single Player, Multiplayer","First Person, Third Person, Virtual Reality",Playstation Plus,Drive 4,Unplayed,3.59,66.00,45.98,,,,,,,0,7.00,8.10,8.10,8.00,8.06,7.85,,Y,N,Y,,,,
Achilles: Legends Untold,"Role-playing (RPG), Hack and Slash/Beat 'em up, Indie","Action, Historical, Open World","Single Player, Multiplayer, Co-operative",Bird view/Isometric,N/A,N/A,N/A,3.00,32.50,N/A,,,,,,,0,5.00,5.50,7.00,6.70,N/A,6.05,0,N,N,N,,,,
Actraiser Renaissance,"Platform, Role-playing (RPG), Simulator, Strategy, Hack and Slash/Beat 'em up",Action,Single Player,Side View,N/A,N/A,N/A,3.06,48.27,N/A,,,,,,,0,6.20,6.00,7.30,7.40,N/A,6.73,,N,N,N,,,,
Adam's Venture: Origins,"Puzzle, Adventure, Indie","Action, Stealth, Kids",Single Player,Third Person,Digital Download,Drive 4,Unplayed,2.58,10.18,8.91,,,,,,,0,3.90,5.40,5.50,5.30,5.20,5.06,,Y,N,N,,,,
Adventure Time Pirates of the Enchiridion,"Fighting, Role-playing (RPG), Adventure","Action, Kids, Open World",Single Player,,Playstation Plus,Drive 2,Unplayed,2.09,20.70,3.72,,,,,,,0,5.80,5.30,6.10,6.20,6.06,5.89,,Y,N,Y,,,,
Aegis Defenders,"Platform, Role-playing (RPG), Strategy, Adventure, Indie","Action, Fantasy, Science Fiction","Single Player, Multiplayer, Co-operative",Side View,N/A,N/A,N/A,4.37,25.67,N/A,,,,,,,0,6.20,8.00,7.60,7.40,7.45,7.33,,N,N,Y,,,,
Aeon Drive,"Platform, Adventure, Indie, Arcade","Action, Science Fiction","Single Player, Multiplayer, Co-operative",Side View,N/A,N/A,N/A,4.00,7.47,N/A,,,,,,,0,N/A,8.60,7.60,7.20,N/A,7.80,,N,N,N,,,,
Aeon Must Die!,"Fighting, Role-playing (RPG), Adventure, Indie",Action,Single Player,Side View,N/A,N/A,N/A,3.00,17.65,N/A,,,,,,,0,9.00,N/A,5.50,6.50,N/A,7.00,0,N,N,N,,,,
AER: Memories of Old,"Puzzle, Adventure, Indie","Action, Fantasy, Open World",Single Player,Third Person,Digital Download,Drive 2,Unplayed,1.92,5.00,1.38,,,,,,,0,6.30,6.80,6.70,6.90,6.69,6.68,,Y,N,N,,,,
Aeterna Noctis,"Platform, Puzzle, Adventure, Indie","Action, Fantasy",Single Player,Side View,N/A,N/A,Unplayed,4.00,73.00,N/A,,,,,,,0,8.20,7.80,7.20,7.20,N/A,7.60,0,N,N,N,,,,
AEW: Fight Forever,"Fighting, Sport, Simulator",Action,"Single Player, Multiplayer, Co-operative, Split Screen","Third Person, Bird view/Isometric",Playstation Plus,Drive 1,Unplayed,3.29,17.00,37.95,,,,,,,0,6.00,6.90,6.50,6.40,N/A,6.45,0,Y,N,N,,,,
AFL Evolution,"Sport, Simulator",Action,"Single Player, Multiplayer, Co-operative",Third Person,Digital Download,Drive 1,Unplayed,3.40,5.50,21.74,,,,,,,0,N/A,N/A,5.30,4.00,N/A,4.65,0,Y,N,N,,,,
Agatha Christie -  Hercule Poirot: The First Cases,"Point-and-click, Puzzle, Adventure",Mystery,Single Player,Bird view/Isometric,N/A,N/A,N/A,3.11,17.78,N/A,,,,,,,0,6.60,7.00,7.80,7.50,N/A,7.23,,N,N,N,,,,
Agatha Christie: Murder on the Orient Express,"Point-and-click, Puzzle, Adventure","Action, Thriller, Historical, Drama, Mystery",Single Player,"Third Person, Auditory",N/A,N/A,N/A,2.00,15.00,21.00,,,,,,,0,7.40,5.70,6.90,6.40,N/A,6.60,,N,N,N,,,,
Agent Intercept,"Shooter, Racing, Arcade","Action, Science Fiction",Single Player,Third Person,N/A,N/A,N/A,3.80,15.20,N/A,,,,,,,0,8.20,7.10,7.40,7.60,N/A,7.58,0,N,N,N,,,,
Agents of Mayhem,"Shooter, Adventure","Action, Science Fiction, Comedy, Open World",Single Player,Third Person,Digital Download,Drive 4,Unplayed,2.77,50.00,48.43,,,,,,,0,7.10,7.30,6.70,6.20,6.30,6.72,0,Y,N,Y,,,,
Agony,"Shooter, Adventure, Indie","Action, Horror, Survival",Single Player,First Person,Digital Download,Drive 2,Unplayed,3.26,15.00,20.33,,,,,,,0,3.90,4.00,4.00,4.70,3.89,4.10,,Y,N,N,,,,
Aground,"Role-playing (RPG), Adventure, Indie",Survival,"Single Player, Multiplayer, Co-operative",Side View,Digital Download,Drive 4,Unplayed,3.67,103.77,0.82,,,,,,,0,6.00,6.00,8.20,7.80,N/A,7.00,,Y,N,N,,,,
AI: The Somnium Files,"Puzzle, Adventure, Visual Novel","Action, Science Fiction, Thriller, Mystery",Single Player,"First Person, Third Person",Digital Download,Drive 4,Unplayed,2.64,49.38,14.20,,,,,,,0,8.20,8.60,8.10,8.50,7.75,8.23,,Y,N,N,,,,
Akane,"Hack and Slash/Beat 'em up, Indie, Arcade","Action, Science Fiction",Single Player,Bird view/Isometric,Digital Download,Drive 2,Unplayed,4.50,13.10,0.43,,,,,,,0,6.90,7.00,7.30,6.90,6.90,7.00,,Y,N,N,,,,
Akiba's Beat,Role-playing (RPG),"Action, Fantasy, Science Fiction",Single Player,Third Person,N/A,N/A,N/A,2.44,109.18,N/A,,,,,,,0,7.20,4.60,5.80,5.50,5.71,5.76,0,N,N,Y,,,,
AKIBA'S TRIP: Undead & Undressed,"Role-playing (RPG), Adventure",Action,Single Player,Third Person,N/A,N/A,N/A,2.99,104.93,N/A,,,,,,,0,7.70,6.40,6.10,5.70,5.80,6.34,,N,N,Y,,,,
Alba: A Wildlife Adventure,"Adventure, Indie","Educational, Kids, Open World",Single Player,"First Person, Third Person",N/A,N/A,N/A,2.33,6.62,N/A,,,,,,,0,7.80,8.20,8.20,7.90,N/A,8.03,,N,N,N,,,,
Alien: Isolation,Adventure,"Action, Science Fiction, Horror, Survival, Stealth",Single Player,First Person,Digital Download,Drive 1,Unplayed,3.89,34.00,19.40,1,,,,,,1,5.90,8.60,8.10,7.90,7.96,7.69,0,Y,N,N,,,,
Alienation,Shooter,"Action, Science Fiction, Survival","Single Player, Co-operative",Bird view/Isometric,Playstation Plus,Drive 1,Unplayed,3.37,50.50,3.90,,,,,,,0,8.70,7.30,7.90,7.90,7.92,7.94,0,Y,N,N,,,,
Aliens: Dark Descent,"Strategy, Adventure","Action, Science Fiction",Single Player,Bird view/Isometric,Playstation Plus,Drive 2,Unplayed,4.50,60.00,33.67,,,,,,,0,7.00,8.50,7.50,7.50,N/A,7.63,,Y,N,Y,,,,
Aliens: Fireteam Elite,"Shooter, Role-playing (RPG)","Action, Science Fiction","Single Player, Multiplayer, Co-operative",Third Person,N/A,N/A,N/A,3.52,49.50,12.94,,,,,,,0,7.00,7.40,6.80,6.90,N/A,7.03,,N,N,Y,,,,
Alone in the Dark: The New Nightmare,"Puzzle, Adventure","Action, Horror, Survival, Mystery",Single Player,Third Person,Playstation Plus,Drive 1,Unplayed,3.00,13.00,5.75,,,,,,,0,7.30,8.00,6.40,6.60,N/A,7.08,0,Y,N,N,,,,
Alone with You,"Puzzle, Adventure, Indie","Science Fiction, Mystery",Single Player,"Side View, Text",Digital Download,Drive 4,Unplayed,2.08,19.97,1.39,,,,,,,0,5.50,7.30,7.20,7.20,7.18,6.88,,Y,N,N,,,,
Alphadia III,"Role-playing (RPG), Simulator, Strategy, Adventure",Fantasy,Single Player,Bird view/Isometric,N/A,N/A,N/A,3.00,N/A,N/A,,,,,,,0,N/A,N/A,N/A,N/A,N/A,#DIV/0!,,N,N,N,,,,
Alwa's Awakening,"Platform, Adventure, Indie","Action, Fantasy",Single Player,Side View,Digital Download,Drive 1,Unplayed,3.20,17.88,0.41,,,,,,,0,7.10,7.50,7.20,7.10,7.75,7.33,,Y,N,Y,,,,
Alwa's Legacy,"Platform, Adventure, Indie","Action, Fantasy",Single Player,Side View,Digital Download,Drive 1,Unplayed,3.50,17.92,1.32,,,,,,,0,7.60,7.80,7.80,8.00,N/A,7.80,,Y,N,Y,,,,
American Arcadia,"Platform, Puzzle, Adventure, Indie","Action, Comedy, Mystery",Single Player,"First Person, Bird view/Isometric, Side View",N/A,N/A,N/A,2.25,10.45,N/A,,,,,,,0,8.20,8.10,7.90,7.70,N/A,7.98,,N,N,N,,,,
American Fugitive,"Shooter, Racing, Adventure, Indie","Action, Sandbox, Open World",Single Player,,Digital Download,Drive 1,Unplayed,3.00,35.20,2.62,,,,,,,0,6.80,7.30,6.60,6.60,6.39,6.74,,Y,N,Y,,,,
Amnesia: Rebirtth,"Puzzle, Adventure, Indie","Action, Fantasy, Horror, Stealth",Single Player,First Person,Digital Download,Drive 2,Unplayed,3.13,15.00,19.74,,,,,,,0,8.00,8.20,7.80,8.00,N/A,8.00,,Y,N,N,,,,
Amnesia: The Bunker,"Shooter, Puzzle, Adventure, Indie","Action, Horror, Survival, Stealth, Mystery",Single Player,First Person,Digital Download,Drive 2,Unplayed,4.50,14.00,9.49,,,,,,,0,8.00,8.50,7.70,7.70,N/A,7.98,,Y,N,N,,,,
Amnesia: The Collection,"Puzzle, Adventure, Indie","Action, Horror, Survival",Single Player,First Person,Digital Download,Drive 2,Unplayed,3.49,12.00,6.74,,,,,,,0,7.30,7.70,7.70,7.80,7.80,7.66,,Y,N,N,,,,
Among the Sleep,"Puzzle, Adventure, Indie","Action, Horror, Stealth",Single Player,"First Person, Virtual Reality",Digital Download,Drive 4,Unplayed,2.06,7.40,3.95,,,,,,,0,7.30,6.60,6.60,6.60,6.73,6.77,,Y,N,N,,,,
Ancestors: The Humankind Odyssey,"Role-playing (RPG), Adventure, Indie","Action, Survival, Open World",Single Player,Third Person,Digital Download,Drive 4,Unplayed,3.85,54.00,8.49,,,,,,,0,7.00,6.50,6.60,6.40,6.45,6.59,0,Y,N,N,,,,
Andro Dunos II,"Shooter, Arcade",Action,Single Player,,Digital Download,Drive 1,Unplayed,3.80,2.55,0.68,,,,,,,0,8.00,7.80,7.70,7.80,N/A,7.83,,Y,N,N,,,,
Anima Gate of Memories: The Nameless Chronicles,"Fighting, Role-playing (RPG), Adventure","Action, Fantasy",Single Player,Third Person,Digital Download,Drive 4,Unplayed,3.73,17.43,6.17,,,,,,,0,7.00,6.90,6.80,7.10,N/A,6.95,0,Y,N,Y,,,,
Anima: Gate of Memories,"Role-playing (RPG), Adventure","Action, Fantasy",Single Player,Third Person,Digital Download,Drive 4,Unplayed,3.20,35.68,4.35,,,,,,,0,6.00,6.70,5.60,5.20,4.59,5.62,,Y,N,Y,,,,
ANNO: Mutationem,"Role-playing (RPG), Hack and Slash/Beat 'em up, Adventure, Indie","Action, Fantasy",Single Player,Side View,Playstation Plus,Drive 3,Unplayed,3.44,24.75,11.69,,,,,,,0,8.00,8.50,7.40,7.10,N/A,7.75,,Y,N,Y,,,,
Anodyne,"Platform, Adventure, Indie","Action, Fantasy",Single Player,Third Person,Playstation Plus,Drive 4,Unplayed,3.07,13.55,0.09,,,,,,,0,7.40,7.00,6.90,7.50,7.49,7.26,,Y,N,N,,,,
Anomaly 2,"Strategy, Indie","Action, Science Fiction, Stealth","Single Player, Multiplayer",Bird view/Isometric,Digital Download,Drive 2,Unplayed,3.40,15.83,1.73,,,,,,,0,8.00,7.90,7.40,7.70,7.37,7.67,,Y,N,N,,,,
Anomaly Agent,"Fighting, Platform, Adventure, Indie, Arcade",Action,Single Player,Side View,N/A,N/A,N/A,4.50,11.93,N/A,,,,,,,0,8.10,8.00,8.30,8.40,N/A,8.20,,N,N,N,,,,
Antiquia Lost,"Role-playing (RPG), Simulator, Strategy, Adventure, Indie",Fantasy,Single Player,Bird view/Isometric,Digital Download,Drive 4,Unplayed,2.04,27.00,0.45,,,,,,,0,8.26,8.00,6.00,8.00,N/A,7.57,,Y,N,Y,,,,
Ape Escape,Platform,Action,Single Player,"Third Person, Side View",Playstation Plus,Drive 3,Unplayed,3.15,11.00,1.02,,,,,,,0,9.50,7.70,8.00,9.00,9.04,8.65,,Y,N,N,,,,
Ape Escape 2,"Platform, Adventure","Action, Fantasy, Comedy",Single Player,Third Person,Playstation Plus,Drive 3,Unplayed,2.83,20.00,1.77,,,,,,,0,9.00,7.80,N/A,8.20,8.12,8.28,,Y,N,N,,,,
Ape Escape Academy,Puzzle,Party,,,Playstation Plus,Drive 3,Unplayed,3.00,5.50,0.36,,,,,,,0,5.50,4.70,N/A,5.10,5.56,5.21,,Y,N,N,,,,
Ape Escape: On the Loose,Platform,Action,Single Player,"Third Person, Side View",Playstation Plus,Drive 3,Unplayed,3.00,8.00,0.40,,,,,,,0,7.00,7.70,8.00,6.60,6.65,7.19,,Y,N,N,,,,
Apex Legends,"Shooter, Tactical","Action, Science Fiction","Multiplayer, Co-operative, Battle Royale",First Person,N/A,N/A,N/A,3.34,179.00,73.44,1,,,,,,1,9.00,8.80,8.10,8.90,8.62,8.68,0,N,N,N,Multiplayer online-only battle royale game. Deleted to save hard drive space.,,,
Apotheon,"Platform, Role-playing (RPG), Hack and Slash/Beat 'em up, Adventure, Indie","Action, Fantasy, Historical","Single Player, Multiplayer",Side View,Digital Download,Drive 4,Unplayed,2.95,26.98,0.62,,,,,,,0,6.90,8.50,7.80,7.80,7.42,7.68,,Y,N,Y,,,,
Ara Fell: Enhanced Edition,"Role-playing (RPG), Adventure","Action, Fantasy, Open World",Single Player,Bird view/Isometric,Digital Download,Drive 4,Unplayed,3.00,31.68,1.35,,,,,,,0,8.00,7.50,6.80,6.90,N/A,7.30,0,Y,N,N,,,,
Aragami,"Adventure, Indie","Action, Stealth","Single Player, Multiplayer, Co-operative",Third Person,Playstation Plus,Drive 1,Unplayed,3.31,19.50,9.59,,,,,,,0,6.80,7.00,7.10,7.20,7.12,7.04,0,Y,N,Y,,,,
Arc of Alchemist,"Role-playing (RPG), Tactical, Adventure","Action, Fantasy, Science Fiction",Single Player,"Third Person, Auditory",Digital Download,Drive 4,Unplayed,3.13,20.66,4.06,,,,,,,0,5.80,5.20,4.30,4.60,N/A,4.98,0,Y,N,Y,,,,
Arc the Lad: Twilight of the Spirits,"Role-playing (RPG), Turn-based Strategy (TBS), Tactical, Adventure",Fantasy,Single Player,Bird view/Isometric,Playstation Plus,Drive 4,Unplayed,2.77,60.73,2.85,,,,,,,0,8.20,8.00,N/A,7.20,7.47,7.72,,Y,N,N,,,,
Arcadegeddon,"Shooter, Adventure, Indie",Action,"Single Player, Multiplayer, Co-operative",Third Person,Playstation Plus,Drive 3,Unplayed,3.58,64.43,9.96,,,,,,,0,5.60,6.80,7.50,7.30,N/A,6.80,0,Y,N,N,,,,
Arcania - The Complete Tale,"Role-playing (RPG), Adventure",Action,Single Player,Third Person,Digital Download,Drive 1,Unplayed,2.60,55.63,5.79,,,,,,,0,5.90,7.50,7.60,4.20,4.00,5.84,,Y,N,Y,,,,
Arise: A Simple Story,"Platform, Puzzle, Adventure, Indie","Action, Drama","Single Player, Co-operative","Third Person, Side View",Digital Download,Drive 1,Unplayed,3.00,12.50,10.20,,,,,,,0,7.80,8.60,8.20,8.00,N/A,8.15,,Y,N,N,,,,
ARK: Survival Evolved,"Shooter, Role-playing (RPG), Adventure, Indie, Simulator","Action, Survival, Sandbox, Open World","Single Player, Multiplayer, Co-operative, Split Screen, Massively Multiplayer Online (MMO), Battle Royale","First Person, Third Person, Virtual Reality",N/A,N/A,N/A,3.92,206.00,15.69,,,,,,,0,7.70,6.90,6.10,7.00,6.77,6.89,,N,N,N,,,,
Armored Core VI: Fires of Rubicon,Shooter,"Action, Science Fiction","Single Player, Multiplayer, Co-operative",Third Person,N/A,N/A,N/A,3.93,49.00,42.80,,,,,,,0,8.00,8.70,8.50,8.60,N/A,8.45,,N,N,Y,,,,
Arslan: The Warriors of Legend,"Role-playing (RPG), Hack and Slash/Beat 'em up","Action, Fantasy, Warfare","Single Player, Multiplayer, Co-operative, Split Screen",Third Person,N/A,N/A,N/A,2.81,16.98,N/A,,,,,,,0,6.90,6.70,7.00,6.90,7.09,6.92,0,N,N,Y,,,,
Arzette: The Jewel of Faramore,"Platform, Hack and Slash/Beat 'em up, Adventure, Indie","Action, Fantasy",Single Player,Side View,N/A,N/A,N/A,3.43,11.75,N/A,,,,,,,0,7.80,8.00,7.60,7.70,N/A,7.78,,N,N,Y,,,,
Ashen,"Role-playing (RPG), Adventure, Indie","Action, Fantasy, Survival, Open World","Single Player, Multiplayer, Co-operative",Third Person,Digital Download,Drive 2,Unplayed,4.07,27.00,6.29,,,,,,,0,8.50,8.30,8.00,7.80,7.68,8.06,,Y,N,Y,,,,
Assassin's Creed 3 Remastered,"Role-playing (RPG), Adventure","Action, Historical, Stealth, Sandbox, Open World",Single Player,Third Person,Playstation Plus,Drive 2,Unplayed,2.96,53.50,63.25,,,,,,,0,7.80,8.00,6.90,7.20,7.02,7.38,0,Y,Y,Y,,,,
Assassin's Creed 4: Black Flag,"Platform, Adventure","Action, Fantasy, Science Fiction, Historical, Stealth, Sandbox, Open World","Single Player, Multiplayer, Co-operative",Third Person,Playstation Plus,Drive 2,Unplayed,2.88,61.00,22.95,1,,,,,,1,8.50,8.50,8.50,8.80,8.48,8.56,0,Y,Y,Y,,,,
Assassin's Creed Chronicles: China,"Platform, Role-playing (RPG), Adventure","Action, Fantasy, Historical, Stealth",Single Player,Side View,Playstation Plus,Drive 2,In-Progress,3.11,18.00,3.15,,,,,,,0,6.40,7.00,6.70,6.90,6.81,6.76,2,Y,N,N,,,,
Assassin's Creed Chronicles: India,"Platform, Adventure","Action, Fantasy, Historical, Stealth",Single Player,Side View,Playstation Plus,Drive 2,In-Progress,3.54,14.00,3.68,,,,,,,0,6.00,6.00,6.30,6.30,6.29,6.18,2,Y,N,N,,,,
Assassin's Creed Chronicles: Russia,"Platform, Adventure","Action, Fantasy, Historical, Stealth",Single Player,Side View,Playstation Plus,Drive 2,In-Progress,3.50,14.50,5.11,,,,,,,0,5.80,5.60,5.90,6.20,5.76,5.85,2,Y,N,N,,,,
Assassin's Creed Freedom Cry,Adventure,"Action, Fantasy, Historical, Stealth, Open World","Single Player, Multiplayer",Third Person,Playstation Plus,Drive 2,Unplayed,2.87,7.50,7.66,,,,,,,0,N/A,7.50,7.40,7.10,7.78,7.44,0,Y,Y,Y,,,,
Assassin's Creed Rogue Remastered,Adventure,"Action, Historical, Stealth, Open World",Single Player,Third Person,Playstation Plus,Drive 2,Unplayed,2.78,39.50,9.48,,,,,,,0,6.00,6.80,7.10,7.10,7.08,6.82,0,Y,Y,Y,,,,
Assassin's Creed: Odyssey,"Role-playing (RPG), Adventure","Action, Historical, Stealth, Open World",Single Player,Third Person,Playstation Plus,Drive 2,In-Progress,2.98,144.00,115.40,1,1,,1,,,3,9.20,8.80,8.40,8.30,8.35,8.61,4,Y,Y,Y,,,,
Assassin's Creed: Origins,"Role-playing (RPG), Adventure","Action, Historical, Stealth, Open World",Single Player,Third Person,Digital Download,Drive 2,Completed,2.97,85.00,86.75,,1,,,,,1,9.00,8.60,8.50,8.10,8.26,8.49,5,Y,Y,Y,,,,
Assassin's Creed: Syndicate,Adventure,"Action, Fantasy, Science Fiction, Historical, Stealth, Open World",Single Player,Third Person,Playstation Plus,Drive 2,Unplayed,2.81,55.00,69.04,,,,,,,0,8.20,7.20,7.70,7.60,7.77,7.69,0,Y,Y,Y,,,,
Assassin's Creed: The Ezio Collection,"Adventure, Puzzle","Action, Fantasy, Historical, Stealth, Sandbox, Open World",Single Player,Third Person,Playstation Plus,Drive 2,In-Progress,2.97,173.33,38.00,,,,,,1,1,6.00,7.10,7.40,7.20,6.91,6.92,4,Y,Y,Y,"Contains the following:
• Assassin's Creed 2
• Assassin's Creed Brotherhood
• Assassin's Creed Revelations",,,
Assassin's Creed: Unity,"Role-playing (RPG), Adventure","Action, Fantasy, Historical, Stealth, Open World","Single Player, Multiplayer, Co-operative",Third Person,Playstation Plus,Drive 2,Unplayed,2.97,79.00,55.49,,,,,,,0,7.80,7.10,7.10,7.20,6.81,7.20,0,Y,Y,Y,,,,
Assault Suit Leynos,"Shooter, Arcade","Action, Science Fiction",Single Player,Side View,Digital Download,Drive 1,Unplayed,4.16,3.00,2.33,,,,,,,0,N/A,7.00,6.90,6.70,6.67,6.82,,Y,N,Y,,,,
Assetto Corsa Competizione,"Racing, Simulator, Sport",,"Single Player, Multiplayer","First Person, Third Person, Virtual Reality",Playstation Plus,Drive 1,Unplayed,4.00,191.00,19.85,,,,,,,0,6.00,7.00,7.50,7.70,7.17,7.07,0,Y,N,N,,,,
Astalon: Tears of the Earth,"Platform, Puzzle, Adventure, Indie","Action, Fantasy",Single Player,Side View,Digital Download,Drive 4,Unplayed,3.55,44.82,0.49,,,,,,,0,7.50,8.00,8.40,8.20,N/A,8.03,,Y,N,Y,,,,
Asterigos: Curse of the Stars,"Role-playing (RPG), Adventure","Action, Fantasy, Historical",Single Player,Third Person,N/A,N/A,N/A,3.75,52.00,8.07,,,,,,,0,7.40,7.90,7.20,7.30,N/A,7.45,,N,N,Y,,,,
Asterix & Obelix Slap Them All!,"Fighting, Hack and Slash/Beat 'em up, Arcade","Action, Comedy","Single Player, Multiplayer, Co-operative",Side View,N/A,N/A,N/A,3.33,16.92,N/A,,,,,,,0,5.90,8.60,6.50,6.90,N/A,6.98,,N,N,N,,,,
Astor: Blade of the Monolith,"Role-playing (RPG), Adventure, Indie",Action,Single Player,Third Person,N/A,N/A,N/A,N/A,17.33,N/A,,,,,,,0,6.00,6.60,6.90,6.10,N/A,6.40,,N,N,N,,,,
Astral Ascent,"Platform, Adventure, Indie","Action, Fantasy","Single Player, Multiplayer, Co-operative",Side View,N/A,N/A,N/A,3.00,66.25,N/A,,,,,,,0,8.10,9.20,8.60,8.67,N/A,8.64,,N,N,N,,,,
Astria Ascending,"Role-playing (RPG), Adventure",Fantasy,Single Player,Side View,Digital Download,Drive 4,Unplayed,3.79,99.00,11.54,,,,,,,0,6.00,7.50,6.50,6.80,N/A,6.70,0,Y,N,Y,,,,
Atelier Ayesha: The Alchemist of Dusk DX,"Role-playing (RPG), Adventure",Fantasy,Single Player,Third Person,N/A,N/A,N/A,2.82,50.30,N/A,,,,,,,0,6.20,8.40,7.60,6.60,7.16,7.19,0,N,N,Y,,,,
Atelier Marie Remake: The Alchemist of Salburg,"Role-playing (RPG), Adventure",Fantasy,Single Player,Third Person,N/A,N/A,N/A,2.78,40.57,N/A,,,,,,,0,7.90,7.50,7.50,7.60,N/A,7.63,,N,N,Y,,,,
Atelier Resleriana: The Red Alchemist & The White Guardian,"Role-playing (RPG), Adventure","Fantasy, Comedy",Single Player,Third Person,N/A,N/A,N/A,3.00,55.65,N/A,,,,,,,0,N/A,8.20,7.30,7.40,N/A,7.63,0,N,N,N,,,,
Atelier Ryza 2: Lost Legends & the Secret Fairy,"Role-playing (RPG), Adventure",Fantasy,Single Player,Third Person,N/A,N/A,N/A,2.71,121.43,N/A,,,,,,,0,8.00,8.20,8.10,8.10,N/A,8.10,0,N,N,Y,,,,
Atelier Ryza: Ever Darkness and the Secret Hideout,"Role-playing (RPG), Adventure",Fantasy,Single Player,Third Person,N/A,N/A,N/A,2.77,60.50,N/A,,,,,,,0,8.10,7.70,8.00,7.50,7.80,7.82,,N,N,Y,,,,
Atelier Sophie 2: The Alchemist of the Mysterious Dream,"Role-playing (RPG), Turn-based Strategy (TBS), Adventure",Fantasy,Single Player,Third Person,N/A,N/A,N/A,3.08,104.27,N/A,,,,,,,0,8.30,8.70,8.20,8.20,N/A,8.35,0,N,N,Y,,,,
Atelier Sophie: The Alchemist of the Mysterious Book DX,"Role-playing (RPG), Adventure",Fantasy,Single Player,Third Person,N/A,N/A,N/A,2.94,84.82,N/A,,,,,,,0,7.80,7.60,7.70,7.50,7.62,7.64,0,N,N,Y,,,,
Atelier Yumia: The Alchemist of Memories & The Envisioned Land,"Role-playing (RPG), Adventure, Indie",Action,Single Player,Third Person,N/A,N/A,N/A,3.33,83.23,N/A,,,,,,,0,N/A,7.80,8.00,8.10,N/A,7.97,,N,N,Y,,,,
Athenian Rhapsody,"Puzzle, Role-playing (RPG), Simulator, Adventure, Indie","Action, Comedy",Single Player,Third Person,N/A,N/A,N/A,3.00,14.98,N/A,,,,,,,0,9.00,7.60,8.80,9.50,N/A,8.73,,N,N,N,,,,
Atom RPG,"Role-playing (RPG), Strategy, Adventure, Indie",Survival,Single Player,Bird view/Isometric,Digital Download,Drive 4,Unplayed,3.20,115.10,7.44,,,,,,,0,7.40,9.10,6.50,7.00,N/A,7.50,0,Y,N,Y,,,,
Atomfall,"Role-playing (RPG), Adventure","Action, Survival",Single Player,First Person,N/A,N/A,N/A,3.00,41.05,N/A,,,,,,,0,8.00,7.10,7.60,7.60,N/A,7.58,,N,Y,N,,,,
Atomic Heart,"Shooter, Role-playing (RPG), Adventure","Action, Open World",Single Player,First Person,N/A,N/A,N/A,3.57,36.00,47.90,,,,,,,0,8.00,7.20,7.40,7.00,N/A,7.40,,N,N,Y,,,,
ATONE: Heart of the Elder Tree,"Fighting, Puzzle, Role-playing (RPG), Adventure, Indie","Action, Fantasy",Single Player,"Bird view/Isometric, Side View",Digital Download,Drive 4,Unplayed,2.00,19.97,7.64,,,,,,,0,7.10,7.00,7.20,7.60,N/A,7.23,,Y,N,N,,,,
Attack on Titan,Hack and Slash/Beat 'em up,Action,"Single Player, Multiplayer, Co-operative",Third Person,N/A,N/A,N/A,2.98,53.00,20.35,,,,,,,0,7.30,7.30,7.50,7.40,7.48,7.40,,N,N,Y,,,,
Attack on Titan 2: Final Battle,"Shooter, Role-playing (RPG)",Action,"Single Player, Multiplayer, Co-operative",,N/A,N/A,N/A,3.85,167.10,27.00,,,,,,,0,8.40,7.30,7.70,7.50,7.20,7.62,,N,N,Y,,,,
AWAY: Journey to the Unexpected,"Shooter, Platform, Role-playing (RPG), Hack and Slash/Beat 'em up, Adventure, Indie","Action, Fantasy, Kids",Single Player,First Person,Digital Download,Drive 1,Unplayed,3.75,7.28,4.29,,,,,,,0,7.00,5.50,5.90,5.40,5.00,5.76,,Y,N,N,,,,
Away: The Survival Series,"Fighting, Platform, Simulator, Adventure, Indie","Action, Educational, Kids",Single Player,,Digital Download,Drive 4,Unplayed,4.00,17.37,13.00,,,,,,,0,6.00,7.20,4.70,5.40,N/A,5.83,,Y,N,N,,,,
Axiom Verge,"Platform, Adventure, Indie","Action, Science Fiction",Single Player,Side View,Digital Download,Drive 4,Unplayed,3.31,25.07,0.31,,,,,,,0,7.90,8.40,8.50,8.40,8.48,8.34,,Y,N,Y,,,,
Aztech Forgotten Gods,"Platform, Adventure, Indie","Action, Fantasy",Single Player,Third Person,N/A,N/A,N/A,3.00,6.12,N/A,,,,,,,0,6.00,5.60,5.60,5.80,N/A,5.75,,N,N,N,,,,
Azure Striker GUNVOLT 3,Platform,"Action, Science Fiction",Single Player,Side View,N/A,N/A,N/A,3.00,23.47,N/A,,,,,,,0,6.50,7.90,8.00,8.00,N/A,7.60,,N,N,N,,,,
Azure Striker Gunvolt: Striker Pack,"Shooter, Platform, Adventure","Action, Science Fiction, Kids",Single Player,Side View,N/A,N/A,N/A,3.13,22.97,N/A,,,,,,,0,7.80,8.20,8.50,8.20,8.30,8.20,,N,N,Y,,,,
Balan Wonderworld,Platform,Action,"Single Player, Split Screen",Third Person,N/A,N/A,N/A,2.53,48.02,N/A,,,,,,,0,4.00,5.70,4.80,5.10,N/A,4.90,,N,N,N,,,,
Balatro,"Strategy, Turn-based Strategy (TBS), Indie, Card & Board Game",,Single Player,Bird view/Isometric,N/A,N/A,N/A,4.75,327.97,N/A,,,,,,,0,9.00,9.10,9.20,9.00,N/A,9.08,,N,N,N,,,,
Baldo the Guardian Owls,"Puzzle, Role-playing (RPG), Adventure, Indie","Action, Fantasy",Single Player,"Third Person, Bird view/Isometric",N/A,N/A,N/A,4.00,79.37,2.00,,,,,,,0,4.00,6.80,5.70,5.10,N/A,5.40,0,N,N,N,,,,
Baldur's Gate and Baldur's Gate II - Enhanced Edition,"Role-playing (RPG), Strategy, Adventure",Fantasy,"Single Player, Multiplayer, Co-operative",Bird view/Isometric,Digital Download,Drive 3,Unplayed,3.43,236.00,9.15,,,,,,,0,8.70,7.70,7.60,8.10,9.17,8.25,,Y,N,N,"Contains the following:
• Baldur's Gate: Enhanced Edition
• Baldur's Gate II: Enhanced Edition",,,
Baldur's Gate: Dark Alliance,"Role-playing (RPG), Hack and Slash/Beat 'em up","Action, Fantasy","Single Player, Co-operative",Third Person,N/A,N/A,N/A,3.50,42.78,N/A,,,,,,,0,9.40,8.50,6.40,8.70,8.44,8.29,,N,N,N,,,,
Baldur's Gate: Dark Alliance II,"Role-playing (RPG), Hack and Slash/Beat 'em up, Adventure","Action, Fantasy, Historical","Single Player, Multiplayer, Co-operative",Third Person,N/A,N/A,N/A,3.67,141.93,N/A,,,,,,,0,8.40,7.60,6.20,7.80,8.12,7.62,,N,N,N,,,,
Bang-on Balls: Chronicles,"Platform, Adventure, Indie, Arcade","Action, Comedy, Sandbox, Open World","Single Player, Multiplayer, Co-operative",Third Person,Playstation Plus,Drive 4,Unplayed,2.00,25.97,9.36,,,,,,,0,7.80,8.00,8.40,8.60,N/A,8.20,,Y,N,N,,,,
Bastion,"Role-playing (RPG), Adventure, Indie","Action, Fantasy",Single Player,Bird view/Isometric,Digital Download,Drive 3,Unplayed,2.96,21.00,1.14,,,,,,,0,9.00,9.00,8.80,8.60,8.97,8.87,,Y,Y,Y,,,,
Batbarian: Testament of the Primordials,"Platform, Puzzle, Role-playing (RPG), Adventure, Indie","Action, Fantasy",Single Player,Side View,N/A,N/A,N/A,4.00,18.03,N/A,,,,,,,0,8.00,7.90,8.00,8.20,N/A,8.03,,N,N,N,,,,
Batman: Arkham Knight,"Hack and Slash/Beat 'em up, Adventure","Action, Thriller, Stealth, Open World",Single Player,Third Person,Physical Media,Drive 3,Unplayed,3.04,57.50,59.53,1,1,1,,,,3,9.20,9.20,8.60,8.70,8.83,8.91,0,Y,N,Y,,,,
Batman: Return to Arkham - Arkham Asylum,"Hack and Slash/Beat 'em up, Adventure","Action, Stealth",Single Player,Third Person,Digital Download,Drive 3,Unplayed,3.09,25.50,27.64,,,,,,,0,9.30,8.90,7.60,7.30,9.21,8.46,,Y,N,Y,,,,
Batman: Return to Arkham - Arkham City,"Hack and Slash/Beat 'em up, Adventure","Action, Stealth, Open World",Single Player,Third Person,Digital Download,Drive 3,Unplayed,3.09,45.50,39.24,,,1,,,,1,9.50,9.10,7.60,7.30,9.59,8.62,0,Y,N,Y,,,,
Batora: Lost Haven,"Shooter, Role-playing (RPG), Hack and Slash/Beat 'em up","Action, Fantasy, Science Fiction, Drama",Single Player,"Third Person, Bird view/Isometric",Digital Download,Drive 4,Unplayed,2.50,25.97,30.31,,,,,,,0,6.10,7.50,7.00,6.90,N/A,6.88,0,Y,N,Y,,,,
Battle Axe,"Hack and Slash/Beat 'em up, Adventure, Indie, Arcade","Action, Fantasy","Single Player, Co-operative",Bird view/Isometric,N/A,N/A,N/A,4.62,10.50,N/A,,,,,,,0,4.50,N/A,6.90,7.60,N/A,6.33,,N,N,N,,,,
Battle Chasers: Nightwar,"Role-playing (RPG), Strategy, Turn-based Strategy (TBS), Indie","Action, Fantasy",Single Player,"Bird view/Isometric, Side View",Playstation Plus,Drive 1,Unplayed,3.29,72.00,11.98,,,,,,,0,8.00,7.80,8.00,7.50,7.63,7.79,0,Y,N,Y,,,,
Battle Princess Madelyn,"Platform, Adventure, Indie, Arcade","Action, Fantasy",Single Player,Side View,N/A,N/A,N/A,3.80,10.35,N/A,,,,,,,0,5.00,6.60,6.60,6.50,6.34,6.21,,N,N,Y,,,,
Battlefield 1,Shooter,"Action, Historical, Warfare","Single Player, Multiplayer","First Person, Third Person",Digital Download,Drive 3,Unplayed,3.11,24.50,45.50,1,,,,,,1,9.00,8.90,8.70,8.80,8.75,8.83,0,Y,N,N,,,,
Battlefield 2042,Shooter,"Action, Warfare","Multiplayer, Co-operative, Battle Royale",First Person,Digital Download,Drive 3,Unplayed,3.60,221.52,66.89,,,,,,,0,7.00,6.90,6.50,6.80,N/A,6.80,,Y,N,N,,,,
Battlefield 4,Shooter,"Action, Warfare","Single Player, Multiplayer","First Person, Third Person",Digital Download,Drive 3,Unplayed,2.99,17.50,70.11,1,,,,,,1,8.00,8.00,7.90,8.10,8.42,8.08,0,Y,N,N,,,,
Battlefield Hardline,Shooter,"Action, Stealth, Warfare","Single Player, Multiplayer","First Person, Third Person",Digital Download,Drive 3,Unplayed,2.91,27.00,45.85,,,,,,,0,8.00,7.30,7.20,7.30,7.31,7.42,,Y,N,N,,,,
Battlefield V,Shooter,"Action, Historical, Warfare","Single Player, Multiplayer, Co-operative",First Person,Digital Download,Drive 3,Unplayed,3.03,32.00,107.79,,,,,,,0,7.50,7.70,7.90,8.10,7.43,7.73,,Y,N,N,,,,
Bayonetta,"Shooter, Hack and Slash/Beat 'em up",Action,Single Player,Third Person,Digital Download,Drive 3,Unplayed,3.49,42.00,11.89,,,,,,,0,9.50,9.10,8.50,9.00,8.56,8.93,,Y,N,Y,,,,
Beast Quest,"Role-playing (RPG), Adventure","Action, Fantasy, Sandbox",Single Player,Third Person,Digital Download,Drive 4,Unplayed,2.36,23.30,10.58,,,,,,,0,6.50,9.00,3.70,4.50,2.67,5.27,0,Y,N,Y,,,,
Beat Cop,"Point-and-click, Puzzle, Simulator, Adventure, Indie","Action, Comedy, Drama",Single Player,Side View,Digital Download,Drive 2,Unplayed,3.33,23.30,0.38,,,,,,,0,6.80,7.00,7.10,7.10,6.63,6.93,,Y,N,N,,,,
Beautiful Desolation,"Platform, Puzzle, Role-playing (RPG), Strategy, Adventure, Indie",Science Fiction,Single Player,Bird view/Isometric,Digital Download,Drive 4,Unplayed,1.78,16.83,8.94,,,,,,,0,5.30,7.00,7.00,7.60,N/A,6.73,,Y,N,N,,,,
Bedlam: The Game by Christopher Brookmyre,"Shooter, Adventure, Indie","Action, Science Fiction",Single Player,"First Person, Side View",Digital Download,Drive 1,Unplayed,3.42,8.00,4.94,,,,,,,0,6.00,5.20,6.90,5.30,5.32,5.74,0,Y,N,N,,,,
Behind the Frame,"Point-and-click, Puzzle, Simulator, Adventure, Indie","Drama, Kids",Single Player,First Person,N/A,N/A,N/A,2.75,4.33,N/A,,,,,,,0,7.80,7.80,7.80,7.30,N/A,7.68,,N,N,N,,,,
Beholder 2,"Simulator, Strategy, Adventure, Indie",Stealth,Single Player,Side View,Digital Download,Drive 4,Unplayed,3.00,31.33,2.86,,,,,,,0,6.60,9.00,8.20,7.60,N/A,7.85,,Y,N,N,,,,
Beholder: Complete Edition,"Role-playing (RPG), Simulator, Strategy, Adventure, Indie","Stealth, Drama",Single Player,Side View,Digital Download,Drive 4,Unplayed,3.75,42.17,2.30,,,,,,,0,7.10,8.00,6.70,7.40,6.48,7.14,0,Y,N,N,,,,
Below,"Role-playing (RPG), Adventure, Indie","Action, Fantasy, Survival, Open World",Single Player,"Bird view/Isometric, Side View",Digital Download,Drive 1,Unplayed,4.50,39.33,3.56,,,,,,,0,6.90,6.60,7.00,7.00,6.88,6.88,,Y,N,N,,,,
Bendy and the Ink Machine,"Puzzle, Strategy, Adventure, Indie","Action, Horror, Survival",Single Player,First Person,Digital Download,Drive 4,Unplayed,2.94,21.85,7.93,,,,,,,0,7.50,8.70,7.10,7.10,8.06,7.69,0,Y,N,Y,,,,
Bendy: Lone Wolf,"Adventure, Indie","Action, Horror",Single Player,,N/A,N/A,N/A,N/A,11.45,N/A,,,,,,,0,6.00,N/A,6.76,7.33,N/A,6.70,,N,N,N,,,,
Berserk and the Band of the Hawk,Hack and Slash/Beat 'em up,"Action, Fantasy, Horror",Single Player,Third Person,N/A,N/A,N/A,3.00,108.58,21.00,,,,,,,0,6.30,6.70,6.70,6.60,6.75,6.61,,N,N,Y,,,,
Besiege,"Puzzle, Simulator, Strategy, Indie","Action, Historical, Sandbox, Warfare","Single Player, Multiplayer, Co-operative","Third Person, Bird view/Isometric",N/A,N/A,N/A,3.00,41.60,N/A,,,,,,,0,7.00,8.50,7.80,6.80,N/A,7.53,,N,N,N,,,,
Beyond Blue,"Simulator, Adventure, Indie","Action, Kids",Single Player,Third Person,Digital Download,Drive 4,Unplayed,2.00,11.43,12.23,,,,,,,0,7.20,7.00,7.20,7.20,N/A,7.15,,Y,N,N,,,,
Beyond Galaxyland,"Role-playing (RPG), Adventure",Action,Single Player,Side View,N/A,N/A,N/A,N/A,15.00,1.20,,,,,,,0,7.00,9.00,8.20,7.80,N/A,8.00,,N,N,N,,,,
Beyond Good and Evil - 20th Anniversary Edition,"Shooter, Puzzle, Adventure","Action, Science Fiction, Stealth, Open World",Single Player,"First Person, Third Person",Digital Download,Drive 3,Unplayed,3.13,13.00,19.33,,,,,,,0,9.00,9.10,8.00,7.90,8.71,8.54,,Y,N,N,,,,
Beyond the Ice Palace 2,"Fighting, Platform, Adventure",Action,Single Player,Side View,N/A,N/A,N/A,3.00,9.00,N/A,,,,,,,0,N/A,N/A,7.56,6.80,N/A,7.18,,N,N,N,,,,
Beyond Two Souls,Adventure,"Action, Science Fiction, Thriller, Drama","Single Player, Multiplayer, Co-operative",Third Person,Playstation Plus,Drive 1,Unplayed,2.08,27.50,34.07,,,,,,,0,6.00,6.60,7.10,7.00,7.29,6.80,0,Y,N,N,,,,
Bilkins' Folly,"Puzzle, Adventure",Open World,Single Player,Bird view/Isometric,N/A,N/A,N/A,N/A,32.00,N/A,,,,,,,0,7.00,N/A,7.60,7.60,N/A,7.40,,N,N,N,,,,
Bioshock Infinite: The Complete Edition,"Shooter, Adventure","Action, Fantasy, Science Fiction, Horror, Historical, Drama",Single Player,First Person,Digital Download,Drive 2,Unplayed,3.07,28.00,38.47,,,,,,,0,9.40,9.30,7.60,9.40,N/A,8.93,,Y,N,N,,,,
Bioshock: The Collection,"Shooter, Role-playing (RPG), Puzzle, Adventure","Action, Fantasy, Science Fiction, Horror, Historical, Stealth, Open World",Single Player,First Person,Digital Download,Drive 2,Unplayed,3.07,139.30,29.03,,,,,,,0,8.20,8.40,8.40,8.40,8.34,8.35,,Y,N,Y,"Contains the following:
• Bioshock
• Bioshock 2",,,
Black Clover: Quartet Knights Deluxe Edition,"Fighting, Shooter, Role-playing (RPG), Adventure","Action, Fantasy","Single Player, Multiplayer",Third Person,N/A,N/A,N/A,3.33,14.83,N/A,,,,,,,0,6.50,7.00,5.70,5.30,6.50,6.20,,N,N,Y,,,,
Black Mirror,"Point-and-click, Adventure","Horror, Thriller, Mystery",Single Player,Third Person,Digital Download,Drive 4,Unplayed,2.61,9.15,9.67,,,,,,,0,5.80,2.50,5.60,5.40,5.77,5.01,,Y,N,N,,,,
Black Skylands,"Shooter, Role-playing (RPG), Simulator, Adventure, Indie","Action, Science Fiction, Survival, Sandbox, Open World",Single Player,Bird view/Isometric,Digital Download,Drive 2,Unplayed,2.33,19.00,3.82,,,,,,,0,7.30,8.00,7.70,8.70,N/A,7.93,,Y,N,N,,,,
Black the Fall,"Platform, Puzzle, Adventure, Indie","Action, Science Fiction, Horror, Historical, Stealth",Single Player,Side View,Digital Download,Drive 4,Unplayed,3.60,6.20,1.32,,,,,,,0,6.50,7.10,7.00,7.20,6.81,6.92,,Y,N,N,,,,
Blacksad: Under the Skin,"Puzzle, Adventure","Action, Fantasy, Thriller, Drama, Mystery",Single Player,Third Person,Digital Download,Drive 2,Unplayed,2.45,18.00,26.70,,,,,,,0,6.90,6.60,6.20,6.50,N/A,6.55,,Y,N,N,,,,
Blackwood Crossing,"Adventure, Indie","Fantasy, Drama",Single Player,First Person,Digital Download,Drive 4,Unplayed,1.85,3.00,4.28,,,,,,,0,5.30,7.80,7.40,7.10,7.17,6.95,,Y,N,N,,,,
Blade of Darkness,"Fighting, Role-playing (RPG), Hack and Slash/Beat 'em up, Adventure","Action, Fantasy",Single Player,Third Person,Digital Download,Drive 4,Unplayed,3.00,37.85,2.51,,,,,,,0,8.80,8.00,7.00,7.50,N/A,7.83,,Y,N,N,,,,
Blade of Darkness,"Fighting, Role-playing (RPG), Hack and Slash/Beat 'em up, Adventure","Action, Fantasy",Single Player,Third Person,N/A,N/A,N/A,3.00,37.48,1.37,,,,,,,0,8.80,8.00,7.00,7.50,7.56,7.77,,N,N,N,,,,
Blade Runner: Enhanced Edition,"Point-and-click, Adventure","Science Fiction, Mystery",Single Player,"Third Person, Side View",Digital Download,Drive 1,Unplayed,3.00,46.38,14.32,,,,,,,0,7.80,8.50,5.60,5.20,N/A,6.78,0,Y,N,N,,,,
Bladed Fury,"Platform, Role-playing (RPG), Strategy, Hack and Slash/Beat 'em up, Adventure, Indie",Action,Single Player,Side View,Digital Download,Drive 4,Unplayed,3.67,8.00,3.70,,,,,,,0,7.10,6.50,7.00,7.40,7.50,7.10,,Y,N,Y,,,,
Blair Witch,"Adventure, Indie","Action, Horror, Thriller, Survival",Single Player,First Person,Digital Download,Drive 2,Unplayed,2.71,10.00,21.42,,,,,,,0,8.80,7.20,6.80,6.90,6.70,7.28,,Y,N,N,,,,
Blasphemous,"Platform, Role-playing (RPG), Hack and Slash/Beat 'em up, Adventure, Indie","Action, Fantasy",Single Player,Side View,Digital Download,Drive 4,Unplayed,3.51,29.00,7.86,,,,,,,0,7.00,7.80,8.00,7.70,7.80,7.66,0,Y,Y,Y,Removed from PS+ after download.,,,
Blasphemous 2,"Platform, Role-playing (RPG), Hack and Slash/Beat 'em up, Adventure, Indie","Action, Fantasy",Single Player,Side View,N/A,N/A,N/A,4.20,98.82,N/A,,,,,,,0,8.00,8.90,8.40,8.40,N/A,8.43,,N,N,Y,,,,
Blazing Chrome,"Shooter, Platform, Indie, Arcade","Action, Science Fiction","Single Player, Multiplayer, Co-operative",Side View,Digital Download,Drive 4,Unplayed,3.93,13.10,0.26,,,,,,,0,7.40,7.70,8.00,7.60,7.44,7.63,,Y,N,Y,,,,
Blazing Trail,"Shooter, Racing, Indie, Arcade",Action,"Single Player, Multiplayer, Co-operative",,N/A,N/A,N/A,N/A,N/A,N/A,,,,,,,0,N/A,N/A,5.70,3.00,N/A,4.35,,N,N,N,,,,
Blightbound,"Fighting, Role-playing (RPG), Hack and Slash/Beat 'em up, Adventure, Indie","Action, Fantasy","Single Player, Multiplayer, Co-operative","Third Person, Side View",Digital Download,Drive 2,Unplayed,3.67,40.00,2.55,,,,,,,0,4.00,6.50,6.10,5.90,N/A,5.63,0,Y,N,N,,,,
Blood Omen 2: The Legacy of Kain Series,Adventure,"Action, Horror",Single Player,Third Person,Playstation Plus,Drive 2,Unplayed,3.00,14.50,8.51,,,,,,,0,7.30,7.60,N/A,7.60,7.30,7.45,,Y,N,N,,,,
Blood Omen Legacy of Kain,"Hack and Slash/Beat 'em up, Adventure","Action, Fantasy, Horror",Single Player,Bird view/Isometric,Playstation Plus,Drive 2,Unplayed,3.50,16.00,2.82,,,,,,,0,8.30,8.50,6.00,N/A,8.33,7.78,,Y,N,N,,,,
Blood Waves,"Shooter, Strategy, Indie",Action,Single Player,,Digital Download,Drive 4,Unplayed,N/A,12.10,3.19,,,,,,,0,9.00,5.00,2.70,3.23,N/A,4.98,0,Y,N,Y,,,,
Bloodborne,"Role-playing (RPG), Adventure","Action, Fantasy, Horror, Open World","Single Player, Multiplayer",Third Person,Digital Download,Drive 1,In-Progress,4.13,76.00,36.50,1,1,,1,,,3,9.10,9.10,9.10,9.20,9.05,9.11,3,Y,N,Y,Incredibly difficult,,,
Bloodhound,"Shooter, Indie","Action, Horror",Single Player,First Person,N/A,N/A,N/A,3.00,2.33,N/A,,,,,,,0,N/A,3.90,5.50,5.40,N/A,4.93,,N,N,N,,,,
BloodRayne 2: Revamped,"Hack and Slash/Beat 'em up, Adventure","Action, Horror",Single Player,Third Person,N/A,N/A,N/A,4.00,12.22,N/A,,,,,,,0,6.80,6.40,6.30,7.10,7.13,6.75,,N,N,N,,,,
BloodRayne Betrayal: Fresh Bites,"Hack and Slash/Beat 'em up, Adventure","Action, Fantasy, Horror, Thriller",Single Player,Third Person,N/A,N/A,N/A,3.67,9.57,N/A,,,,,,,0,9.00,6.50,6.40,6.60,6.74,7.05,,N,N,Y,,,,
BloodRayne: Revamped,"Hack and Slash/Beat 'em up, Adventure","Action, Horror",Single Player,Third Person,N/A,N/A,N/A,4.00,18.53,N/A,,,,,,,0,7.80,7.80,5.90,7.60,6.89,7.20,0,N,N,N,,,,
Bloodroots,"Platform, Adventure, Indie, Arcade",Action,Single Player,Bird view/Isometric,N/A,N/A,N/A,3.00,9.97,N/A,,,,,,,0,8.00,8.30,7.80,7.50,N/A,7.90,,N,N,N,,,,
Bloodstained: Curse of the Moon 2,"Platform, Adventure","Action, Fantasy","Single Player, Multiplayer, Co-operative",Side View,N/A,N/A,N/A,3.77,18.65,N/A,,,,,,,0,7.80,7.90,8.10,8.20,N/A,8.00,,N,N,Y,,,,
Bloodstained: Ritual of the Night,"Platform, Role-playing (RPG), Adventure","Action, Fantasy, Horror","Single Player, Multiplayer, Co-operative",Side View,N/A,N/A,Removed,3.05,35.50,17.07,,,,,,1,1,8.80,8.20,8.30,8.30,8.33,8.39,0,N,N,Y,Removed after download from PS+,,,
Bloody Rally Show,"Racing, Simulator, Sport, Indie, Arcade","Action, Science Fiction, Sandbox","Single Player, Co-operative, Split Screen",Bird view/Isometric,Digital Download,Drive 4,Unplayed,5.00,3.42,0.21,,,,,,,0,8.40,6.40,5.60,5.00,N/A,6.35,,Y,N,N,,,,
Bloomtown: A Different Story,"Role-playing (RPG), Adventure, Indie",Fantasy,Single Player,Side View,N/A,N/A,N/A,3.33,41.22,N/A,,,,,,,0,7.10,6.60,7.60,7.60,N/A,7.23,,N,N,Y,,,,
Blue Fire,"Platform, Role-playing (RPG), Hack and Slash/Beat 'em up, Adventure, Indie","Action, Fantasy",Single Player,Third Person,N/A,N/A,N/A,3.62,30.67,7.00,,,,,,,0,8.00,7.40,7.10,7.10,N/A,7.40,,N,N,Y,,,,
Blue Reflection,Role-playing (RPG),Fantasy,Single Player,Third Person,N/A,N/A,N/A,2.25,56.73,N/A,,,,,,,0,8.00,6.80,6.80,6.60,6.98,7.04,,N,N,Y,,,,
Blue Reflection: Second Light,Role-playing (RPG),Fantasy,Single Player,Third Person,N/A,N/A,N/A,2.63,73.42,11.72,,,,,,,0,8.00,7.90,8.00,7.70,6.98,7.72,,N,N,Y,,,,
Bomb Chicken,"Platform, Puzzle, Adventure, Indie","Action, Fantasy",Single Player,Side View,Digital Download,Drive 1,Unplayed,4.00,7.27,0.30,,,,,,,0,6.70,7.30,7.70,7.70,7.61,7.40,,Y,N,N,,,,
Bomb Rush Cyberfunk,"Platform, Role-playing (RPG), Sport, Adventure, Indie","Action, Science Fiction",Single Player,Third Person,Playstation Plus,Drive 4,Unplayed,3.88,24.00,2.49,,,,,,,0,8.50,8.30,7.80,7.60,N/A,8.05,,Y,N,N,,,,
Bonfire Peaks,"Puzzle, Adventure, Indie",,Single Player,,N/A,N/A,N/A,4.00,48.67,N/A,,,,,,,0,N/A,8.10,8.10,8.10,N/A,8.10,,N,N,N,,,,
Book of Demons,"Role-playing (RPG), Adventure, Indie",Action,Single Player,Bird view/Isometric,Digital Download,Drive 1,Unplayed,4.00,78.85,0.92,,,,,,,0,7.30,9.00,7.60,7.20,7.71,7.76,,Y,N,Y,,,,
Borderlands Handsome Collection,"Shooter, Role-playing (RPG)","Action, Science Fiction, Comedy, Sandbox, Open World","Single Player, Multiplayer, Co-operative, Split Screen",First Person,Digital Download,Drive 3,Unplayed,3.12,612.50,50.16,,,,,,1,1,8.40,8.40,8.10,8.20,8.40,8.30,0,Y,Y,Y,"Contains the following:
• Borderlands 2
• Borderlands: The Pre-Sequel",,,
Borderlands: Game of the Year Edition,"Shooter, Role-playing (RPG)","Action, Sandbox, Open World","Single Player, Multiplayer, Co-operative, Split Screen",First Person,Digital Download,Drive 3,Unplayed,2.99,79.00,12.45,,,,,,,0,7.60,8.10,7.70,7.60,7.58,7.72,,Y,Y,Y,,,,
Boti Byteland Overclocked,"Platform, Puzzle, Adventure, Indie, Arcade","Action, Science Fiction","Single Player, Multiplayer, Co-operative",Third Person,N/A,N/A,N/A,2.00,10.00,N/A,,,,,,,0,7.00,6.70,6.60,6.30,N/A,6.65,,N,N,N,,,,
Bound,"Platform, Puzzle, Adventure","Action, Fantasy, Drama, Mystery",Single Player,"Third Person, Virtual Reality",Playstation Plus,Drive 3,Unplayed,1.82,21.95,1.96,,,,,,,0,7.00,7.20,7.20,7.10,7.13,7.13,0,Y,N,N,,,,
Bound by Flame,"Role-playing (RPG), Adventure","Action, Fantasy",Single Player,Third Person,Digital Download,Drive 2,Unplayed,3.76,22.00,4.78,,,,,,,0,7.00,5.70,5.60,5.60,5.75,5.93,,Y,N,Y, ,,,
Boundless,"Role-playing (RPG), Adventure, Indie","Action, Science Fiction, Sandbox, Open World","Multiplayer, Co-operative, Massively Multiplayer Online (MMO)",First Person,N/A,N/A,N/A,4.25,N/A,N/A,,,,,,,0,7.80,8.00,7.40,6.83,N/A,7.51,,N,N,N,,,,
BPM: Bullets per Minute,"Shooter, Music, Adventure, Indie, Arcade",Action,Single Player,First Person,N/A,N/A,N/A,4.00,117.60,N/A,,,,,,,0,7.50,7.80,7.40,7.40,N/A,7.53,,N,N,N,,,,
Braid: Anniversary Edition,"Platform, Puzzle, Adventure, Indie","Action, Fantasy",Single Player,Side View,N/A,N/A,N/A,4.00,24.35,N/A,,,,,,,0,7.80,9.00,8.90,8.60,N/A,8.58,,N,N,N,,,,
Bramble: The Mountain King,"Platform, Puzzle, Adventure, Indie","Action, Fantasy, Horror, Survival",Single Player,Third Person,Digital Download,Drive 4,Unplayed,4.00,8.00,13.18,,,,,,,0,7.90,6.80,7.90,8.00,N/A,7.65,,Y,N,N,,,,
Breach & Clear: Deadline,"Role-playing (RPG), Strategy",Action,"Single Player, Multiplayer, Co-operative",Bird view/Isometric,Digital Download,Drive 1,Unplayed,3.67,28.00,2.29,,,,,,,0,N/A,5.50,6.50,6.20,5.75,5.99,,Y,N,N,,,,
Breathedge,"Role-playing (RPG), Simulator, Adventure, Indie","Action, Science Fiction, Survival, Open World",Single Player,First Person,Digital Download,Drive 2,Unplayed,3.00,35.00,9.52,,,,,,,0,7.10,8.20,6.90,7.10,N/A,7.33,,Y,N,N,,,,
Broforce,"Shooter, Platform, Indie, Arcade","Action, Science Fiction, Comedy","Single Player, Multiplayer, Co-operative",Side View,Digital Download,Drive 1,Unplayed,3.42,67.35,0.45,,,,,,,0,8.80,7.20,7.90,8.30,6.46,7.73,,Y,N,N,,,,
Broken Age,"Point-and-click, Puzzle, Adventure, Indie","Fantasy, Comedy, Science Fiction",Single Player,Side View,N/A,N/A,N/A,3.03,14.00,2.20,,,,,,,0,9.20,7.70,7.90,8.10,8.26,8.23,,N,N,N,,,,
Broken Sword - Shadow of the Templar: Reforged,"Point-and-click, Puzzle, Adventure, Indie","Fantasy, Thriller, Historical, Comedy, Kids, Mystery",Single Player,"Third Person, Side View",Playstation Plus,Drive 4,Unplayed,2.67,14.95,7.52,,,,,,,0,7.60,7.80,8.50,8.40,8.08,8.08,0,Y,N,N,,,,
Broken Sword 5 - The Serpent's Curse,"Point-and-click, Puzzle, Role-playing (RPG), Adventure","Fantasy, Historical",Single Player,"Third Person, Side View",N/A,N/A,N/A,3.21,20.83,N/A,,,,,,,0,N/A,7.10,7.40,7.20,7.36,7.26,0,N,N,N,,,,
Brothers: A Tale of Two Sons,"Puzzle, Adventure, Indie","Action, Fantasy, Stealth, Drama","Single Player, Co-operative",Third Person,N/A,N/A,N/A,2.19,5.00,5.00,,,,,,,0,8.20,8.30,7.70,8.60,7.94,8.15,,N,N,Y,,,,
Bud Spencer & Terence Hill - Slaps and Beans,"Fighting, Hack and Slash/Beat 'em up, Adventure, Indie, Arcade",Action,"Single Player, Multiplayer, Co-operative",Side View,Digital Download,Drive 1,Unplayed,2.88,5.62,2.33,,,,,,,0,6.50,7.10,6.80,6.30,N/A,6.68,,Y,N,N,,,,
Bug Fables: The Everlasting Sapling,"Role-playing (RPG), Turn-based Strategy (TBS), Adventure, Indie","Action, Fantasy, Science Fiction",Single Player,Third Person,Digital Download,Drive 4,Unplayed,3.20,73.75,0.48,,,,,,,0,8.20,9.00,8.50,7.90,N/A,8.40,0,Y,N,Y,,,,
Bugsnax,"Puzzle, Adventure, Indie","Action, Comedy, Mystery",Single Player,First Person,N/A,N/A,N/A,2.37,15.00,6.62,,,,,,,0,8.00,7.60,7.50,7.50,N/A,7.65,3,N,N,N,Removed from PS+ after download.,,,
Bulb Boy,"Point-and-click, Puzzle, Adventure, Indie",Horror,Single Player,Side View,N/A,N/A,N/A,2.00,5.83,N/A,,,,,,,0,6.50,8.30,7.50,7.50,8.13,7.59,0,N,N,N,,,,
Bulletstorm: Full Clip Edition,"Shooter, Adventure","Action, Science Fiction, Comedy","Single Player, Multiplayer, Co-operative",First Person,Digital Download,Drive 4,Unplayed,2.94,17.50,24.42,,,,,,,0,7.80,7.70,7.50,7.50,7.44,7.59,,Y,N,Y,Removed from PS+ after download.,,,
Bully,Adventure,"Action, Comedy, Sandbox, Open World","Single Player, Multiplayer",Third Person,Digital Download,Drive 1,Unplayed,2.75,30.00,2.61,,,,,,,0,8.90,9.20,N/A,8.70,N/A,8.93,0,Y,Y,N,,,,
Bulwark: Falconeer Chronicles,"Real Time Strategy (RTS), Simulator, Strategy, Indie","Fantasy, Science Fiction, Sandbox, Open World, 4X",Single Player,Bird view/Isometric,N/A,N/A,N/A,2.00,16.47,N/A,,,,,,,0,6.00,8.50,7.40,6.90,N/A,7.20,0,N,N,N,,,,
Burnout Paradise Remastered,"Racing, Adventure","Action, Open World","Single Player, Multiplayer",Third Person,Digital Download,Drive 2,Unplayed,2.95,37.00,7.85,,,,,,,0,7.90,8.40,7.80,8.20,8.19,8.10,,Y,N,Y,,,,
BUTCHER,"Shooter, Platform, Indie, Arcade","Action, Science Fiction",Single Player,Side View,N/A,N/A,N/A,3.82,22.00,N/A,,,,,,,0,7.50,7.20,7.10,7.10,6.93,7.17,,N,N,Y,,,,
Call of Cthulhu,"Role-playing (RPG), Adventure","Action, Horror, Thriller",Single Player,First Person,Playstation Plus,Drive 1,Unplayed,2.22,14.00,14.27,,,,,,,0,8.60,6.50,6.70,6.30,6.45,6.91,,Y,N,Y,,,,
Call of Duty 4: Modern Warfare,"Shooter, Simulator","Action, Stealth, Warfare","Single Player, Multiplayer, Co-operative, Split Screen",First Person,N/A,N/A,N/A,2.96,16.50,15.56,,,,,,,0,8.20,8.80,8.10,9.40,9.35,8.77,,N,N,N,,,,
Call of Duty: Advanced Warfare,Shooter,"Action, Science Fiction, Warfare","Single Player, Multiplayer, Co-operative, Split Screen",First Person,N/A,N/A,N/A,2.84,18.00,42.50,,,,,,,0,9.10,8.00,8.10,8.10,8.35,8.33,0,N,N,N,,,,
Call of Duty: Black Ops Cold War,Shooter,"Action, Warfare","Single Player, Multiplayer, Co-operative, Split Screen",First Person,N/A,N/A,N/A,3.02,15.00,96.00,,,,,,,0,7.00,7.70,7.50,7.60,N/A,7.45,0,N,N,N,,,,
Call of Duty: Black Ops III,"Shooter, Adventure","Action, Science Fiction, Warfare","Single Player, Multiplayer, Co-operative, Split Screen",First Person,N/A,N/A,N/A,2.98,85.00,42.00,,,,,,,0,9.20,7.70,7.90,8.10,8.32,8.24,,N,N,N,,,,
Call of Duty: Ghosts,Shooter,"Action, Science Fiction, Thriller, Survival, Stealth, Warfare","Single Player, Multiplayer, Co-operative",First Person,N/A,N/A,N/A,2.76,13.00,33.00,,,,,,,0,8.80,7.40,7.20,7.80,7.83,7.81,0,N,N,N,,,,
Call of Duty: Infinite Warfare,"Shooter, Adventure","Action, Science Fiction, Warfare","Single Player, Multiplayer, Co-operative, Split Screen",First Person,N/A,N/A,N/A,2.86,16.00,46.00,,,,,,,0,7.70,7.70,7.50,7.70,7.78,7.68,,N,N,N,,,,
Call of Duty: Modern Warfare II,Shooter,"Action, Warfare","Single Player, Multiplayer, Co-operative, Split Screen","First Person, Third Person",N/A,N/A,N/A,3.50,29.50,65.99,,,,,,1,1,8.00,8.00,7.50,7.50,N/A,7.75,0,N,N,N,,,,
Call of Duty: Modern Warfare III,Shooter,"Action, Stealth, Warfare","Single Player, Multiplayer, Co-operative",First Person,Playstation Plus,Drive 4,Unplayed,3.67,18.50,60.25,,,,,,,0,6.00,6.20,5.80,5.60,N/A,5.90,,Y,Y,N,,,,
Call of Duty: Vanguard,Shooter,"Action, Warfare","Single Player, Multiplayer, Co-operative, Split Screen",Third Person,N/A,N/A,N/A,3.00,134.60,50.00,,,,,,,0,7.00,7.50,7.20,7.30,N/A,7.25,0,N,N,N,,,,
Call of Duty: WWII,Shooter,"Action, Historical, Warfare","Single Player, Multiplayer, Co-operative, Split Screen",First Person,N/A,N/A,N/A,2.99,18.00,99.00,,,,,,,0,8.00,7.50,7.80,7.90,8.10,7.86,0,N,N,N,,,,
Call of Sentinels,"Role-playing (RPG), Adventure, Indie",Action,Single Player,Bird view/Isometric,N/A,N/A,N/A,3.00,N/A,N/A,,,,,,,0,N/A,N/A,7.00,N/A,N/A,7.00,,N,N,N,,,,
Call of the Sea,"Puzzle, Adventure, Indie","Historical, Mystery",Single Player,First Person,Playstation Plus,Drive 1,Unplayed,2.25,8.00,5.61,,,,,,,0,9.00,7.30,7.70,7.50,N/A,7.88,,Y,N,Y,,,,
Call of the Wild: The Angler,"Simulator, Sport, Adventure","Sandbox, Open World","Single Player, Multiplayer, Co-operative",First Person,N/A,N/A,N/A,3.00,40.00,N/A,,,,,,,0,7.90,6.60,6.30,6.30,N/A,6.78,,N,N,N,,,,
Calvino Noir,"Strategy, Adventure, Indie",Action,Single Player,,N/A,N/A,N/A,3.71,7.27,N/A,,,,,,,0,6.00,7.00,4.90,4.40,4.56,5.37,,N,N,N,,,,
Candleman,"Platform, Puzzle, Role-playing (RPG), Adventure",Action,Single Player,Side View,N/A,N/A,N/A,3.50,10.97,N/A,,,,,,,0,7.00,7.70,7.70,7.80,7.67,7.57,,N,N,N,,,,
Cannibal Abduction,"Puzzle, Adventure, Indie","Action, Horror",Single Player,,N/A,N/A,N/A,2.00,3.00,N/A,,,,,,,0,7.00,N/A,6.80,6.00,N/A,6.60,,N,N,N,,,,
Captain Blood,"Shooter, Hack and Slash/Beat 'em up, Adventure","Action, Historical",Single Player,Third Person,N/A,N/A,N/A,4.00,7.45,N/A,,,,,,,0,4.80,4.80,4.80,5.00,N/A,4.85,,N,N,Y,,,,
Captain Tsubasa: Rise of New Champions,"Role-playing (RPG), Sport, Arcade",Action,"Single Player, Multiplayer, Co-operative","Third Person, Side View",Playstation Plus,Drive 4,Unplayed,3.24,72.13,23.03,,,,,,,0,7.20,7.80,7.20,6.90,N/A,7.28,,Y,N,Y,,,,
Carmageddon: Max Damage,Racing,"Action, Horror","Single Player, Multiplayer",Third Person,N/A,N/A,N/A,3.06,44.85,5.45,,,,,,,0,5.40,5.30,5.20,5.10,5.09,5.22,0,N,N,Y,,,,
Carrion,"Platform, Adventure, Indie","Action, Science Fiction, Horror",Single Player,Side View,Digital Download,Drive 2,Unplayed,2.57,7.00,0.46,,,,,,,0,7.00,7.50,7.60,7.50,N/A,7.40,,Y,N,N,,,,
Casey Powell Lacrosse 16,"Simulator, Sport","Action, Non-fiction","Single Player, Multiplayer, Co-operative",Third Person,Digital Download,Drive 1,Unplayed,2.71,4.00,4.57,,,,,,,0,N/A,6.00,6.50,6.00,6.86,6.34,0,Y,N,N,,,,
Castaway Paradise,"Role-playing (RPG), Simulator, Adventure, Indie","Comedy, Educational",Single Player,Bird view/Isometric,N/A,N/A,N/A,2.67,42.18,N/A,,,,,,,0,5.00,8.00,6.20,6.60,6.60,6.48,,N,N,N,,,,
Castle Crashers Remastered,"Role-playing (RPG), Hack and Slash/Beat 'em up, Adventure, Indie, Arcade","Action, Comedy","Single Player, Multiplayer, Co-operative",Side View,Digital Download,Drive 3,Unplayed,3.24,37.50,0.25,,,,,,1,1,8.10,8.00,7.80,8.30,N/A,8.05,0,Y,N,Y,,,,
Castlevania Advance Collection,"Platform, Role-playing (RPG), Adventure","Action, Horror",Single Player,Side View,Digital Download,Drive 2,Unplayed,3.21,52.30,0.68,,,,,,,0,8.70,8.60,8.30,8.30,N/A,8.48,,Y,N,N,"Contains the following:
• Castlevania: Circle of the Moon
• Castlevania: Harmony of Dissonance
• Castlevania: Aria of Sorrow
• Castlevania: Dracula X",,,
Castlevania Requiem,Platform,"Action, Fantasy",Single Player,Side View,Digital Download,Drive 2,Unplayed,3.34,15.50,1.33,,,,,,1,1,9.50,9.20,7.50,7.40,7.54,8.23,0,Y,N,Y,"Contains the following:
• Castlevania: Symphony of the Night
• Castlevania: Rondo of Blood",,,
Castlevania: Harmony of Despair,"Platform, Adventure","Action, Horror, Historical","Single Player, Multiplayer, Co-operative",,PS+ Stream,Online Stream,Unplayed,3.62,32.13,N/A,,,,,,,0,7.50,6.80,N/A,6.70,6.69,6.92,,Y,N,N,,,,
Castlevania: Lords of Shadow,"Hack and Slash/Beat 'em up, Adventure","Action, Fantasy, Horror",Single Player,Third Person,PS+ Stream,Online Stream,Unplayed,3.29,61.85,N/A,,,,,,,0,7.50,8.30,7.70,8.30,8.29,8.02,,Y,N,N,,,,
Castlevania: Lords of Shadow – Mirror of Fate HD,"Platform, Adventure","Action, Fantasy",Single Player,Side View,PS+ Stream,Online Stream,Unplayed,3.00,23.02,N/A,,,,,,,0,4.70,7.10,7.50,7.20,6.38,6.58,,Y,N,N,,,,
Castlevania: Lords of Shadow 2,"Hack and Slash/Beat 'em up, Adventure","Action, Fantasy, Horror, Open World",Single Player,Third Person,PS+ Stream,Online Stream,Unplayed,3.06,59.85,N/A,,,,,,,0,6.50,6.30,6.10,6.30,6.43,6.33,,Y,N,N,,,,
Cat Quest,"Role-playing (RPG), Adventure, Indie","Action, Fantasy",Single Player,Third Person,Playstation Plus,Drive 2,Unplayed,2.26,28.68,0.67,,,,,,,0,7.30,8.30,7.60,7.40,7.00,7.52,,Y,N,Y,,,,
Cat Quest II,"Role-playing (RPG), Adventure, Indie","Action, Fantasy, Kids, Open World","Single Player, Multiplayer, Co-operative","Third Person, Bird view/Isometric",Playstation Plus,Drive 2,Unplayed,2.71,23.38,1.22,,,,,,,0,7.70,7.80,7.70,7.60,8.00,7.76,,Y,N,Y,,,,
Cathedral,"Platform, Adventure, Indie","Action, Fantasy",Single Player,Side View,Digital Download,Drive 4,Unplayed,3.25,38.17,0.40,,,,,,,0,8.30,7.00,7.20,7.10,N/A,7.40,,Y,N,N,,,,
Catherine: Full Body,"Platform, Puzzle, Simulator, Strategy, Adventure","Action, Horror, Comedy, Drama, Mystery, Romance","Single Player, Multiplayer","Third Person, Side View",Digital Download,Drive 4,Unplayed,3.40,147.50,13.37,,,,,,,0,8.80,8.50,8.10,8.10,7.86,8.27,0,Y,N,Y,,,,
Caveman Warriors,"Platform, Adventure, Indie, Arcade","Action, Comedy","Single Player, Multiplayer, Co-operative",Side View,N/A,N/A,N/A,4.00,10.00,N/A,,,,,,,0,6.50,5.00,5.60,5.20,5.56,5.57,,N,N,Y,,,,
Celeste,"Platform, Adventure, Indie","Action, Fantasy",Single Player,Side View,Playstation Plus,Drive 1,Unplayed,4.18,37.50,1.63,,,,,,1,1,10.00,9.10,9.20,9.20,8.43,9.19,0,Y,N,Y,,,,
Chained Echoes,"Role-playing (RPG), Strategy, Turn-based Strategy (TBS), Adventure, Indie","Action, Fantasy",Single Player,Third Person,N/A,N/A,N/A,3.53,89.30,0.75,,,,,,,0,8.60,9.10,9.00,9.00,N/A,8.93,0,N,N,Y,,,,
Chants of Sennaar,"Point-and-click, Puzzle, Adventure, Indie","Fantasy, Stealth, Mystery",Single Player,Bird view/Isometric,N/A,N/A,N/A,3.50,11.00,1.00,,,,,,,0,8.60,8.00,8.20,8.60,N/A,8.35,,N,N,N,,,,
Chasm,"Platform, Role-playing (RPG), Adventure, Indie","Action, Fantasy",Single Player,Side View,Digital Download,Drive 4,Unplayed,3.31,44.08,0.94,,,,,,,0,7.00,7.00,7.20,7.20,6.67,7.01,,Y,N,Y,,,,
Chicory: A Colorful Tale,"Puzzle, Role-playing (RPG), Adventure, Indie","Action, Fantasy, Sandbox, Kids","Single Player, Multiplayer, Co-operative",Bird view/Isometric,N/A,N/A,N/A,2.70,31.28,N/A,,,,,,,0,9.00,9.20,8.70,9.00,N/A,8.98,,N,N,N,,,,
Child of Light,"Platform, Role-playing (RPG), Adventure",Fantasy,"Single Player, Multiplayer, Co-operative",Side View,Playstation Plus,Drive 2,Unplayed,2.82,15.50,2.29,,,,,,,0,9.30,8.80,8.30,8.20,8.32,8.58,,Y,N,Y,,,,
Children of Morta,"Role-playing (RPG), Adventure, Indie","Action, Fantasy","Single Player, Multiplayer, Co-operative",Bird view/Isometric,Playstation Plus,Drive 1,Unplayed,3.30,27.50,3.19,,,,,,,0,7.80,8.30,8.30,8.20,7.75,8.07,0,Y,N,Y,,,,
Chocobo’s Mystery Dungeon Every Buddy!,"Role-playing (RPG), Adventure","Action, Fantasy",Single Player,"Third Person, Bird view/Isometric",N/A,N/A,N/A,3.41,131.38,N/A,,,,,,,0,7.60,7.50,7.40,6.90,7.53,7.39,,N,N,Y,,,,
Choo-Choo Charles,"Shooter, Adventure, Indie","Action, Horror, Survival, Open World",Single Player,First Person,N/A,N/A,N/A,2.00,8.63,N/A,,,,,,,0,4.00,7.00,5.70,5.60,N/A,5.58,,N,N,N,,,,
Chorus,"Shooter, Adventure, Indie, Arcade","Action, Science Fiction",Single Player,Third Person,Digital Download,Drive 4,Unplayed,2.78,23.00,50.94,,,,,,,0,8.00,7.50,7.40,7.30,N/A,7.55,,Y,N,N,,,,
Chronicles of the Wolf,"Platform, Adventure, Indie","Action, Fantasy",Single Player,Side View,N/A,N/A,N/A,3.00,22.00,N/A,,,,,,,0,8.00,N/A,7.60,7.80,N/A,7.80,,N,N,Y,,,,
Chrono Cross: The Radical Dreamers Edition,"Role-playing (RPG), Adventure",Fantasy,Single Player,"Bird view/Isometric, Text",Digital Download,Drive 3,Unplayed,3.03,64.00,5.06,,,,,,,0,8.40,8.10,N/A,7.40,N/A,7.97,,Y,N,Y,,,,
Chronos: Before the Ashes,"Role-playing (RPG), Adventure, Arcade","Action, Science Fiction, Mystery",Single Player,Third Person,Digital Download,Drive 4,Unplayed,3.43,21.12,13.62,,,,,,,0,6.10,6.70,6.80,6.80,N/A,6.60,,Y,N,Y,,,,
Cities: Skylines,"Simulator, Strategy","Business, Sandbox",Single Player,Bird view/Isometric,Playstation Plus,Drive 3,Unplayed,3.43,50.50,13.55,,,,,,,0,8.50,7.60,8.30,8.50,8.05,8.19,,Y,N,N,,,,
Citizen Sleeper,"Role-playing (RPG), Adventure, Indie",Science Fiction,Single Player,Text,Digital Download,Drive 2,Unplayed,2.00,13.00,2.28,,,,,,,0,8.40,8.00,8.40,8.20,N/A,8.25,,Y,N,N,,,,
City of Brass,"Shooter, Adventure, Indie","Action, Fantasy",Single Player,First Person,Digital Download,Drive 2,Unplayed,3.75,16.00,4.25,,,,,,,0,4.00,6.80,6.90,6.60,6.59,6.18,0,Y,N,Y,,,,
Clash: Artifacts of Chaos,"Fighting, Adventure, Indie","Action, Fantasy",Single Player,Third Person,N/A,Drive 1,Removed,3.00,25.80,11.26,,,,,,,0,7.30,6.40,7.10,6.90,N/A,6.93,,N,N,N,Removed from PS+ after download.,,,
Clea 2,"Puzzle, Adventure, Indie","Action, Horror, Survival, Stealth",Single Player,Side View,N/A,N/A,N/A,3.00,9.10,N/A,,,,,,,0,7.10,8.00,7.00,7.10,N/A,7.30,,N,N,N,,,,
CLeM,"Puzzle, Adventure, Indie","Fantasy, Horror, Thriller, Mystery",Single Player,Side View,N/A,N/A,N/A,3.00,4.92,N/A,,,,,,,0,7.00,7.50,7.60,7.90,N/A,7.50,,N,N,N,,,,
Clockwork Aquario,"Platform, Adventure, Arcade","Action, Fantasy, Kids",Single Player,Side View,Digital Download,Drive 4,Unplayed,3.50,4.72,0.49,,,,,,,0,N/A,7.80,7.30,7.00,N/A,7.37,,Y,N,N,,,,
Cloudpunk,"Role-playing (RPG), Simulator, Adventure, Indie","Action, Science Fiction",Single Player,Third Person,Digital Download,Drive 2,Unplayed,1.88,15.00,10.02,,,,,,,0,6.80,7.60,6.90,7.30,N/A,7.15,,Y,N,N,,,,
Cobra Kai: The Karate Kid Saga Continues,"Fighting, Hack and Slash/Beat 'em up, Adventure, Arcade",Action,"Single Player, Co-operative",Side View,Digital Download,Drive 4,Unplayed,3.38,22.33,9.68,,,,,,,0,7.60,N/A,6.30,6.70,N/A,6.87,,Y,N,Y,,,,
Cocoon,"Puzzle, Adventure, Indie",Science Fiction,Single Player,Bird view/Isometric,Playstation Plus,Drive 4,Unplayed,2.88,6.00,4.53,,,,,,,0,9.00,8.90,8.70,8.80,N/A,8.85,,Y,N,N,,,,
Code Vein: Deluxe Edition,"Role-playing (RPG), Adventure","Action, Fantasy","Single Player, Multiplayer, Co-operative",Third Person,Digital Download,Drive 3,Unplayed,3.61,61.50,35.09,,,,,,,0,7.00,7.30,7.50,7.00,7.16,7.19,,Y,N,Y,,,,
Conan Exiles,"Fighting, Role-playing (RPG), Simulator, Strategy, Adventure","Action, Fantasy, Survival, Open World","Single Player, Multiplayer, Co-operative, Massively Multiplayer Online (MMO)","First Person, Third Person",Playstation Plus,Drive 4,Unplayed,3.37,119.00,113.50,,,,,,,0,6.70,7.10,6.80,6.80,6.51,6.78,0,Y,Y,N,,,,
Conception Plus: Maidens of the Twelve Stars,Role-playing (RPG),Fantasy,Single Player,Third Person,N/A,N/A,N/A,3.23,116.02,N/A,,,,,,,0,N/A,7.00,6.80,6.20,6.10,6.53,,N,N,Y,,,,
Concrete Genie,Adventure,"Action, Fantasy",Single Player,"Third Person, Virtual Reality",Playstation Plus,Drive 1,Unplayed,2.14,8.00,16.01,1,,,,,,1,8.00,8.20,7.70,7.50,7.83,7.85,0,Y,N,N,,,,
CONSCRIPT,"Puzzle, Role-playing (RPG), Adventure, Indie","Action, Horror, Survival, Warfare",Single Player,Third Person,Playstation Plus,Drive 4,Unplayed,3.00,35.58,1.87,,,,,,,0,7.80,8.20,7.80,8.00,N/A,7.95,0,Y,N,Y,,,,
Contra Operation Galuga,"Shooter, Platform, Arcade",Action,"Single Player, Multiplayer, Co-operative",Side View,N/A,N/A,N/A,3.67,8.00,8.34,,,,,,,0,6.00,7.10,7.20,7.00,N/A,6.83,,N,N,Y,,,,
Contra Rogue Corps,"Shooter, Platform",Action,"Single Player, Multiplayer, Co-operative",,Playstation Plus,Drive 1,Unplayed,3.29,108.17,12.38,,,,,,,0,4.00,4.70,5.10,5.20,N/A,4.75,,Y,N,Y,,,,
Contrast,"Platform, Puzzle, Indie",Fantasy,Single Player,Third Person,N/A,N/A,N/A,2.20,8.07,2.32,,,,,,,0,7.50,5.70,6.00,5.90,5.85,6.19,,N,N,N,,,,
CONV/RGENCE: A League of Legends Story,"Platform, Adventure, Indie",Action,Single Player,,N/A,N/A,N/A,5.00,15.27,N/A,,,,,,,0,6.90,8.70,8.00,8.10,N/A,7.93,,N,N,N,,,,
Corpse Party,"Puzzle, Role-playing (RPG), Adventure, Indie, Visual Novel",Horror,Single Player,Bird view/Isometric,N/A,N/A,N/A,2.57,28.23,N/A,,,,,,,0,N/A,7.70,7.90,8.10,7.30,7.75,0,N,N,N,,,,
Cosmic Star Heroine,"Role-playing (RPG), Adventure, Indie","Fantasy, Science Fiction",Single Player,Bird view/Isometric,Digital Download,Drive 4,Unplayed,2.54,27.63,6.51,,,,,,,0,7.90,7.70,7.80,7.80,7.76,7.79,,Y,N,Y,,,,
Cozy Grove,"Puzzle, Role-playing (RPG), Simulator, Adventure, Indie","Horror, Comedy",Single Player,Bird view/Isometric,N/A,N/A,N/A,2.00,204.12,N/A,,,,,,,0,7.30,7.30,7.40,7.10,N/A,7.28,,N,N,N,,,,
Crash Bandicoot 4: It's About Time,Platform,"Action, Science Fiction, Fantasy, Comedy",Single Player,"Third Person, Side View",N/A,N/A,N/A,4.41,88.00,22.00,,,,,,,0,8.00,8.60,8.50,8.50,N/A,8.40,,N,N,N,,,,
Crash Bandicoot N. Sane Trilogy,"Platform, Adventure","Action, Fantasy, Science Fiction, Historical",Single Player,Third Person,Digital Download,Drive 2,Unplayed,3.90,108.10,7.99,,,,,,1,1,8.50,7.80,8.00,8.00,8.13,8.09,0,Y,N,Y,"Contains the following:
• Crash Bandicoot
• Crash Bandicoot 2: Cortex Strikes Back
• Crash Bandicoot: Warped",,,
Crash Team Racing Nitro-Fueled,Racing,"Action, Fantasy, Science Fiction, Comedy","Single Player, Multiplayer, Split Screen",Third Person,Digital Download,Drive 2,Unplayed,3.58,34.00,14.19,,,,,,,0,8.50,8.40,8.30,8.80,9.18,8.64,,Y,N,N,,,,
Creature in the Well,"Fighting, Puzzle, Hack and Slash/Beat 'em up, Pinball, Adventure, Indie, Arcade","Action, Science Fiction",Single Player,Third Person,N/A,N/A,N/A,3.75,11.72,N/A,,,,,,,0,7.10,7.40,7.60,7.60,7.54,7.45,,N,N,N,,,,
Cris Tales,"Role-playing (RPG), Adventure, Indie","Action, Fantasy",Single Player,Side View,Playstation Plus,Drive 3,Unplayed,3.25,65.85,7.34,,,,,,,0,7.00,7.20,7.40,7.40,N/A,7.25,0,Y,N,Y,,,,
Crisis Core: Final Fantasy VII - Reunion,Role-playing (RPG),"Action, Science Fiction",Single Player,Third Person,N/A,N/A,Removed,3.09,73.50,47.00,,,,,,,0,8.00,8.20,7.90,7.80,N/A,7.98,0,N,N,Y,,,,
Croixleur Sigma,"Fighting, Hack and Slash/Beat 'em up, Indie, Arcade",Action,"Single Player, Multiplayer, Co-operative",Third Person,Digital Download,Drive 4,Unplayed,3.21,15.10,2.08,,,,,,,0,5.30,6.60,6.20,5.60,6.42,6.02,,Y,N,Y,,,,
Cross Tails,"Role-playing (RPG), Strategy, Simulator, Adventure","Fantasy, Drama, Warfare",Single Player,,N/A,N/A,N/A,3.75,23.05,N/A,,,,,,,0,N/A,8.00,7.50,7.20,N/A,7.57,,N,N,Y,,,,
Crossing Souls,"Role-playing (RPG), Adventure, Indie, Arcade","Action, Fantasy",Single Player,Bird view/Isometric,Digital Download,Drive 1,Unplayed,2.68,14.13,2.33,,,,,,,0,7.30,7.10,7.40,7.00,7.39,7.24,,Y,N,N,,,,
Crow Country,"Shooter, Puzzle, Adventure, Indie","Action, Horror, Mystery",Single Player,Bird view/Isometric,Playstation Plus,Drive 4,Unplayed,3.33,9.00,1.53,,,,,,,0,8.40,7.90,8.20,8.20,N/A,8.18,,Y,N,N,,,,
Crymachina,"Role-playing (RPG), Adventure","Action, Science Fiction",Single Player,Third Person,N/A,N/A,N/A,4.00,32.67,N/A,,,,,,,0,6.60,6.80,6.90,6.50,N/A,6.70,,N,N,Y,,,,
Crypt Custodian,"Platform, Role-playing (RPG), Adventure, Indie",Action,Single Player,Bird view/Isometric,N/A,N/A,N/A,3.00,19.77,N/A,,,,,,,0,8.20,8.00,8.40,8.20,N/A,8.20,,N,N,N,,,,
Crypt of the NecroDancer,"Music, Role-playing (RPG), Adventure, Indie","Action, Fantasy","Single Player, Multiplayer, Co-operative",Bird view/Isometric,N/A,N/A,N/A,4.44,1075.83,N/A,,,,,,,0,8.80,8.80,8.70,8.70,8.20,8.64,0,N,N,Y,,,,
Cryptmaster,"Puzzle, Role-playing (RPG), Adventure, Indie",Fantasy,Single Player,"First Person, Third Person",N/A,N/A,N/A,3.50,19.38,N/A,,,,,,,0,7.70,8.80,7.60,7.70,N/A,7.95,,N,N,N,,,,
Crysis 2 Remastered,Shooter,"Action, Science Fiction",Single Player,First Person,Digital Download,Drive 1,Unplayed,3.38,26.82,22.22,,,,,,,0,7.50,7.40,7.00,7.20,8.52,7.52,0,Y,N,N,,,,
Crysis 3 Remastered,Shooter,"Action, Science Fiction",Single Player,First Person,Digital Download,Drive 1,Unplayed,3.00,18.53,18.20,,,,,,,0,7.20,7.50,7.40,7.00,7.65,7.35,,Y,N,N,,,,
Crysis Remastered,"Shooter, Adventure","Action, Sandbox, Warfare, Mystery","Single Player, Multiplayer",First Person,Playstation Plus,Drive 1,Unplayed,3.76,12.00,19.77,,,,,,,0,6.90,6.80,6.50,6.60,8.09,6.98,0,Y,N,N,,,,
Cuphead,"Shooter, Platform, Adventure, Indie, Arcade","Action, Fantasy, Comedy","Single Player, Multiplayer, Co-operative","Bird view/Isometric, Side View",N/A,N/A,N/A,4.25,26.00,5.71,,,,,,1,1,8.80,8.70,8.80,8.60,N/A,8.73,0,N,N,Y,,,,
Curse of the Dead Gods,"Role-playing (RPG), Adventure, Indie","Action, Fantasy",Single Player,Bird view/Isometric,Digital Download,Drive 2,Unplayed,3.67,87.00,5.34,,,,,,,0,9.00,8.40,8.10,7.60,N/A,8.28,,Y,N,Y,,,,
Curse of the Sea Rats,"Role-playing (RPG), Adventure, Indie","Action, Fantasy","Single Player, Multiplayer, Co-operative",Side View,Digital Download,Drive 4,Unplayed,4.00,14.37,7.49,,,,,,,0,7.00,6.60,6.60,6.10,N/A,6.58,,Y,N,N,,,,
Cursed Castilla,"Platform, Adventure, Indie, Arcade","Action, Fantasy, Horror, Historical",Single Player,Side View,N/A,N/A,N/A,4.06,11.65,N/A,,,,,,,0,7.60,7.90,7.50,8.10,8.17,7.85,,N,N,N,,,,
Cyber Shadow,"Platform, Hack and Slash/Beat 'em up, Adventure, Indie, Arcade","Action, Science Fiction",Single Player,,N/A,N/A,N/A,4.33,37.10,1.00,,,,,,,0,8.00,7.70,8.20,8.20,N/A,8.03,,N,N,Y,,,,
Dakar 18 ,"Racing, Simulator, Sport, Strategy, Adventure",,"Single Player, Multiplayer","First Person, Third Person",Digital Download,Drive 1,Unplayed,3.21,124.50,46.63,,,,,,,0,5.50,6.40,5.00,5.30,4.80,5.40,,Y,N,N,,,,
Dakar Desert Rally,"Racing, Simulator, Sport, Arcade",,"Single Player, Multiplayer","First Person, Third Person",N/A,N/A,N/A,4.00,36.67,N/A,,,,,,,0,5.00,4.70,6.60,6.90,N/A,5.80,0,N,N,Y,,,,
Dandara: Trials of Fear Edition,"Platform, Adventure, Indie",Action,Single Player,Side View,N/A,N/A,N/A,3.73,19.05,N/A,,,,,,,0,8.00,7.60,8.60,7.30,7.00,7.70,,N,N,N,,,,
Dandara: Trials of Fear Edition,"Platform, Adventure, Indie",Action,Single Player,Side View,N/A,N/A,N/A,3.73,19.05,N/A,,,,,,,0,8.00,7.60,8.60,7.30,7.28,7.76,,N,N,N,,,,
Danganronpa 1-2 Reload,"Point-and-click, Adventure, Visual Novel","Thriller, Drama, Mystery",Single Player,"First Person, Third Person",N/A,N/A,N/A,2.91,128.63,N/A,,,,,,,0,8.60,8.50,8.40,8.30,8.57,8.47,,N,N,Y,,,,
Danganronpa V3: Killing Harmony,"Point-and-click, Adventure, Visual Novel","Thriller, Survival, Drama, Mystery",Single Player,"First Person, Third Person",N/A,N/A,N/A,2.85,186.70,0.02,,,,,,,0,8.00,8.80,8.30,8.10,8.21,8.28,0,N,N,Y,,,,
Dark Cloud,"Role-playing (RPG), Simulator, Adventure","Action, Fantasy",Single Player,Third Person,Playstation Plus,Drive 3,Unplayed,3.15,45.00,1.06,,,,,,,0,8.40,8.10,7.30,8.00,7.88,7.94,,Y,N,N,,,,
Dark Cloud 2,Role-playing (RPG),"Action, Fantasy",Single Player,Third Person,Playstation Plus,Drive 3,Unplayed,3.15,142.00,3.20,,,,,,,0,9.00,9.00,6.00,8.70,8.85,8.31,,Y,N,N,,,,
Dark Rose Valkyrie,"Role-playing (RPG), Strategy","Action, Fantasy",Single Player,Third Person,Playstation Plus,Drive 1,Unplayed,3.08,110.28,8.48,,,,,,,0,5.90,5.90,5.80,5.80,5.92,5.86,,Y,N,Y,,,,
Dark Souls 3,"Role-playing (RPG), Adventure","Action, Fantasy","Single Player, Multiplayer, Co-operative",Third Person,N/A,N/A,N/A,4.17,100.00,18.24,1,1,,1,,,3,9.50,8.60,9.00,8.90,8.87,8.97,0,N,N,Y,,,,
Dark Souls II: Scholar of the First Sin,"Role-playing (RPG), Adventure","Action, Fantasy","Single Player, Multiplayer, Co-operative",Third Person,N/A,N/A,N/A,4.01,223.20,7.26,,,,,,,0,9.00,8.70,8.70,8.70,8.72,8.76,,N,N,Y,,,,
Dark Souls Remastered,"Role-playing (RPG), Adventure","Action, Fantasy, Horror","Single Player, Multiplayer, Co-operative",Third Person,N/A,N/A,N/A,3.99,69.00,7.27,,1,,,1,,2,9.50,8.70,8.40,8.40,8.47,8.69,0,N,N,Y,,,,
Darkest Dungeon: Ancestral Edition,"Role-playing (RPG), Strategy, Turn-based Strategy (TBS), Tactical, Adventure, Indie","Fantasy, Horror, Historical, Mystery",Single Player,Side View,Digital Download,Drive 2,Unplayed,4.53,129.00,3.04,,,,,,,0,9.10,8.30,8.40,8.40,7.91,8.42,,Y,N,Y,,,,
Darksiders Genesis,"Role-playing (RPG), Hack and Slash/Beat 'em up, Adventure","Action, Fantasy","Single Player, Multiplayer, Co-operative","Third Person, Bird view/Isometric",Digital Download,Drive 1,Unplayed,3.13,31.00,10.23,,,,,,,0,8.70,7.50,7.90,7.70,N/A,7.95,0,Y,N,Y,,,,
Darksiders III,"Role-playing (RPG), Hack and Slash/Beat 'em up, Adventure","Action, Fantasy, Open World",Single Player,Third Person,Digital Download,Drive 1,Unplayed,3.51,32.00,43.68,,,,,,,0,7.00,6.50,6.80,6.40,6.15,6.57,,Y,N,Y,,,,
Darksiders Warmastered Edition,"Role-playing (RPG), Hack and Slash/Beat 'em up, Adventure","Action, Fantasy, Open World",Single Player,Third Person,Digital Download,Drive 1,Unplayed,2.06,28.00,39.02,,,,,,,0,8.90,8.10,7.70,7.70,8.07,8.09,,Y,N,Y,,,,
Darkwood,"Role-playing (RPG), Adventure, Indie","Action, Horror, Survival",Single Player,Bird view/Isometric,Digital Download,Drive 4,Unplayed,4.08,58.95,6.70,,,,,,,0,7.60,8.00,7.70,8.00,7.75,7.81,0,Y,N,N,,,,
DARQ Ultimate Edition,"Platform, Puzzle, Strategy, Adventure, Indie, Arcade","Action, Horror",Single Player,"Third Person, Side View",N/A,N/A,N/A,4.00,9.27,N/A,,,,,,,0,7.50,7.00,7.30,7.80,6.75,7.27,0,N,N,N,,,,
Dawn of Man,"Simulator, Strategy, Indie",Historical,Single Player,Bird view/Isometric,N/A,N/A,N/A,2.75,83.00,0.84,,,,,,,0,8.00,7.00,7.00,7.40,N/A,7.35,,N,N,N,,,,
Day of the Tentacle Remastered,"Point-and-click, Puzzle, Adventure","Fantasy, Science Fiction, Historical, Comedy, Kids",Single Player,Side View,N/A,N/A,N/A,3.03,16.93,N/A,,,,,,,0,8.80,8.50,8.50,8.60,8.48,8.58,,N,N,N,,,,
Daymare: 1994 Sandcastle,"Shooter, Adventure","Action, Horror, Survival",Single Player,Third Person,N/A,N/A,N/A,3.75,11.40,N/A,,,,,,,0,7.00,5.90,6.40,6.50,N/A,6.45,,N,N,N,,,,
Daymare: 1998,"Adventure, Indie","Action, Horror, Survival",Single Player,Third Person,Digital Download,Drive 4,Unplayed,3.27,18.68,39.77,,,,,,,0,6.30,5.50,5.60,5.30,5.53,5.65,,Y,N,Y,,,,
Days Gone,"Shooter, Adventure","Action, Horror, Survival, Sandbox, Open World",Single Player,Third Person,Digital Download,Drive 1,Completed,3.06,65.00,38.62,1,1,,,,,2,6.50,7.50,7.20,7.10,7.07,7.07,4,Y,Y,Y,,,,
Dead Cells,"Platform, Adventure, Indie","Action, Fantasy",Single Player,Side View,Playstation Plus,Drive 1,Unplayed,4.22,90.50,2.61,1,,,,,,1,9.50,9.00,8.90,8.90,8.75,9.01,0,Y,N,Y,,,,
Dead Island - Definitive Edition,"Shooter, Hack and Slash/Beat 'em up","Action, Horror, Survival, Open World","Single Player, Multiplayer, Co-operative",First Person,Physical Media,Drive 1,In-Progress,3.10,51.00,7.18,,,,,,,0,6.70,7.00,6.60,6.30,6.19,6.56,3,Y,N,Y,,,,
Dead Nation Apocalypse,"Shooter, Hack and Slash/Beat 'em up","Action, Science Fiction, Horror, Survival","Single Player, Co-operative",Bird view/Isometric,N/A,N/A,N/A,3.54,28.83,2.30,,,,,,,0,7.50,7.50,7.10,7.70,7.28,7.42,0,N,N,Y,,,,
Dead of Darkness,"Adventure, Indie","Action, Horror, Thriller, Survival, Drama, Mystery",Single Player,Bird view/Isometric,N/A,N/A,N/A,N/A,20.00,N/A,,,,,,,0,N/A,N/A,7.20,7.60,N/A,7.40,,N,N,N,,,,
Dead Reset,Adventure,"Action, Science Fiction, Horror",Single Player,First Person,N/A,N/A,N/A,3.00,7.77,N/A,,,,,,,0,N/A,7.00,6.80,6.80,N/A,6.87,0,N,N,N,,,,
Dead Rising,"Hack and Slash/Beat 'em up, Adventure","Action, Horror, Survival, Comedy, Sandbox, Open World",Single Player,Third Person,Digital Download,Drive 4,Unplayed,3.78,120.70,8.52,,,,,,,0,8.30,8.20,7.80,8.50,8.65,8.29,0,Y,N,Y,,,,
Dead Rising 2,"Hack and Slash/Beat 'em up, Adventure","Action, Horror, Survival, Comedy, Sandbox, Open World","Single Player, Multiplayer, Co-operative",Third Person,Digital Download,Drive 4,Unplayed,3.13,66.78,8.16,,,,,,,0,8.00,8.10,8.10,7.90,7.63,7.95,0,Y,N,Y,,,,
Dead Rising 2: Off the Record,"Hack and Slash/Beat 'em up, Adventure","Action, Horror, Comedy, Sandbox, Open World","Single Player, Multiplayer, Co-operative",Third Person,Digital Download,Drive 4,Unplayed,3.28,52.30,6.26,,,,,,,0,7.00,7.20,7.80,7.20,6.98,7.24,,Y,N,Y,,,,
Dead Rising 4: Frank's Big Package,"Shooter, Hack and Slash/Beat 'em up, Adventure","Action, Horror, Survival, Comedy, Sandbox, Open World","Single Player, Multiplayer, Co-operative",Third Person,Digital Download,Drive 4,Unplayed,2.74,31.00,48.67,,,,,,,0,8.10,7.70,7.20,7.20,7.32,7.50,,Y,N,Y,,,,
Dead Synchronicity: Tomorrow Comes Today,"Puzzle, Point-and-click, Adventure, Indie","Action, Science Fiction, Drama, Mystery",Single Player,Third Person,N/A,N/A,N/A,3.15,13.10,N/A,,,,,,,0,6.20,7.30,7.00,7.00,6.40,6.78,,N,N,N,Delisted from PlayStation store.,,,
DEADCRAFT,Simulator,"Action, Survival",Single Player,Bird view/Isometric,Playstation Plus,Drive 2,Unplayed,3.78,36.00,9.14,,,,,,,0,6.00,8.60,7.20,7.70,N/A,7.38,,Y,N,Y,,,,
Deadlight: Director's Cut,"Platform, Adventure","Action, Horror",Single Player,,Digital Download,Drive 2,Unplayed,3.07,23.28,7.66,,,,,,,0,7.00,6.90,6.70,7.00,6.67,6.85,,Y,N,N,,,,
Dear Esther: Landmark Edition,"Adventure, Indie","Fantasy, Drama",Single Player,First Person,Digital Download,Drive 4,Unplayed,1.33,6.38,3.01,,,,,,,0,8.00,6.40,6.70,6.80,6.79,6.94,0,Y,N,N,,,,
Death and Taxes,"Point-and-click, Puzzle, Role-playing (RPG), Simulator, Strategy, Adventure, Indie, Visual Novel",,Single Player,,Digital Download,Drive 1,Unplayed,3.00,18.00,3.10,,,,,,,0,6.80,7.50,7.50,6.60,N/A,7.10,,Y,N,N,,,,
Death end re;Quest 2,"Role-playing (RPG), Adventure","Action, Fantasy",Single Player,,Digital Download,Drive 1,Unplayed,3.16,41.38,10.48,,,,,,,0,6.80,7.70,7.10,7.40,N/A,7.25,,Y,N,Y,,,,
Death end re:Quest,"Role-playing (RPG), Adventure","Action, Science Fiction, Mystery",Single Player,Third Person,Playstation Plus,Drive 1,Unplayed,2.98,81.90,9.32,,,,,,,0,6.60,7.50,7.00,7.10,7.12,7.06,,Y,N,Y,,,,
Death or Treat,"Platform, Hack and Slash/Beat 'em up, Adventure, Indie","Action, Fantasy",Single Player,Side View,Digital Download,Drive 4,Unplayed,N/A,29.40,1.58,,,,,,,0,5.90,7.40,6.00,5.70,N/A,6.25,0,Y,N,Y,,,,
Death Road to Canada,"Role-playing (RPG), Adventure, Indie","Action, Survival","Single Player, Multiplayer, Co-operative",Bird view/Isometric,Digital Download,Drive 3,Unplayed,3.71,483.00,0.24,,,,,,,0,8.20,7.70,7.80,7.90,8.50,8.02,,Y,N,N,,,,
Death's Door,"Role-playing (RPG), Hack and Slash/Beat 'em up, Adventure, Indie","Action, Fantasy",Single Player,"Third Person, Bird view/Isometric",Digital Download,Drive 4,Unplayed,3.43,16.00,3.78,,,,,,,0,9.00,8.70,8.80,8.50,N/A,8.75,,Y,N,Y,,,,
Death's Gambit: Afterlife,"Platform, Role-playing (RPG), Adventure","Action, Fantasy",Single Player,Side View,N/A,N/A,N/A,3.85,49.68,1.00,,,,,,,0,6.70,8.50,7.90,7.80,7.09,7.60,,N,N,Y,,,,
Deliver Us Mars,"Platform, Adventure, Indie","Action, Science Fiction",Single Player,Third Person,N/A,N/A,Removed,3.00,11.00,24.72,,,,,,,0,6.00,7.10,6.80,6.90,N/A,6.70,0,N,N,N,Removed from PS+ after download.,,,
Delivery from the Pain,"Shooter, Role-playing (RPG), Simulator, Strategy, Adventure, Indie","Action, Horror, Survival",Single Player,Bird view/Isometric,N/A,N/A,N/A,3.00,16.30,N/A,,,,,,,0,8.10,7.90,7.50,7.90,N/A,7.85,,N,N,N,,,,
Demon Gaze Extra,Role-playing (RPG),Fantasy,Single Player,First Person,N/A,N/A,N/A,3.57,67.20,N/A,,,,,,,0,9.00,6.80,7.40,7.33,7.07,7.52,,N,N,Y,,,,
Demon Slayer: Kimetsu no Yaiba - The Hinokami Chronicles,"Fighting, Adventure",Action,"Single Player, Multiplayer",Third Person,N/A,N/A,N/A,3.07,37.72,N/A,,,,,,,0,7.00,7.30,7.00,6.90,N/A,7.05,,N,N,Y,,,,
Demon Slayer: Kimetsu No Yaiba - The Hinomaki Chronicles 2,"Fighting, Adventure",Action,"Single Player, Multiplayer",Third Person,N/A,N/A,N/A,3.00,22.00,N/A,,,,,,,0,7.00,8.20,7.60,7.60,N/A,7.60,,N,N,N,,,,
Descenders,"Racing, Simulator, Sport, Arcade",Action,"Single Player, Multiplayer, Co-operative",Third Person,N/A,N/A,N/A,3.67,128.95,2.00,,,,,,,0,7.00,7.70,7.40,7.50,7.67,7.45,,N,N,Y,,,,
Desperados III,"Real Time Strategy (RTS), Simulator, Strategy, Tactical",Action,Single Player,Bird view/Isometric,Playstation Plus,Drive 3,Unplayed,4.00,63.00,43.81,,,,,,,0,8.00,8.60,8.50,8.60,N/A,8.43,,Y,N,N,,,,
Destiny Collection,"Shooter, Role-playing (RPG)","Action, Science Fiction, Warfare","Single Player, Multiplayer, Co-operative, Massively Multiplayer Online (MMO)","First Person, Third Person",Digital Download,Drive 3,Unplayed,2.98,551.00,51.73,1,,,,,,1,7.80,7.80,7.40,7.60,7.68,7.66,0,Y,N,N,"Contains the following:
• Destiny
• Expansion I: The Dark Below
• Expansion II: House of Wolves
• The Taken King (DLC)
• Rise of Iron (DLC)",,,
Destiny Connect: Tick-Tock Travelers,Role-playing (RPG),,Single Player,,Digital Download,Drive 4,Unplayed,2.50,26.52,6.36,,,,,,,0,8.00,6.40,6.20,5.70,5.93,6.45,,Y,N,Y,,,,
Destroy All Humans!,"Shooter, Adventure","Action, Science Fiction, Comedy, Open World",Single Player,Third Person,N/A,N/A,Removed,3.15,14.50,26.45,,,,,,,0,7.00,6.70,7.10,7.00,6.64,6.89,0,N,N,Y,Removed from PS+ after download.,,,
Destroy All Humans! 2 - Reprobed,"Shooter, Adventure","Action, Science Fiction, Comedy, Open World","Single Player, Multiplayer, Co-operative",Third Person,N/A,N/A,Removed,3.40,24.00,35.09,,,,,,,0,6.00,7.20,6.80,6.70,N/A,6.68,0,N,N,N,Removed from PS+ after download.,,,
Detention,"Point-and-click, Puzzle, Role-playing (RPG), Adventure, Indie","Horror, Thriller, Survival",Single Player,Side View,Digital Download,Drive 4,Unplayed,2.07,7.42,4.63,,,,,,,0,7.60,7.60,8.10,8.30,8.04,7.93,,Y,N,N,,,,
Detroit: Become Human,"Puzzle, Adventure","Action, Science Fiction, Thriller, Drama, Mystery",Single Player,Third Person,Digital Download,Drive 1,Completed,2.39,32.00,43.22,1,1,,,,,2,8.00,7.80,7.90,7.80,7.72,7.84,4,Y,N,Y,,,,
Deus Ex (aka Deus Ex: The Conspiracy),"Shooter, Role-playing (RPG), Adventure","Action, Science Fiction, Thriller, Stealth, Mystery","Single Player, Multiplayer",First Person,Digital Download,Drive 1,Unplayed,3.27,39.00,6.17,,,,,,,0,9.40,9.10,N/A,9.00,9.10,9.15,,Y,N,N,PS4 port titled Deus Ex: The Conspiracy,,,
Deus Ex: Mankind Divided,"Shooter, Puzzle, Role-playing (RPG), Adventure","Action, Science Fiction, Stealth",Single Player,"First Person, Third Person",Playstation Plus,Drive 1,Unplayed,3.07,52.50,44.11,1,,,,,,1,9.20,8.30,8.20,8.40,8.35,8.49,0,Y,N,Y,,,,
Devil May Cry 4 Special Edition,"Hack and Slash/Beat 'em up, Adventure","Action, Fantasy, Horror",Single Player,Third Person,Digital Download,Drive 2,Unplayed,3.37,109.88,20.43,,,,,,,0,7.50,8.00,7.60,7.60,7.70,7.68,0,Y,N,Y,,,,
Devil May Cry 5,"Hack and Slash/Beat 'em up, Adventure",Action,"Single Player, Multiplayer, Co-operative",Third Person,Digital Download,Drive 2,Unplayed,3.16,72.50,37.27,1,1,,,1,,3,9.50,9.00,8.80,8.70,8.66,8.93,0,Y,N,Y,,,,
Devil May Cry HD Collection,"Hack and Slash/Beat 'em up, Adventure","Action, Fantasy, Horror",Single Player,Third Person,Digital Download,Drive 2,Unplayed,3.91,127.75,14.71,,,,,,1,1,8.30,8.20,6.50,7.70,5.95,7.33,0,Y,N,Y,"Contains the folllowing:
• Devil May Cry
• Devil May Cry 2
• Devil May Cry 3: Dante's Awakening Special Edition",,,
Dex,"Platform, Role-playing (RPG), Adventure, Indie","Action, Science Fiction, Stealth, Open World",Single Player,Side View,Digital Download,Drive 4,Unplayed,3.27,23.57,5.56,,,,,,,0,6.90,6.90,7.40,6.20,6.84,6.85,,Y,N,N,,,,
Diablo II Resurrected,"Role-playing (RPG), Hack and Slash/Beat 'em up, Adventure","Action, Fantasy, Horror, Party","Single Player, Multiplayer, Co-operative",Bird view/Isometric,N/A,N/A,N/A,3.70,121.00,18.00,,,,,,,0,7.00,8.00,8.00,8.00,8.86,7.97,,N,N,Y,,,,
Die Young,"Simulator, Adventure, Indie","Action, Horror",Single Player,First Person,Digital Download,Drive 4,Unplayed,3.00,29.33,10.59,,,,,,,0,8.00,7.60,6.80,7.50,N/A,7.48,,Y,N,N,,,,
Digimon Story: Cyber Sleuth,"Role-playing (RPG), Strategy, Turn-based Strategy (TBS), Adventure","Action, Science Fiction",Single Player,Third Person,Playstation Plus,Drive 1,Unplayed,2.94,116.00,4.16,,,,,,,0,8.20,7.90,7.50,7.50,7.62,7.74,,Y,N,Y,,,,
Digimon Survive,"Role-playing (RPG), Simulator, Strategy, Turn-based Strategy (TBS), Adventure","Fantasy, Science Fiction, Survival",Single Player,Bird view/Isometric,N/A,N/A,Removed,2.94,137.32,6.81,,,,,,,0,6.00,7.00,7.60,7.00,N/A,6.90,,N,N,Y,Removed from PS+ after download.,,,
Digimon World: Next Order,"Role-playing (RPG), Simulator, Adventure","Action, Fantasy, Science Fiction, Sandbox, Open World",Single Player,Third Person,N/A,N/A,N/A,3.70,152.18,N/A,,,,,,,0,7.80,6.90,6.60,6.80,6.88,7.00,0,N,N,Y,,,,
DiRT Rally 2.0,"Racing, Simulator, Sport, Strategy","Action, Non-fiction","Single Player, Multiplayer","First Person, Third Person, Virtual Reality",N/A,N/A,N/A,4.13,151.00,95.00,,,,,,,0,8.50,8.10,8.30,8.40,8.48,8.36,,N,N,Y,,,,
Disco Elysium: The Final Cut,"Role-playing (RPG), Adventure, Indie","Thriller, Drama, Mystery",Single Player,Bird view/Isometric,N/A,N/A,Removed,3.15,46.50,16.30,,,,,,1,1,10.00,9.10,8.90,8.90,N/A,9.23,0,N,N,Y,Removed from PS+ after download.,,,
Disgaea 6: Complete,"Role-playing (RPG), Strategy, Tactical","Action, Fantasy, Comedy",Single Player,Bird view/Isometric,N/A,N/A,N/A,2.85,175.40,5.00,,,,,,,0,8.00,8.00,6.90,6.80,N/A,7.43,,N,N,Y,,,,
Disgaea 7: Vows of the Virtueless,"Role-playing (RPG), Strategy, Turn-based Strategy (TBS), Adventure","Action, Fantasy",Single Player,"Third Person, Bird view/Isometric",N/A,N/A,N/A,3.50,77.00,N/A,,,,,,,0,8.30,8.40,8.40,8.40,N/A,8.38,,N,N,Y,,,,
Disgaea V: Alliance of Vengence,"Role-playing (RPG), Simulator, Strategy, Tactical",Action,Single Player,Third Person,Playstation Plus,Drive 1,Unplayed,3.07,192.00,4.30,,,,,,,0,8.70,7.90,8.20,8.00,8.19,8.20,,Y,N,Y,,,,
Dishonored 2,"Shooter, Role-playing (RPG), Adventure","Action, Stealth",Single Player,First Person,Playstation Plus,Drive 1,Unplayed,3.13,46.00,53.68,1,,,,,,1,9.30,8.60,8.70,8.80,8.67,8.81,0,Y,N,N,,,,
Dishonored: Death of the Outsider,"Puzzle, Role-playing (RPG), Adventure","Action, Fantasy, Stealth",Single Player,First Person,Playstation Plus,Drive 1,Unplayed,2.96,18.00,29.35,,,,,,,0,8.40,8.20,8.20,8.20,8.23,8.25,0,Y,N,N,,,,
Dishonored: Definitive Edition,"Shooter, Adventure","Action, Stealth",Single Player,First Person,Playstation Plus,Drive 1,Unplayed,3.11,46.50,32.44,,,,,,1,1,8.00,8.00,7.80,8.00,7.99,7.96,0,Y,N,N,,,,
Disintegration,"Shooter, Strategy, Adventure","Action, Science Fiction","Single Player, Multiplayer, Co-operative",First Person,Digital Download,Drive 2,Unplayed,3.00,16.00,17.56,,,,,,,0,6.00,6.40,6.30,6.00,N/A,6.18,0,Y,N,N,,,,
Disjunction,"Shooter, Role-playing (RPG), Indie, Arcade","Action, Stealth",Single Player,Bird view/Isometric,Digital Download,Drive 1,Unplayed,4.00,10.85,0.77,,,,,,,0,2.00,5.90,6.90,6.70,N/A,5.38,,Y,N,N,,,,
Disney Dreamlight Valley,"Role-playing (RPG), Simulator, Adventure","Action, Fantasy",Single Player,Third Person,N/A,N/A,N/A,2.83,93.00,7.28,,,,,,,0,8.00,7.10,7.60,7.00,N/A,7.43,,N,Y,Y,,,,
Disney Epic Mickey: Rebrushed,"Platform, Adventure",Action,Single Player,Third Person,Playstation Plus,Drive 4,Unplayed,3.00,29.05,23.11,,,,,,,0,8.10,8.00,7.80,7.60,7.25,7.75,,Y,N,Y,,,,
Dissidia Final Fantasy NT Digital Deluxe Edition,"Fighting, Role-playing (RPG), Arcade","Action, Fantasy","Single Player, Multiplayer, Co-operative",Third Person,N/A,N/A,N/A,3.22,311.25,N/A,,,,,,,0,6.90,6.30,6.80,6.70,6.51,6.64,0,N,N,Y,,,,
DISTRAINT 2,"Puzzle, Adventure, Indie",Horror,Single Player,Side View,Digital Download,Drive 4,Unplayed,2.00,7.17,0.80,,,,,,,0,8.10,8.50,7.98,8.20,N/A,8.20,0,Y,N,N,,,,
Distrust,"Strategy, Adventure, Indie","Horror, Survival","Single Player, Multiplayer, Co-operative",Bird view/Isometric,N/A,N/A,N/A,4.11,47.40,N/A,,,,,,,0,5.00,8.00,6.90,7.50,6.92,6.86,,N,N,N,,,,
Divinity: Original Sin I - Enhanced Edition,"Role-playing (RPG), Strategy, Tactical, Adventure, Indie",Fantasy,"Single Player, Multiplayer, Co-operative, Split Screen","Third Person, Bird view/Isometric",Digital Download,Drive 4,Unplayed,3.86,108.00,8.88,,,,,,,0,9.00,9.00,8.80,8.80,8.79,8.88,,Y,N,Y,,,,
DMC Devil May Cry Definitive Edition,"Hack and Slash/Beat 'em up, Adventure",Action,Single Player,,Digital Download,Drive 2,Unplayed,2.97,45.00,18.31,,,,,,,0,8.90,8.50,8.40,8.30,8.40,8.50,,Y,N,Y,,,,
Dodgeball Academia,"Role-playing (RPG), Sport, Adventure, Indie, Arcade",Action,"Single Player, Multiplayer",Side View,N/A,N/A,Removed,3.00,13.00,1.09,,,,,,,0,7.50,8.50,7.70,7.80,N/A,7.88,0,N,N,Y,Removed from PS+ after download.,,,
Dollhouse,"Puzzle, Adventure, Indie","Action, Horror, Survival","Single Player, Multiplayer, Co-operative",First Person,Digital Download,Drive 4,Unplayed,3.36,8.48,6.08,,,,,,,0,3.00,6.50,5.10,4.10,N/A,4.68,,Y,N,N,,,,
Dolmen,"Role-playing (RPG), Adventure","Action, Science Fiction","Single Player, Co-operative",Third Person,Digital Download,Drive 2,Unplayed,4.25,23.90,17.61,,,,,,,0,4.00,5.00,5.80,6.00,N/A,5.20,0,Y,N,Y,,,,
Don Bradman Cricket 14,"Simulator, Sport, Indie",,"Single Player, Multiplayer, Co-operative",,Physical Media,Drive 1,Unplayed,3.50,31.50,2.27,,,,,,,0,6.80,8.00,7.80,7.30,7.52,7.48,0,Y,N,N,,,,
Donut County,"Puzzle, Adventure, Indie","Comedy, Kids",Single Player,Bird view/Isometric,N/A,N/A,N/A,1.73,4.68,N/A,,,,,,,0,7.80,8.00,7.60,7.50,7.66,7.71,,N,N,N,,,,
Doom (2016),"Shooter, Puzzle","Action, Science Fiction, Horror","Single Player, Multiplayer, Co-operative",First Person,Playstation Plus,Drive 2,Unplayed,3.32,27.00,78.55,1,,,,,,1,7.10,8.70,8.60,7.90,8.56,8.17,0,Y,N,Y,,,,
DOOM + DOOM II,"Shooter, Arcade","Action, Science Fiction, Horror","Single Player, Multiplayer, Co-operative, Split Screen",First Person,Digital Download,Drive 2,Unplayed,3.40,26.00,2.08,,,,,,,0,8.80,9.00,8.30,7.80,N/A,8.48,,Y,N,N,,,,
DOOM 3,Shooter,"Action, Horror, Survival","Single Player, Multiplayer",First Person,Playstation Plus,Drive 2,Unplayed,3.33,17.00,15.73,,,,,,,0,8.90,9.00,N/A,8.70,8.17,8.69,,Y,N,N,,,,
Dragon Age: Inquisition,"Role-playing (RPG), Tactical, Adventure","Action, Fantasy, Historical, Open World","Single Player, Multiplayer, Co-operative","Third Person, Bird view/Isometric",Digital Download,Drive 2,Unplayed,3.01,148.00,48.31,,,,1,,,1,8.80,8.80,8.80,8.50,8.94,8.77,0,Y,N,Y,,,,
Dragon Ball Z Kakarot,"Role-playing (RPG), Hack and Slash/Beat 'em up, Adventure","Action, Fantasy, Science Fiction","Single Player, Multiplayer","Third Person, Bird view/Isometric",N/A,N/A,Removed,2.89,56.00,71.84,,,,,,,0,7.00,7.80,7.40,7.30,N/A,7.38,,N,N,Y,Removed from PS+ after download.,,,
Dragon Marked for Death,"Role-playing (RPG), Adventure","Action, Fantasy","Single Player, Co-operative",Side View,N/A,N/A,N/A,4.00,110.85,N/A,,,,,,,0,N/A,6.70,6.90,6.90,N/A,6.83,,N,N,Y,,,,
Dragon Quest Builders,"Role-playing (RPG), Adventure","Action, Fantasy, Sandbox, Open World","Single Player, Multiplayer",Third Person,N/A,N/A,N/A,2.89,145.28,N/A,,,,,,,0,8.90,8.20,8.30,8.30,8.37,8.41,,N,N,Y,,,,
Dragon Quest Builders 2,"Role-playing (RPG), Adventure","Action, Sandbox, Open World","Single Player, Multiplayer, Co-operative",Third Person,N/A,N/A,N/A,2.73,214.08,N/A,,,,,,,0,8.80,8.50,8.50,8.60,8.52,8.58,,N,N,Y,,,,
Dragon Quest Heroes: The World Tree's Woe and the Blight Below,"Role-playing (RPG), Hack and Slash/Beat 'em up","Action, Fantasy",Single Player,Third Person,N/A,N/A,N/A,2.95,86.03,23.00,,,,,,,0,6.20,7.80,7.70,7.70,7.81,7.44,,N,N,Y,,,,
Dragon Quest XI S: Echoes of an Elusive Age - Definitive Edition,"Role-playing (RPG), Adventure","Action, Fantasy",Single Player,"Third Person, Bird view/Isometric",N/A,N/A,Removed,3.10,131.00,30.56,,,,,,,0,8.80,9.20,8.80,9.10,8.85,8.95,0,N,N,Y,Removed from PS+ after download.,,,
Dragon Star VARNIR,"Role-playing (RPG), Adventure","Action, Fantasy",Single Player,Third Person,Playstation Plus,Drive 1,Unplayed,3.18,45.65,8.42,,,,,,,0,4.80,6.80,7.40,7.50,7.55,6.81,,Y,N,Y,,,,
Dragon's Crown Pro,"Role-playing (RPG), Hack and Slash/Beat 'em up, Adventure","Action, Fantasy, Historical","Single Player, Co-operative",Side View,Digital Download,Drive 4,Unplayed,3.20,75.50,6.18,,,,,,,0,8.50,7.30,8.00,8.00,7.95,7.95,,Y,N,Y,,,,
Dragon's Dogma: Dark Arisen,"Role-playing (RPG), Adventure","Action, Fantasy, Historical, Open World",Single Player,Third Person,Digital Download,Drive 1,Unplayed,3.16,113.00,17.23,,,,,,,0,7.90,7.80,8.00,8.10,7.83,7.93,0,Y,N,Y,,,,
Draugen,"Puzzle, Adventure, Indie","Action, Fantasy, Horror, Historical, Mystery",Single Player,First Person,Digital Download,Drive 4,Unplayed,1.50,7.55,8.60,,,,,,,0,7.00,7.10,6.90,7.30,7.24,7.11,,Y,N,N,,,,
Dread Delusion,"Role-playing (RPG), Adventure, Indie","Action, Fantasy, Horror, Open World",Single Player,First Person,N/A,N/A,N/A,2.43,58.25,N/A,,,,,,,0,7.30,6.20,7.70,7.30,N/A,7.13,0,N,N,N,,,,
DreadOut 2,"Adventure, Indie","Action, Horror",Single Player,Third Person,N/A,N/A,N/A,3.50,10.18,N/A,,,,,,,0,7.00,5.00,5.00,4.83,N/A,5.46,,N,N,N,,,,
Dreamfall Chapters,"Adventure, Indie","Fantasy, Science Fiction, Drama",Single Player,Third Person,Digital Download,Drive 2,Unplayed,2.93,36.00,11.14,,,,,,,0,6.50,7.60,6.80,6.70,7.11,6.94,,Y,N,N,,,,
Drova - Forsaken Kin,"Role-playing (RPG), Adventure, Indie","Action, Fantasy",Single Player,Bird view/Isometric,N/A,N/A,N/A,3.50,60.90,1.12,,,,,,,0,7.00,7.60,7.00,8.10,N/A,7.43,,N,N,N,,,,
Duke Nukem 3D: 20th Anniversary World Tour,"Shooter, Puzzle, Adventure","Action, Science Fiction, Comedy","Single Player, Multiplayer, Co-operative",First Person,Digital Download,Drive 1,Unplayed,3.23,23.35,1.02,,,,,,,0,8.00,8.10,7.60,7.70,7.53,7.79,,Y,N,N,,,,
Dungeon of the Endless,"Platform, Real Time Strategy (RTS), Role-playing (RPG), Strategy, Adventure, Indie","Action, Science Fiction","Single Player, Multiplayer, Co-operative",Bird view/Isometric,N/A,N/A,N/A,4.60,193.37,0.82,,,,,,,0,8.10,7.90,7.90,7.90,7.84,7.93,,N,N,Y,,,,
Dungeons of Hinterberg,"Role-playing (RPG), Hack and Slash/Beat 'em up, Adventure, Indie",Action,Single Player,Third Person,Digital Download,Drive 4,Unplayed,2.75,39.90,11.89,,,,,,,0,8.20,8.30,8.10,8.00,N/A,8.15,,Y,N,N,,,,
Dusk,"Shooter, Indie","Action, Horror","Single Player, Multiplayer",First Person,N/A,N/A,N/A,3.67,28.58,N/A,,,,,,,0,8.10,9.00,8.90,8.80,N/A,8.70,0,N,N,N,,,,
Dusk Diver,"Role-playing (RPG), Strategy, Adventure",Action,Single Player,,Digital Download,Drive 4,Unplayed,2.81,25.38,7.16,,,,,,,0,4.80,7.60,6.20,6.40,6.50,6.30,,Y,N,Y,,,,
Dust: An Elysian Tail,"Platform, Role-playing (RPG), Hack and Slash/Beat 'em up, Adventure, Indie","Action, Fantasy",Single Player,Side View,N/A,N/A,N/A,2.83,28.67,1.30,,,,,,,0,8.50,8.20,9.00,8.30,7.90,8.38,,N,N,Y,,,,
Dying Light 2: Stay Human,"Role-playing (RPG), Adventure","Action, Horror, Survival, Open World","Single Player, Multiplayer, Co-operative",First Person,Playstation Plus,Drive 3,Unplayed,3.25,99.00,86.83,,,,,,,0,7.00,7.70,7.60,7.60,N/A,7.48,,Y,Y,Y,,,,
Dying Light: Definitive Edition,"Shooter, Role-playing (RPG), Adventure","Action, Horror, Survival, Stealth, Open World","Single Player, Multiplayer, Co-operative",First Person,Playstation Plus,Drive 3,Unplayed,3.67,79.50,32.33,1,,1,,,,2,8.50,7.20,7.40,7.40,7.49,7.60,0,Y,Y,Y,,,,
Dynasty Warriors 8: Xtreme Legends - Complete Edition,Hack and Slash/Beat 'em up,"Action, Fantasy, Historical","Single Player, Split Screen",Third Person,N/A,N/A,N/A,2.96,72.00,23.83,,,,,,,0,8.20,6.90,7.20,6.90,7.23,7.29,0,N,N,Y,,,,
Dynasty Warriors 9,"Role-playing (RPG), Hack and Slash/Beat 'em up, Adventure","Action, Fantasy, Historical, Open World","Single Player, Multiplayer, Co-operative, Split Screen",Third Person,Playstation Plus,Drive 1,Unplayed,2.68,175.00,48.60,,,,,,,0,5.80,6.50,6.20,6.50,6.48,6.30,0,Y,N,Y,,,,
EA Sports UFC,"Fighting, Simulator, Sport",,"Single Player, Multiplayer, Split Screen",Third Person,Physical Media,Drive 1,Unplayed,3.25,27.00,18.36,,,,,,,0,6.80,6.90,6.90,7.00,7.00,6.92,0,Y,N,N,,,,
Earth Defense Force 5,Shooter,"Action, Science Fiction","Single Player, Multiplayer, Co-operative",Third Person,Playstation Plus,Drive 2,Unplayed,3.84,144.00,18.81,,,,,,,0,8.30,6.70,7.30,7.20,7.37,7.37,,Y,N,Y,,,,
Earth Defense Force 6,Shooter,Action,"Single Player, Multiplayer, Co-operative",Third Person,Playstation Plus,Drive 2,Unplayed,4.00,61.85,36.65,,,,,,,0,7.00,7.80,7.30,7.30,N/A,7.35,,Y,N,Y,,,,
Earth Defense Force: Iron Rain,Shooter,"Action, Science Fiction","Single Player, Co-operative, Multiplayer",Third Person,Playstation Plus,Drive 2,Unplayed,3.68,18.00,19.52,,,,,,,0,7.20,7.20,7.00,6.90,6.94,7.05,0,Y,N,Y,,,,
Earth Defense Force: World Brothers,"Shooter, Strategy","Action, Party",Single Player,Third Person,Playstation Plus,Drive 2,Unplayed,3.67,14.97,12.99,,,,,,,0,6.70,7.70,7.60,7.50,N/A,7.38,0,Y,N,Y,,,,
Earthfall,"Shooter, Adventure","Action, Science Fiction","Single Player, Multiplayer, Co-operative",First Person,N/A,N/A,N/A,3.43,7.00,N/A,,,,,,,0,5.50,5.70,5.80,5.60,4.80,5.48,,N,N,Y,,,,
Earthlock,"Role-playing (RPG), Strategy, Adventure, Indie","Action, Fantasy",Single Player,,Digital Download,Drive 4,Unplayed,4.08,51.75,3.05,,,,,,,0,6.70,7.40,6.70,7.30,5.80,6.78,,Y,N,Y,,,,
Eastern Exorcist,"Platform, Role-playing (RPG), Strategy, Hack and Slash/Beat 'em up, Adventure, Indie","Action, Fantasy",Single Player,Side View,N/A,N/A,N/A,3.08,21.88,N/A,,,,,,,0,5.60,7.50,7.60,7.30,N/A,7.00,,N,N,N,,,,
Eastshade ,"Adventure, Indie",Open World,Single Player,First Person,N/A,N/A,N/A,1.75,26.60,1.33,,,,,,,0,8.10,7.70,8.30,7.80,8.36,8.05,,N,N,N,,,,
ECHO,"Shooter, Role-playing (RPG), Adventure, Indie","Action, Science Fiction",Single Player,Third Person,N/A,N/A,N/A,4.00,18.00,7.13,,,,,,,0,7.00,7.70,7.70,7.90,7.93,7.65,,N,N,N,,,,
Eden Genesis,"Platform, Adventure, Indie","Action, Science Fiction",Single Player,Side View,Digital Download,Drive 4,Unplayed,3.00,15.00,4.22,,,,,,,0,7.50,7.90,7.10,7.40,N/A,7.48,,Y,N,N,,,,
Edge of Eternity,"Role-playing (RPG), Strategy, Turn-based Strategy (TBS), Adventure, Indie","Action, Fantasy, Open World",Single Player,Third Person,N/A,N/A,N/A,3.67,114.87,6.00,,,,,,,0,5.10,5.00,6.30,6.00,N/A,5.60,0,N,N,Y,,,,
Edge of Sanity,"Strategy, Adventure, Indie","Action, Horror, Survival, Stealth",Single Player,Side View,N/A,N/A,N/A,N/A,15.70,N/A,,,,,,,0,8.30,7.00,7.30,8.00,N/A,7.65,0,N,N,N,,,,
Effie,"Platform, Puzzle, Adventure, Indie","Action, Fantasy, Comedy, Open World",Single Player,Third Person,Digital Download,Drive 4,Unplayed,2.75,7.70,5.13,,,,,,,0,7.50,7.00,6.90,6.80,6.50,6.94,,Y,N,N,,,,
Eiyuden Chronicle: Hundred Heroes,"Role-playing (RPG), Strategy, Adventure, Indie","Action, Fantasy",Single Player,Side View,Playstation Plus,Drive 4,Unplayed,3.10,161.22,21.82,,,,,,,0,7.00,8.80,7.60,7.90,N/A,7.83,,Y,N,Y,,,,
Eiyuden Chronicles: Rising,"Role-playing (RPG), Adventure, Indie","Action, Fantasy",Single Player,Side View,Digital Download,Drive 4,Unplayed,2.71,25.27,2.88,,,,,,,0,7.00,7.40,7.20,7.40,N/A,7.25,,Y,N,Y,,,,
El Hijo - A Wild West Tale,"Puzzle, Strategy, Adventure, Indie","Action, Stealth, Kids",Single Player,,N/A,N/A,N/A,3.20,19.80,N/A,,,,,,,0,7.80,7.60,7.20,7.40,N/A,7.50,,N,N,N,,,,
Elden Ring,"Role-playing (RPG), Adventure","Action, Fantasy, Open World","Single Player, Multiplayer, Co-operative",Third Person,N/A,N/A,N/A,4.05,133.00,34.77,1,1,1,1,1,,5,10.00,9.70,9.50,9.60,N/A,9.70,0,N,Y,Y,,,,
Elden Ring: Nightreign,Role-playing (RPG),"Action, Survival, Open World","Single Player, Co-operative",Third Person,N/A,N/A,N/A,4.31,79.95,N/A,,,,,,,0,7.00,8.50,8.10,7.70,N/A,7.83,0,N,Y,Y,,,,
Eldest Souls,"Role-playing (RPG), Adventure, Indie","Action, Fantasy",Single Player,Bird view/Isometric,Playstation Plus,Drive 2,Unplayed,4.50,17.53,2.47,,,,,,,0,8.00,8.20,7.50,7.60,N/A,7.83,,Y,N,Y,,,,
ELEX,"Role-playing (RPG), Adventure","Action, Fantasy, Science Fiction, Open World",Single Player,Third Person,Digital Download,Drive 3,Unplayed,3.83,84.00,29.04,,,,,,,0,4.90,6.00,6.10,6.70,5.92,5.92,0,Y,N,Y,,,,
Elite: Dangerous,"Shooter, Role-playing (RPG), Simulator, Strategy, Adventure","Action, Science Fiction, Sandbox, Open World","Single Player, Multiplayer, Co-operative, Massively Multiplayer Online (MMO)","First Person, Third Person, Virtual Reality",Playstation Plus,Drive 3,Unplayed,3.82,630.00,35.75,,,,,,,0,7.40,8.20,7.90,8.00,7.75,7.85,,Y,N,N,,,,
Enclave HD,"Platform, Role-playing (RPG), Hack and Slash/Beat 'em up, Adventure","Action, Fantasy, Historical",Single Player,Third Person,N/A,N/A,N/A,3.17,22.77,N/A,,,,,,,0,6.00,8.10,5.80,6.00,7.50,6.68,,N,N,N,,,,
Ender Lilies: Quietus of the Knights,"Platform, Role-playing (RPG), Adventure, Indie","Action, Fantasy",Single Player,Side View,Digital Download,Drive 4,Unplayed,3.44,22.00,2.48,,,,,,,0,8.10,7.90,8.50,8.60,N/A,8.28,,Y,N,N,,,Owned,933
Ender Magnolia: Bloom in the Mist,"Role-playing (RPG), Adventure",Action,Single Player,Side View,N/A,N/A,N/A,3.00,25.58,N/A,,,,,,,0,8.80,9.50,8.60,8.30,N/A,8.80,,N,N,N,,,,
Endling: Extinction is Forever,"Simulator, Adventure, Indie","Survival, Stealth, Drama, Sandbox, Open World",Single Player,Side View,N/A,N/A,N/A,2.36,8.75,2.33,,,,,,,0,7.90,7.60,7.90,7.50,N/A,7.73,0,N,N,N,,,,
Enslaved: Odyssey to the West,"Platform, Puzzle, Adventure","Action, Science Fiction",Single Player,Third Person,PS+ Stream,Online Stream,Unplayed,2.86,34.52,N/A,,,,,,,0,8.00,8.20,N/A,8.20,8.25,8.16,,Y,N,N,,,,
Erica,Point-and-click,"Thriller, Drama",Single Player,"First Person, Third Person",Playstation Plus,Drive 3,Unplayed,1.40,21.12,40.17,,,,,,,0,6.00,7.20,7.10,6.90,7.34,6.91,0,Y,N,N,,,,
Eternal Threads,"Puzzle, Adventure, Indie","Action, Survival",Single Player,First Person,N/A,N/A,N/A,1.56,12.30,5.30,,,,,,,0,7.80,6.30,7.40,7.30,N/A,7.20,,N,N,N,,,,
Eternights,"Role-playing (RPG), Hack and Slash/Beat 'em up, Adventure, Indie","Action, Romance",Single Player,Third Person,Digital Download,Drive 4,Unplayed,3.30,23.68,7.99,,,,,,,0,7.40,6.50,7.20,6.80,N/A,6.98,,Y,N,Y,,,,
Eternity: The Last Unicorn,"Role-playing (RPG), Adventure, Indie","Action, Fantasy",Single Player,Third Person,N/A,N/A,N/A,4.00,19.08,N/A,,,,,,,0,8.00,5.40,4.40,3.60,4.08,5.10,0,N,N,N,,,,
Ever Forward,"Puzzle, Adventure, Indie",Mystery,Single Player,Third Person,N/A,N/A,N/A,3.00,8.00,N/A,,,,,,,0,5.70,7.20,6.90,6.50,N/A,6.58,,N,N,N,,,Unowned,734
Everdream Valley,"Role-playing (RPG), Simulator, Strategy, Adventure, Indie, Arcade","Action, Sandbox, Kids, Open World",Single Player,Third Person,Digital Download,Drive 4,Unplayed,3.00,38.62,2.52,,,,,,,0,6.00,4.80,6.20,6.80,N/A,5.95,0,Y,N,N,,,,
Everreach: Project Eden,"Shooter, Role-playing (RPG), Indie","Action, Science Fiction",Single Player,Third Person,Digital Download,Drive 4,Unplayed,3.00,8.45,12.00,,,,,,,0,4.30,4.90,4.30,4.30,N/A,4.45,0,Y,N,Y,,,,
EVERSPACE,"Fighting, Shooter, Simulator, Indie","Action, Science Fiction",Single Player,"First Person, Third Person, Virtual Reality",Digital Download,Drive 2,Unplayed,3.63,66.50,9.11,,,,,,,0,6.10,8.30,8.30,7.90,7.34,7.59,,Y,N,Y,,,,
Everybody's Golf,"Simulator, Sport",Comedy,"Single Player, Multiplayer","Third Person, Bird view/Isometric",Playstation Plus,Drive 1,In-Progress,3.10,60.00,17.47,1,,,,,,1,7.70,7.90,7.80,7.80,7.82,7.80,3,Y,N,Y,,,,
Everybody's Gone to the Rapture,Adventure,"Science Fiction, Drama",Single Player,First Person,N/A,N/A,N/A,1.85,15.63,5.84,,,,,,,0,8.50,7.90,7.90,7.80,7.99,8.02,0,N,N,N,,,,
Everything,"Role-playing (RPG), Simulator, Adventure, Indie","Fantasy, Sandbox, Open World",Single Player,Third Person,Digital Download,Drive 4,Unplayed,1.65,21.80,3.42,,,,,,,0,6.90,7.20,7.30,8.00,7.83,7.45,,Y,N,N,,,,
Evil Dead: The Game,Shooter,"Action, Horror, Survival, Comedy","Single Player, Multiplayer, Co-operative","First Person, Third Person",N/A,N/A,N/A,3.64,180.68,N/A,,,,,,,0,8.00,6.40,7.40,7.20,N/A,7.25,,N,N,N,,,,
Evil West,"Shooter, Hack and Slash/Beat 'em up, Adventure","Action, Fantasy, Horror","Single Player, Multiplayer, Co-operative",Third Person,Digital Download,Drive 2,Unplayed,3.47,23.00,27.68,,,,,,,0,7.00,7.20,7.40,7.30,N/A,7.23,,Y,N,Y,,,,
Evoland Legendary Edition,"Role-playing (RPG), Adventure, Indie","Action, Fantasy",Single Player,Bird view/Isometric,N/A,N/A,N/A,2.93,42.15,N/A,,,,,,,0,N/A,9.20,7.40,6.60,6.86,7.51,0,N,N,N,,,,
Evotinction,"Role-playing (RPG), Strategy, Hack and Slash/Beat 'em up, Adventure","Action, Science Fiction, Stealth",Single Player,Third Person,N/A,N/A,N/A,N/A,66.73,N/A,,,,,,,0,6.00,7.50,7.20,7.30,N/A,7.00,,N,N,N,,,,
Exist Archive: The Other Side of the Sky,Role-playing (RPG),Fantasy,Single Player,Side View,N/A,N/A,N/A,3.08,108.05,N/A,,,,,,,0,5.00,6.70,6.90,6.90,7.00,6.50,,N,N,Y,,,,
Extinction,"Hack and Slash/Beat 'em up, Adventure","Action, Fantasy",Single Player,,Digital Download,Drive 4,Unplayed,4.17,19.05,2.86,,,,,,,0,6.60,5.20,5.30,4.70,4.29,5.22,,Y,N,Y,,,,
F. E. A. R. (Campaign Mode),Shooter,"Action, Science Fiction, Horror","Single Player, Multiplayer",First Person,PS+ Stream,Online Stream,Unplayed,3.18,21.10,N/A,,,,,,,0,8.10,8.10,N/A,8.80,7.33,8.08,,Y,N,N,,,,
Fade to Silence,"Role-playing (RPG), Adventure","Action, Science Fiction, Survival, Open World","Single Player, Multiplayer, Co-operative",Third Person,Playstation Plus,Drive 3,Unplayed,3.60,38.00,12.64,,,,,,,0,7.20,4.20,5.70,5.50,5.28,5.58,0,Y,N,Y,,,,
Fairy Fencer F Advent Dark Force,"Role-playing (RPG), Strategy, Adventure",Fantasy,Single Player,Third Person,Digital Download,Drive 4,Unplayed,2.98,83.27,10.08,,,,,,,0,6.70,6.80,6.70,7.10,7.00,6.86,,Y,N,Y,,,,
Fairy Tail,"Role-playing (RPG), Adventure","Action, Fantasy",Single Player,Third Person,N/A,N/A,N/A,2.86,68.50,6.50,,,,,,,0,7.40,6.30,7.10,7.10,N/A,6.98,,N,N,Y,,,,
Fallout 3,"Shooter, Role-playing (RPG)","Action, Science Fiction, Survival, Stealth, Sandbox, Open World",Single Player,"First Person, Third Person",PS+ Stream,Online Stream,Unplayed,3.12,475.90,N/A,,,,,,,0,8.80,8.90,N/A,9.30,9.05,9.01,,Y,Y,N,,,,
Fallout 76,"Shooter, Role-playing (RPG)","Action, Science Fiction, Survival, Open World","Multiplayer, Co-operative, Massively Multiplayer Online (MMO)","First Person, Third Person",Playstation Plus,Drive 3,Unplayed,2.80,293.00,88.02,,,,,,,0,7.00,5.10,5.40,5.20,5.12,5.56,0,Y,Y,N,,,,
Fallout: New Vegas,"Shooter, Role-playing (RPG)","Action, Science Fiction, Survival, Stealth, Sandbox, Open World",Single Player,"First Person, Third Person",PS+ Stream,Online Stream,Unplayed,3.10,315.70,N/A,,,,,,,0,8.50,8.20,N/A,8.40,8.31,8.35,,Y,Y,N,,,,
Fantasian Neo-Dimension,"Role-playing (RPG), Strategy, Adventure","Fantasy, Science Fiction, Open World",Single Player,Third Person,N/A,N/A,N/A,4.50,130.00,N/A,,,,,,,0,8.70,8.50,8.10,8.00,N/A,8.33,0,N,N,Y,,,,
Fantasy Life i: The Girl Who Steals Time,"Role-playing (RPG), Simulator, Adventure","Action, Fantasy","Single Player, Multiplayer, Co-operative",Third Person,N/A,N/A,N/A,3.33,192.72,N/A,,,,,,,0,9.00,8.30,8.50,8.00,N/A,8.45,0,N,N,N,,,,
Far Cry 3 Blood Dragon Classic Edition,"Shooter, Adventure","Action, Comedy, Open World",Single Player,First Person,Playstation Plus,Drive 2,Unplayed,3.38,9.00,3.60,,,,,,,0,8.00,8.30,N/A,8.00,N/A,8.10,0,Y,Y,Y,,,,
Far Cry 3 Classic Edition,"Shooter, Adventure","Action, Survival, Stealth, Sandbox, Open World",Single Player,First Person,Playstation Plus,Drive 2,Unplayed,3.03,37.00,6.88,,,,,,1,1,8.10,8.00,7.50,8.20,N/A,7.95,0,Y,Y,Y,,,,
Far Cry 4,"Shooter, Tactical, Adventure","Action, Historical, Stealth, Sandbox, Open World, Warfare","Single Player, Multiplayer, Co-operative",First Person,Playstation Plus,Drive 2,Unplayed,2.95,46.50,22.44,1,,,,,,1,8.50,8.60,8.40,8.50,8.36,8.47,0,Y,Y,Y,,,,
Far Cry 5,"Shooter, Adventure","Action, Open World","Single Player, Multiplayer, Co-operative",First Person,Digital Download,Drive 2,In-Progress,2.98,47.00,52.98,,1,1,,,,2,8.90,8.40,8.20,8.10,8.20,8.36,4,Y,Y,Y,,,,
Far Cry New Dawn,"Shooter, Adventure","Action, Open World","Single Player, Multiplayer, Co-operative",First Person,Playstation Plus,Drive 2,Unplayed,2.93,29.00,23.60,,,,,,,0,7.50,7.20,7.30,7.10,7.17,7.25,0,Y,Y,Y,,,,
Far Cry Primal,"Shooter, Adventure","Action, Survival, Historical, Open World",Single Player,First Person,Playstation Plus,Drive 2,Unplayed,2.97,36.50,13.08,1,,,,,,1,7.90,7.60,7.60,7.70,7.67,7.69,0,Y,Y,Y,,,,
FAR: Changing Tides,"Platform, Puzzle, Adventure, Indie","Action, Mystery",Single Player,Side View,Playstation Plus,Drive 2,Unplayed,2.83,9.00,3.26,,,,,,,0,7.00,8.80,8.00,7.30,N/A,7.78,,Y,N,N,,,,
FAR: Lone Sails,"Platform, Puzzle, Simulator, Adventure, Indie","Action, Fantasy, Survival, Kids, Mystery",Single Player,Side View,Digital Download,Drive 2,Unplayed,2.00,7.00,4.78,,,,,,,0,9.00,7.80,8.00,8.00,8.20,8.20,,Y,N,N,,,,
Fatal Frame: Maiden of Black Water,"Puzzle, Strategy, Adventure","Action, Horror, Survival",Single Player,"First Person, Third Person",N/A,N/A,N/A,3.12,53.40,N/A,,,,,,,0,6.70,7.50,6.80,6.70,6.77,6.89,,N,N,Y,,,,
Fatal Frame: Mask of the Lunar Eclipse,Adventure,"Action, Horror, Mystery",Single Player,Third Person,N/A,N/A,N/A,2.80,38.23,7.07,,,,,,,0,8.10,6.80,7.00,6.80,N/A,7.18,,N,N,Y,,,,
Fate/Extella Link,Hack and Slash/Beat 'em up,"Action, Fantasy","Single Player, Multiplayer",Third Person,N/A,N/A,N/A,2.75,71.80,N/A,,,,,,,0,7.30,7.20,7.70,7.50,7.62,7.46,0,N,N,Y,,,,
Fate/Extella: The Umbral Star,"Fighting, Hack and Slash/Beat 'em up",Action,Single Player,Third Person,N/A,N/A,N/A,2.84,109.65,N/A,,,,,,,0,7.00,6.90,6.70,6.70,6.55,6.77,0,N,N,Y,,,,
Fate/Samurai Remnant,Role-playing (RPG),Action,Single Player,Third Person,Playstation Plus,Drive 4,Unplayed,2.86,88.38,23.64,,,,,,,0,8.10,8.00,8.10,8.10,N/A,8.08,0,Y,N,Y,,,,
Fe,"Platform, Adventure","Action, Fantasy, Stealth, Mystery",Single Player,Third Person,N/A,N/A,N/A,2.38,16.87,N/A,,,,,,,0,6.50,7.10,7.30,7.00,7.06,6.99,,N,N,N,,,,
Fez,"Platform, Puzzle, Adventure, Indie","Fantasy, Open World",Single Player,Side View,Digital Download,Drive 4,Unplayed,3.33,23.33,0.24,,,,,,,0,9.50,8.60,8.80,8.90,8.85,8.93,,Y,N,N,,,,
Fight'N Rage,"Fighting, Hack and Slash/Beat 'em up, Arcade, Indie","Action, Comedy","Single Player, Multiplayer, Co-operative",,N/A,N/A,N/A,4.00,38.37,0.29,,,,,,,0,7.40,7.30,8.20,7.90,8.38,7.84,,N,N,Y,,,,
Figment 1,"Music, Platform, Puzzle, Adventure, Indie","Action, Fantasy, Comedy",Single Player,Bird view/Isometric,Digital Download,Drive 4,Unplayed,2.67,11.82,0.82,,,,,,,0,7.00,8.90,7.90,7.50,7.83,7.83,,Y,N,N,,,,
Figment 2: Creed Valley,"Music, Puzzle, Adventure, Indie","Action, Fantasy, Comedy","Single Player, Multiplayer, Co-operative","Third Person, Bird view/Isometric",Digital Download,Drive 4,Unplayed,2.40,8.60,1.60,,,,,,,0,7.60,9.00,7.20,7.60,N/A,7.85,0,Y,N,N,,,,
Final Fantasy Crystal Chronicles Remastered Edition,"Role-playing (RPG), Adventure","Action, Fantasy","Single Player, Multiplayer, Co-operative","Third Person, Bird view/Isometric",N/A,N/A,N/A,3.08,61.80,N/A,,,,,,,0,3.00,5.30,6.10,5.90,N/A,5.08,0,N,N,Y,,,,
Final Fantasy IX,"Role-playing (RPG), Turn-based Strategy (TBS), Adventure","Fantasy, Open World",Single Player,"Third Person, Bird view/Isometric",Digital Download,Drive 1,Unplayed,3.02,83.00,5.17,,,,,,1,1,9.20,8.40,8.10,9.40,8.41,8.70,0,Y,N,Y,,,,
Final Fantasy Type 0 HD,"Role-playing (RPG), Adventure","Action, Fantasy","Single Player, Multiplayer",Third Person,Physical Media,Drive 1,Unplayed,3.15,50.00,23.49,,,,,,,0,8.00,7.50,7.20,7.20,7.25,7.43,0,Y,N,Y,,,,
Final Fantasy VII,"Role-playing (RPG), Turn-based Strategy (TBS)","Fantasy, Science Fiction, Drama",Single Player,"Third Person, Bird view/Isometric",Digital Download,Drive 1,Unplayed,2.90,80.50,4.95,,,,,,,0,8.20,8.50,8.10,8.10,N/A,8.23,0,Y,N,Y,Removed from PS+ after download.,,,
Final Fantasy X/X-2 HD Remaster Collection,"Role-playing (RPG), Adventure","Action, Fantasy",Single Player,Third Person,Digital Download,Drive 1,Unplayed,3.07,262.00,31.85,,,,,,,0,9.50,8.60,8.30,8.50,8.33,8.65,,Y,N,Y,"Contains the following:
• Final Fantasy X
• Final Fantasy X Eternal Calm
• Final Fantasy X-2
• Final Fantasy X-2 Last Mission",,,
Final Fantasy XII: The Zodiac Age,"Role-playing (RPG), Adventure","Action, Fantasy, Sandbox",Single Player,Third Person,N/A,N/A,Removed,2.99,104.00,40.77,,,,,1,,1,8.80,8.80,8.50,8.60,8.60,8.66,0,N,N,Y,Removed from PS+ after download.,,,
Final Fantasy XIV: Shadowbringers,Role-playing (RPG),"Action, Fantasy, Drama, Open World","Single Player, Multiplayer, Co-operative, Massively Multiplayer Online (MMO)",Third Person,N/A,N/A,N/A,3.26,2284.07,N/A,,,,,,,0,9.50,9.10,9.00,9.00,9.41,9.20,,N,Y,N,,,,
Final Fantasy XV,"Role-playing (RPG), Hack and Slash/Beat 'em up, Adventure","Action, Fantasy, Science Fiction, Survival, Sandbox, Open World","Single Player, Co-operative",Third Person,N/A,N/A,Removed,2.78,116.00,79.55,,,,,,,0,8.20,8.10,8.10,8.10,8.14,8.13,3,N,N,Y,"Mostly completed, but removed",,,
Fire Pro Wrestling World,"Fighting, Simulator, Sport",Action,"Single Player, Multiplayer",Bird view/Isometric,Physical Media,Drive 3,In-Progress,3.35,61.00,4.62,,,,,,,0,7.00,7.80,8.10,7.90,8.13,7.79,3,Y,N,Y,,,,
Firewatch,"Adventure, Indie","Drama, Open World, Mystery",Single Player,First Person,Digital Download,Drive 1,In-Progress,1.53,5.00,6.85,,,,,,,0,9.30,7.90,8.00,8.10,7.60,8.18,3,Y,N,N,,,,
Fist of the North Star: Lost Paradise,"Role-playing (RPG), Hack and Slash/Beat 'em up, Adventure","Action, Fantasy",Single Player,Third Person,Digital Download,Drive 4,Unplayed,3.09,123.70,36.31,,,,,,,0,7.20,6.70,7.30,7.20,7.25,7.13,0,Y,N,Y,,,,
FIST: Forged in Shadow Torch,"Platform, Role-playing (RPG), Simulator, Adventure, Indie","Action, Fantasy",Single Player,Side View,N/A,N/A,Removed,3.67,20.50,26.00,,,,,,,0,7.40,8.70,8.10,8.00,N/A,8.05,,N,N,Y,,,,
Flinthook,"Shooter, Platform, Adventure, Indie, Arcade","Action, Science Fiction",Single Player,Side View,N/A,N/A,N/A,3.79,55.40,N/A,,,,,,,0,6.80,8.10,7.70,7.60,7.50,7.54,,N,N,N,,,,
Flynn: Son of Crimson,"Platform, Role-playing (RPG), Adventure, Indie","Action, Fantasy",Single Player,Side View,N/A,N/A,N/A,3.50,14.33,N/A,,,,,,,0,7.30,9.00,7.80,8.10,N/A,8.05,,N,N,Y,,,,
Fobia - St. Dinfna Hotel,"Puzzle, Adventure, Indie","Science Fiction, Horror, Thriller, Survival, Mystery",Single Player,First Person,Digital Download,Drive 2,Unplayed,3.00,28.32,6.43,,,,,,,0,7.20,7.30,7.10,7.30,N/A,7.23,,Y,N,N,,,,
For Honor,"Fighting, Hack and Slash/Beat 'em up","Action, Historical","Single Player, Multiplayer, Co-operative",Third Person,Playstation Plus,Drive 3,Unplayed,3.31,19.00,59.94,,,,,,,0,8.00,7.70,7.70,7.80,7.79,7.80,0,Y,N,N,,,,
Forager,"Puzzle, Role-playing (RPG), Simulator, Strategy, Adventure, Indie","Action, Fantasy, Open World",Single Player,Bird view/Isometric,N/A,N/A,N/A,2.53,102.45,N/A,,,,,,,0,7.80,7.10,7.60,7.80,8.09,7.68,,N,N,Y,,,,
FORECLOSED,"Shooter, Role-playing (RPG), Adventure, Indie","Action, Science Fiction",Single Player,Third Person,Digital Download,Drive 1,Unplayed,2.29,9.65,1.87,,,,,,,0,5.60,6.50,5.90,6.00,N/A,6.00,,Y,N,Y,,,,
Foregone,"Platform, Adventure, Indie",Action,Single Player,Side View,N/A,N/A,N/A,2.75,20.10,1.14,,,,,,,0,7.30,N/A,7.30,7.00,N/A,7.20,0,N,N,N,,,,
Forgive Me Father,"Shooter, Indie","Action, Fantasy, Horror",Single Player,First Person,N/A,N/A,N/A,3.50,20.93,N/A,,,,,,,0,7.30,7.00,7.10,7.40,N/A,7.20,,N,N,N,,,,
Forgotton Anne,"Platform, Puzzle, Role-playing (RPG), Adventure, Indie","Action, Fantasy",Single Player,Side View,Digital Download,Drive 4,Unplayed,2.86,10.00,3.50,,,,,,,0,7.40,8.00,8.00,7.60,7.81,7.76,,Y,N,N,,,,
Formula Retro Racing - World Tour,"Racing, Simulator, Sport, Indie, Arcade",Action,"Single Player, Multiplayer",Third Person,N/A,N/A,N/A,3.50,7.05,N/A,,,,,,,0,N/A,N/A,7.15,6.50,N/A,6.83,,N,N,N,,,,
Fran Bow,"Point-and-click, Puzzle, Adventure, Indie, Arcade","Action, Fantasy, Horror",Single Player,Side View,N/A,N/A,N/A,3.00,17.02,N/A,,,,,,,0,8.40,7.50,6.10,7.00,7.00,7.20,,N,N,N,,,,
Freedom Planet,"Platform, Puzzle, Adventure, Indie","Action, Fantasy, Science Fiction",Single Player,"Side View, Text",N/A,N/A,N/A,3.88,31.43,N/A,,,,,,,0,N/A,8.20,8.10,8.20,8.50,8.25,0,N,N,Y,,,,
Freedom Planet 2,"Platform, Adventure, Indie","Action, Science Fiction",Single Player,Side View,N/A,N/A,N/A,4.25,39.10,N/A,,,,,,,0,N/A,8.80,8.30,8.10,N/A,8.40,0,N,N,N,,,,
Freedom Wars Remastered,"Shooter, Role-playing (RPG)","Action, Science Fiction, Warfare","Single Player, Multiplayer, Co-operative",Third Person,N/A,N/A,N/A,3.80,103.87,N/A,,,,,,,0,8.00,8.20,7.20,7.40,7.42,7.64,0,N,N,N,,,,
Frostpunk: Console Edition,"Simulator, Strategy, Indie","Survival, Drama",Single Player,Bird view/Isometric,Playstation Plus,Drive 1,Unplayed,3.88,58.00,9.65,,,,,,,0,9.00,8.60,8.60,8.40,8.66,8.65,0,Y,N,N,,,,
Full Throttle Remastered,"Point-and-click, Adventure",,Single Player,Side View,Digital Download,Drive 1,Unplayed,2.24,9.83,8.90,,,,,,,0,8.00,7.80,7.90,7.70,8.05,7.89,,Y,N,N,,,,
Furi,"Shooter, Hack and Slash/Beat 'em up, Adventure, Indie","Action, Science Fiction",Single Player,"Third Person, Bird view/Isometric",Digital Download,Drive 4,Unplayed,4.30,18.00,2.38,,,,,,,0,6.80,7.90,7.80,7.70,7.67,7.57,,Y,N,N,,,,
Fury Unleashed,"Shooter, Platform, Role-playing (RPG), Adventure, Indie","Action, Fantasy, Science Fiction","Single Player, Multiplayer, Co-operative",Side View,Playstation Plus,Drive 1,Unplayed,4.17,22.60,1.64,,,,,,,0,7.30,7.70,7.60,7.60,N/A,7.55,,Y,N,N,,,,
Gal Guardians: Demon Purge,"Platform, Adventure","Action, Fantasy, Horror","Single Player, Co-operative, Split Screen",Side View,N/A,N/A,N/A,3.86,22.77,N/A,,,,,,,0,N/A,8.00,7.60,7.60,N/A,7.73,,N,N,Y,,,,
Gal Guardians: Servants of the Dark,"Platform, Adventure",Action,"Single Player, Multiplayer, Co-operative",Side View,N/A,N/A,N/A,3.00,23.28,N/A,,,,,,,0,8.00,N/A,8.40,7.50,N/A,7.97,,N,N,N,,,,
Gas Guzzlers Extreme,"Fighting, Shooter, Racing, Sport","Action, Party","Single Player, Multiplayer, Co-operative",Third Person,N/A,N/A,N/A,3.29,18.98,7.00,,,,,,,0,7.30,6.00,4.70,6.20,6.22,6.08,,N,N,N,,,,
Gas Station Simulator,"Simulator, Indie",Business,Single Player,First Person,N/A,N/A,N/A,4.00,37.47,N/A,,,,,,,0,7.70,7.30,7.40,7.20,N/A,7.40,,N,N,N,,,,
Gauntlet: Slayer Edition,"Role-playing (RPG), Hack and Slash/Beat 'em up","Action, Fantasy","Single Player, Multiplayer",Bird view/Isometric,Digital Download,Drive 2,Unplayed,3.34,73.40,2.17,,,,,,,0,7.10,6.80,7.00,7.10,6.91,6.98,,Y,N,Y,,,,
Gearshifters,"Shooter, Racing, Arcade",Action,Single Player,Side View,N/A,N/A,N/A,4.00,12.90,N/A,,,,,,,0,5.50,8.00,7.90,8.00,N/A,7.35,,N,N,N,,,,
Generation Zero: Gold Bundle,"Shooter, Adventure","Action, Open World","Single Player, Multiplayer, Co-operative",First Person,Digital Download,Drive 3,Unplayed,3.71,87.50,56.23,,,,,,,0,4.00,5.30,4.90,4.50,4.79,4.70,,Y,N,Y,,,,
Genesis Alpha One,"Shooter, Role-playing (RPG), Simulator, Adventure, Indie","Action, Science Fiction, Survival",Single Player,Third Person,Digital Download,Drive 4,Unplayed,3.50,107.00,8.57,,,,,,,0,10.00,5.90,7.00,6.50,7.27,7.33,0,Y,N,N,,,,
Get Even,"Shooter, Adventure","Action, Science Fiction, Horror, Thriller, Survival",Single Player,First Person,Playstation Plus,Drive 2,Unplayed,3.00,18.00,29.41,,,,,,,0,6.70,7.40,7.20,7.10,6.98,7.08,,Y,N,N,,,,
Ghost of a Tale,"Puzzle, Role-playing (RPG), Adventure, Indie","Action, Fantasy, Stealth",Single Player,Third Person,Digital Download,Drive 2,Unplayed,3.21,20.00,8.41,,,,,,,0,7.20,6.50,7.50,7.50,8.45,7.43,,Y,N,N,,,,
Ghost Song,"Platform, Role-playing (RPG), Adventure, Indie","Action, Science Fiction, Open World",Single Player,Side View,Digital Download,Drive 4,Unplayed,4.07,22.32,2.41,,,,,,,0,7.30,7.30,7.80,7.90,N/A,7.58,,Y,N,Y,,,,
Ghost Trick: Phantom Detective,"Puzzle, Adventure",Action,Single Player,Side View,N/A,N/A,N/A,3.20,21.28,N/A,,,,,,,0,8.50,8.60,8.60,8.30,8.50,8.50,,N,N,N,,,,
Ghostbusters: The Video Game Remastered,"Shooter, Adventure",Action,Single Player,Third Person,N/A,N/A,N/A,3.16,22.15,18.77,,,,,,,0,6.00,6.00,6.90,6.60,7.02,6.50,0,N,N,Y,,,,
Ghostrunner,"Shooter, Platform, Adventure","Action, Science Fiction",Single Player,First Person,N/A,N/A,Removed,4.00,13.50,23.63,,,,,,,0,8.00,8.20,8.20,8.10,N/A,8.13,0,N,N,N,Removed from PS+ after download,,,
Ghostrunner 2,"Shooter, Strategy, Hack and Slash/Beat 'em up, Adventure","Action, Science Fiction",Single Player,First Person,N/A,N/A,N/A,3.57,16.00,13.35,,,,,,,0,9.00,7.60,7.90,8.00,N/A,8.13,,N,N,N,,,,
Ghosts 'n Goblins Resurrection,"Platform, Adventure",Action,Single Player,Side View,N/A,N/A,N/A,4.70,26.05,6.70,,,,,,,0,8.00,6.90,7.50,7.40,N/A,7.45,0,N,N,N,,,,
Gibbon: Beyond the Trees,"Shooter, Arcade","Action, Science Fiction","Single Player, Multiplayer, Co-operative",Bird view/Isometric,N/A,N/A,N/A,2.00,5.85,N/A,,,,,,,0,7.20,6.90,5.70,6.30,N/A,6.53,,N,N,N,,,,
Ginga Force,"Shooter, Arcade","Action, Science Fiction",Single Player,"Third Person, Bird view/Isometric",Digital Download,Drive 1,Unplayed,5.00,8.08,2.21,,,,,,,0,N/A,8.20,5.40,7.50,N/A,7.03,,Y,N,N,,,,
Goat Simulator: The Bundle,"Simulator, Adventure, Indie","Action, Comedy, Sandbox, Open World","Single Player, Multiplayer, Co-operative, Split Screen",Third Person,Physical Media,Drive 1,In-Progress,2.75,30.50,2.43,,,,,,,0,8.00,5.20,4.80,5.80,6.51,6.06,2,Y,N,N,,,,
God Eater 2,"Role-playing (RPG), Hack and Slash/Beat 'em up","Action, Fantasy, Science Fiction","Single Player, Multiplayer, Co-operative",Third Person,Digital Download,Drive 4,Unplayed,3.33,92.42,11.16,,,,,,,0,6.60,7.60,7.30,6.90,7.01,7.08,,Y,N,Y,,,,
God Eater 3,"Role-playing (RPG), Adventure","Action, Fantasy","Single Player, Multiplayer, Co-operative",Third Person,Digital Download,Drive 4,Unplayed,2.97,128.53,19.00,,,,,,,0,7.60,7.30,7.30,7.10,7.09,7.28,,Y,N,Y,,,,
God Eater Burst,"Role-playing (RPG), Adventure","Action, Science Fiction","Single Player, Co-operative",Third Person,Playstation Plus,Drive 4,Unplayed,3.56,106.35,1.09,,,,,,,0,6.50,7.30,7.20,7.10,N/A,7.03,,Y,N,N,,,,
God Eater: Resurrection,"Role-playing (RPG), Hack and Slash/Beat 'em up","Action, Fantasy, Science Fiction","Single Player, Co-operative",Third Person,Digital Download,Drive 4,Unplayed,3.70,92.00,7.53,,,,,,,0,6.80,7.20,7.20,7.00,7.06,7.05,0,Y,N,Y,,,,
God of Rock,"Fighting, Music, Strategy, Indie, Arcade","Action, Fantasy","Single Player, Multiplayer, Split Screen",Side View,Digital Download,Drive 1,Unplayed,4.00,12.52,3.30,,,,,,,0,6.00,5.80,5.70,6.20,N/A,5.93,0,Y,N,N,,,,
God of War,"Role-playing (RPG), Hack and Slash/Beat 'em up, Adventure","Action, Fantasy, Historical",Single Player,Third Person,Digital Download,Drive 2,Completed,3.42,51.00,46.75,1,1,,,1,,3,10.00,9.60,9.40,9.40,9.39,9.56,4,Y,Y,Y,,,,
God of War HD,"Puzzle, Hack and Slash/Beat 'em up, Adventure","Action, Fantasy, Historical",Single Player,Third Person,PS+ Stream,Online Stream,Unplayed,3.29,31.50,N/A,,,,,,,0,9.80,8.40,N/A,9.40,9.36,9.24,,Y,N,N,,,,
God of War II HD,"Hack and Slash/Beat 'em up, Adventure","Action, Fantasy, Historical",Single Player,Third Person,PS+ Stream,Online Stream,Unplayed,3.28,31.73,N/A,,,,,,,0,9.70,8.00,N/A,9.30,9.27,9.07,,Y,N,N,,,,
God of War III: Remastered,"Hack and Slash/Beat 'em up, Adventure","Action, Fantasy, Historical",Single Player,Third Person,Playstation Plus,Drive 2,Unplayed,3.11,18.50,39.51,,1,,,,,1,8.80,7.90,8.00,8.10,8.02,8.16,0,Y,N,Y,,,,
God of War: Ascension,"Hack and Slash/Beat 'em up, Adventure","Action, Fantasy, Historical","Single Player, Multiplayer",Third Person,PS+ Stream,Online Stream,Unplayed,3.15,24.48,N/A,,,,,,,0,7.80,7.60,N/A,8.00,7.93,7.83,,Y,N,N,,,,
God's Trigger,"Shooter, Puzzle, Hack and Slash/Beat 'em up, Indie","Action, Fantasy","Single Player, Multiplayer, Co-operative",Bird view/Isometric,Digital Download,Drive 2,Unplayed,3.50,10.78,7.30,,,,,,,0,6.70,9.00,8.00,7.10,6.63,7.49,,Y,N,Y,,,,
Godfall,"Role-playing (RPG), Adventure","Action, Fantasy","Single Player, Multiplayer",Third Person,N/A,N/A,N/A,3.17,51.00,16.01,,,,,,,0,6.00,6.80,6.00,6.10,N/A,6.23,,N,N,N,,,,
Going Under,"Fighting, Hack and Slash/Beat 'em up, Indie","Action, Comedy",Single Player,Third Person,Digital Download,Drive 4,Unplayed,4.14,53.98,2.41,,,,,,,0,7.50,7.90,8.10,7.80,N/A,7.83,,Y,N,N,,,,
Golden Force,"Platform, Role-playing (RPG), Adventure, Indie, Arcade","Action, Fantasy","Single Player, Multiplayer",Side View,Digital Download,Drive 1,Unplayed,4.50,10.00,1.31,,,,,,,0,N/A,6.70,6.30,6.50,N/A,6.50,,Y,N,N,,,,
Gone Home,"Point-and-click, Music, Puzzle, Adventure, Indie","Action, Drama, Mystery",Single Player,First Person,N/A,N/A,N/A,1.41,4.00,2.65,,,,,,,0,9.50,7.40,8.50,8.60,8.14,8.43,,N,N,N,,,,
Goodbye Volcano High,"Music, Adventure, Indie","Drama, Romance",Single Player,,N/A,N/A,N/A,1.33,10.02,N/A,,,,,,,0,7.50,9.00,7.70,8.10,N/A,8.08,,N,N,N,,,,
Gori: Cuddly Carnage,"Platform, Hack and Slash/Beat 'em up, Adventure, Indie","Action, Science Fiction, Horror, Comedy",Single Player,Third Person,N/A,N/A,N/A,3.00,19.92,N/A,,,,,,,0,7.30,8.00,7.80,7.80,N/A,7.73,,N,N,N,,,,
Gran Turismo 7,"Racing, Simulator, Sport",Non-fiction,"Single Player, Multiplayer, Split Screen","First Person, Third Person, Side View, Virtual Reality",N/A,N/A,N/A,3.58,153.00,79.00,,,,,,,0,9.00,8.70,8.70,8.70,N/A,8.78,,N,N,N,,,,
Granblue Fantasy Versus: Rising,"Fighting, Role-playing (RPG)","Action, Fantasy, Party","Single Player, Multiplayer, Co-operative, Split Screen",Side View,Playstation Plus,Drive 3,Unplayed,3.00,16.72,41.92,,,,,,,0,9.00,9.00,8.30,8.10,N/A,8.60,0,Y,N,Y,,,,
Granblue Fantasy: Relink,"Role-playing (RPG), Hack and Slash/Beat 'em up, Adventure","Action, Fantasy","Single Player, Multiplayer, Co-operative",Third Person,Playstation Plus,Drive 3,Unplayed,3.26,128.00,34.39,,,,,,,0,8.00,8.30,8.10,8.00,N/A,8.10,,Y,N,Y,,,,
Grand Theft Auto V,"Shooter, Racing, Adventure","Action, Comedy, Sandbox, Open World","Single Player, Multiplayer, Co-operative","First Person, Third Person",Physical Media,Drive 3,In-Progress,2.93,85.00,92.52,1,1,1,,,,3,10.00,8.80,9.20,9.70,9.60,9.46,0,Y,Y,Y,,,,
Grandia,Role-playing (RPG),Fantasy,Single Player,Bird view/Isometric,Playstation Plus,Drive 3,Unplayed,3.20,100.00,4.10,,,,,,,0,9.00,7.60,7.30,8.90,N/A,8.20,0,Y,N,Y,,,,
Gravel,"Racing, Simulator, Sport, Arcade",,"Single Player, Multiplayer",,Digital Download,Drive 4,Unplayed,3.22,28.00,19.18,,,,,,,0,5.90,7.10,6.80,6.70,6.79,6.66,0,Y,N,N,,,,
Graven,"Shooter, Role-playing (RPG), Adventure",Action,"Single Player, Multiplayer, Co-operative",First Person,N/A,N/A,N/A,3.00,21.05,4.06,,,,,,,0,7.00,7.50,6.40,6.50,N/A,6.85,0,N,N,Y,,,,
Graveyard Keeper,"Strategy, Adventure, Indie","Action, Fantasy, Business, Mystery",Single Player,Bird view/Isometric,Digital Download,Drive 2,Unplayed,3.00,72.00,1.02,,,,,,,0,7.40,7.50,6.50,6.90,6.83,7.03,,Y,N,N,,,,
Gravity Circuit,"Platform, Indie, Arcade",Action,Single Player,Side View,N/A,N/A,N/A,4.00,12.00,0.48,,,,,,,0,8.70,9.00,8.60,8.90,N/A,8.80,,N,N,N,,,,
Gravity Rush 2,"Platform, Adventure",Action,Single Player,Third Person,Playstation Plus,Drive 1,Unplayed,3.02,52.50,18.73,,,,,,,0,8.40,8.10,8.10,8.00,8.02,8.12,0,Y,N,Y,,,,
Greak: Memories of Azur,"Platform, Puzzle, Role-playing (RPG), Adventure, Indie","Action, Fantasy",Single Player,Side View,Digital Download,Drive 1,Unplayed,3.00,14.98,1.39,,,,,,,0,7.40,7.50,7.20,7.40,N/A,7.38,,Y,N,Y,,,,
Grim Fandango Remastered,"Point-and-click, Puzzle, Adventure","Comedy, Drama",Single Player,Bird view/Isometric,Digital Download,Drive 3,Unplayed,3.29,11.50,4.53,,,,,,1,1,9.30,8.20,8.20,8.00,7.80,8.30,0,Y,N,N,,,,
GRIME,"Platform, Role-playing (RPG), Adventure, Indie","Action, Fantasy",Single Player,Side View,N/A,N/A,Removed,4.33,28.00,8.95,,,,,,,0,9.00,9.50,8.10,8.10,N/A,8.68,,N,N,Y,Removed from PS+ after download.,,,
GRIP: Combat Racing,"Shooter, Racing, Indie","Action, Science Fiction","Single Player, Multiplayer, Split Screen",Third Person,N/A,N/A,N/A,3.80,55.45,3.40,,,,,,,0,5.40,6.80,6.90,7.10,6.69,6.58,,N,N,N,,,,
GRIS,"Platform, Puzzle, Adventure, Indie","Action, Fantasy, Drama",Single Player,Side View,Playstation Plus,Drive 2,Unplayed,1.87,7.00,3.08,,,,,,,0,6.50,8.10,8.50,8.30,8.47,7.97,,Y,N,N,,,,
Grow Home,"Platform, Adventure","Science Fiction, Open World",Single Player,Third Person,N/A,N/A,N/A,2.10,14.90,N/A,,,,,,,0,8.80,7.80,7.60,7.50,7.33,7.81,,N,N,N,,,,
Grow Up,"Platform, Adventure","Action, Science Fiction, Open World",Single Player,Third Person,N/A,N/A,N/A,2.17,15.68,N/A,,,,,,,0,7.80,6.90,6.80,7.00,6.71,7.04,,N,N,N,,,,
Grow: Song of the Evertree,"Puzzle, Role-playing (RPG), Simulator, Adventure, Indie","Action, Fantasy, Sandbox, Kids, Open World",Single Player,Third Person,Digital Download,Drive 4,Unplayed,2.38,52.62,2.88,,,,,,,0,7.50,8.10,7.80,7.80,N/A,7.80,0,Y,N,N,,,,
Gryphon Knight Epic: Definitive Edition,"Shooter, Indie",Action,Single Player,,Digital Download,Drive 4,Unplayed,2.67,14.08,0.69,,,,,,,0,N/A,N/A,6.20,5.50,6.50,6.07,,Y,N,Y,,,,
Gunfire Reborn,"Shooter, Role-playing (RPG), Adventure, Indie",Action,"Single Player, Multiplayer, Co-operative",First Person,N/A,N/A,N/A,3.79,179.72,N/A,,,,,,,0,7.60,7.40,7.70,7.50,N/A,7.55,,N,N,N,,,,
"Guns, Gore, and Cannoli","Shooter, Platform, Indie, Arcade","Action, Horror, Comedy","Single Player, Multiplayer, Co-operative",Side View,Digital Download,Drive 4,Unplayed,3.66,15.70,5.74,,,,,,,0,7.50,6.30,7.60,7.40,7.18,7.20,,Y,N,N,,,,
Gylt,"Puzzle, Role-playing (RPG), Adventure","Action, Horror",Single Player,Third Person,N/A,N/A,N/A,3.00,9.00,5.63,,,,,,,0,8.00,7.40,6.90,7.20,N/A,7.38,,N,N,N,,,,
Hades,"Role-playing (RPG), Hack and Slash/Beat 'em up, Adventure, Indie","Action, Fantasy, Drama",Single Player,Bird view/Isometric,Digital Download,Drive 3,Unplayed,3.87,95.00,8.11,1,1,,,,,2,9.00,9.40,9.40,9.30,N/A,9.28,0,Y,N,Y,,,,
Hammerwatch Anniversary Edition,"Role-playing (RPG), Adventure, Indie",Action,"Single Player, Multiplayer, Co-operative",,N/A,N/A,N/A,4.30,31.90,N/A,,,,,,,0,7.80,7.00,7.20,7.20,N/A,7.30,0,N,N,N,,,,
Hammerwatch II,"Role-playing (RPG), Hack and Slash/Beat 'em up, Adventure, Indie","Action, Fantasy","Single Player, Multiplayer, Co-operative",Bird view/Isometric,N/A,N/A,N/A,4.00,32.33,N/A,,,,,,,0,6.30,7.50,6.10,6.60,N/A,6.63,0,N,N,N,,,,
Handball 17,Sport,,"Single Player, Multiplayer",,Digital Download,Drive 1,Unplayed,5.00,60.00,2.40,,,,,,,0,N/A,6.00,4.30,4.30,N/A,4.87,0,Y,N,N,,,,
Hard Reset Redux,"Shooter, Adventure, Indie","Action, Science Fiction",Single Player,First Person,Digital Download,Drive 4,Unplayed,3.64,17.43,6.26,,,,,,,0,7.10,7.20,6.90,6.70,7.07,6.99,,Y,N,N,,,,
Hard West: Ultimate Editon,"Role-playing (RPG), Strategy, Turn-based Strategy (TBS), Tactical, Adventure, Indie","Fantasy, Horror, Historical",Single Player,Bird view/Isometric,Digital Download,Drive 2,Unplayed,4.00,45.10,7.23,,,,,,,0,7.30,7.00,7.10,7.30,7.25,7.19,0,Y,N,N,,,,
Harvest Moon: Back to Nature,"Role-playing (RPG), Simulator",Business,Single Player,Bird view/Isometric,Playstation Plus,Drive 4,Unplayed,3.50,241.42,0.13,,,,,,,0,7.50,8.60,N/A,8.20,7.93,8.06,0,Y,N,Y,,,,
Has-Been Heroes,"Role-playing (RPG), Strategy, Adventure, Indie, Arcade","Action, Fantasy",Single Player,Side View,N/A,N/A,N/A,4.15,327.00,N/A,,,,,,,0,6.10,6.80,6.30,5.30,6.02,6.10,,N,N,N,,,,
Have a Nice Death,"Platform, Indie, Arcade","Action, Comedy",Single Player,Side View,N/A,N/A,N/A,3.17,72.35,1.52,,,,,,,0,8.00,7.80,8.00,8.10,N/A,7.98,0,N,N,Y,,,,
Haven,"Role-playing (RPG), Adventure, Indie","Action, Science Fiction, Open World, Romance","Single Player, Multiplayer, Co-operative",Third Person,Digital Download,Drive 4,Unplayed,2.20,19.00,6.13,,,,,,,0,8.00,7.50,7.50,7.30,N/A,7.58,,Y,N,Y,,,,
Headlander,"Shooter, Platform, Adventure, Indie","Action, Science Fiction",Single Player,Side View,N/A,N/A,N/A,3.21,12.67,N/A,,,,,,,0,8.20,7.70,7.60,7.70,7.90,7.82,,N,N,N,,,,
Heaven Dust Series,"Role-playing (RPG), Adventure, Indie","Horror, Survival",Single Player,Bird view/Isometric,N/A,N/A,N/A,2.80,18.50,N/A,,,,,,,0,6.50,7.20,6.50,7.20,N/A,6.85,,N,N,N,,,,
Heaven's Vault,"Point-and-click, Puzzle, Adventure, Indie",Science Fiction,Single Player,,N/A,N/A,N/A,2.00,38.00,2.30,,,,,,,0,7.20,8.20,7.60,7.60,7.62,7.64,,N,N,N,,,,
Heavenly Bodies,"Simulator, Strategy, Adventure, Indie, Shooter","Action, Science Fiction, Comedy","Single Player, Multiplayer, Co-operative",Side View,N/A,N/A,N/A,3.86,15.42,N/A,,,,,,,0,7.40,7.30,7.30,7.50,N/A,7.38,,N,N,N,,,,
Heavy Rain,Adventure,"Action, Thriller, Drama, Mystery",Single Player,"First Person, Third Person",Digital Download,Drive 1,Unplayed,2.46,22.00,30.95,,,,,,,0,9.00,8.00,7.30,8.70,7.43,8.09,0,Y,N,N,,,,
Hellblade: Senua's Sacrifice,"Hack and Slash/Beat 'em up, Adventure, Indie","Action, Fantasy, Historical",Single Player,Third Person,N/A,N/A,N/A,2.96,10.00,13.30,,,,,,,0,9.00,8.40,8.40,8.10,8.21,8.42,,N,N,Y,,,,
Hello Neighbor,"Puzzle, Role-playing (RPG), Strategy, Adventure, Indie","Action, Horror, Thriller, Stealth, Comedy, Sandbox",Single Player,First Person,Playstation Plus,Drive 3,Unplayed,4.28,17.00,1.98,,,,,,,0,4.10,4.50,4.20,3.80,4.13,4.15,,Y,N,N,,,,
Hellpoint,"Role-playing (RPG), Adventure, Indie","Action, Science Fiction, Horror","Single Player, Multiplayer, Co-operative, Split Screen",Third Person,Digital Download,Drive 4,Unplayed,3.80,69.70,7.13,,,,,,,0,6.00,7.30,6.10,6.40,N/A,6.45,0,Y,N,Y,,,,
Heretic + Hexen,"Shooter, Role-playing (RPG), Adventure","Action, Fantasy","Single Player, Multiplayer, Co-operative",First Person,N/A,N/A,N/A,3.50,57.18,N/A,,,,,,,0,N/A,8.80,8.50,8.60,N/A,8.63,0,N,N,N,,,,
Hero-U: Rogue to Redemption,"Puzzle, Role-playing (RPG), Adventure, Indie","Action, Fantasy",Single Player,,N/A,N/A,N/A,3.46,75.00,N/A,,,,,,,0,7.00,8.00,7.60,7.60,N/A,7.55,,N,N,N,,,,
Heroes of Hammerwatch - Ultimate Edition,"Role-playing (RPG), Adventure, Indie","Action, Fantasy","Single Player, Multiplayer, Co-operative",Bird view/Isometric,N/A,N/A,N/A,5.00,157.55,N/A,,,,,,,0,6.80,7.00,8.20,8.50,N/A,7.63,0,N,N,N,,,,
Heroine Anthem Zero Episode 1,"Role-playing (RPG), Adventure, Indie",Action,Single Player,Side View,Digital Download,Drive 4,Unplayed,3.50,15.75,0.61,,,,,,,0,N/A,6.00,N/A,7.00,N/A,6.50,0,Y,N,Y,,,,
Heroland,"Role-playing (RPG), Strategy, Adventure",Fantasy,Single Player,Side View,Digital Download,Drive 4,Unplayed,3.33,69.00,1.58,,,,,,,0,N/A,6.80,6.90,6.50,N/A,6.73,,Y,N,Y,,,,
Hidden Dragon Legend,"Fighting, Platform, Role-playing (RPG), Hack and Slash/Beat 'em up, Indie","Action, Fantasy",Single Player,Side View,N/A,N/A,N/A,3.33,7.25,N/A,,,,,,,0,5.80,4.30,5.10,5.20,5.06,5.09,,N,N,Y,,,,
High on Life,"Shooter, Adventure","Action, Science Fiction, Comedy",Single Player,First Person,Playstation Plus,Drive 4,Unplayed,3.00,36.33,22.28,,,,,,,0,8.00,6.90,7.00,6.70,N/A,7.15,,Y,N,N,,,,
Hitman HD Enhanced Collection,Shooter,"Action, Stealth",Single Player,Third Person,N/A,N/A,N/A,3.25,,N/A,,,,,,,0,8.10,7.30,7.00,6.90,7.53,7.37,0,N,N,N,"Contains the following:
• Hitman: Absolution HD
• Hitman: Blood Money HD",,,
Hoa,"Platform, Puzzle, Strategy, Adventure, Indie","Action, Fantasy",Single Player,Side View,N/A,N/A,N/A,2.00,4.33,N/A,,,,,,,0,7.00,6.50,7.20,6.80,N/A,6.88,,N,N,N,,,,
Hob,"Platform, Puzzle, Adventure, Indie","Action, Fantasy, Open World",Single Player,Bird view/Isometric,Digital Download,Drive 4,Unplayed,2.94,17.00,4.86,,,,,,,0,7.80,7.20,7.60,7.60,8.06,7.65,,Y,N,N,,,,
Hollow Knight: Silksong,"Platform, Adventure, Indie","Action, Fantasy",Single Player,Side View,N/A,N/A,N/A,4.44,70.67,N/A,,,,,,,0,9.00,9.20,9.20,9.20,N/A,9.15,0,N,Y,Y,,,,
Home Sweet Home,"Puzzle, Simulator, Adventure, Indie","Action, Horror",Single Player,Virtual Reality,N/A,N/A,N/A,3.43,6.95,5.00,,,,,,,0,6.80,5.00,6.70,6.60,6.65,6.35,0,N,N,N,,,,
Homebody,"Puzzle, Adventure, Indie","Action, Horror, Survival",Single Player,,N/A,N/A,N/A,3.00,9.02,N/A,,,,,,,0,7.80,9.00,7.80,7.33,N/A,7.98,,N,N,N,,,,
Homefront: The Revolution,"Shooter, Adventure","Action, Open World, Warfare","Single Player, Multiplayer, Co-operative",First Person,Digital Download,Drive 2,Unplayed,3.53,32.00,41.14,,,,,,,0,5.60,4.80,4.80,5.40,4.67,5.05,,Y,N,N,,,,
Horizon Chase Turbo,"Racing, Sport, Indie, Arcade","Action, Kids","Multiplayer, Co-operative, Split Screen",Third Person,N/A,N/A,N/A,3.14,47.02,N/A,,,,,,,0,7.80,8.50,7.90,8.20,7.47,7.97,,N,N,Y,,,,
Horizon Forbidden West,"Role-playing (RPG), Adventure","Action, Science Fiction, Open World",Single Player,Third Person,N/A,N/A,Removed,3.19,89.00,80.28,,,1,1,1,,3,9.00,9.20,8.80,8.80,N/A,8.95,5,N,Y,Y,"Completed, but removed from service.",,,
Horizon Zero Dawn: Complete Edition,"Shooter, Role-playing (RPG), Adventure","Action, Science Fiction, Open World",Single Player,Third Person,Digital Download,Drive 1,Completed,3.16,76.00,48.19,1,1,1,1,1,,5,9.30,9.30,8.30,8.40,8.82,8.82,5,Y,Y,Y,,,,
Hotline Miami,"Shooter, Indie, Arcade",Action,Single Player,Bird view/Isometric,Playstation Plus,Drive 3,Unplayed,4.00,15.50,0.83,,,,,,,0,8.80,8.60,N/A,8.50,8.61,8.63,,Y,N,Y,,,,
Hotline Miami 2: Wrong Number,"Shooter, Indie, Fighting",Action,Single Player,Bird view/Isometric,Playstation Plus,Drive 3,Unplayed,4.00,34.00,0.46,,,,,,,0,8.80,7.10,7.40,7.40,7.90,7.72,,Y,N,Y,,,,
Hotshot Racing,"Racing, Indie, Arcade",Action,"Single Player, Multiplayer, Co-operative, Split Screen","First Person, Third Person",Playstation Plus,Drive 4,Unplayed,3.61,26.82,4.67,,,,,,,0,6.60,6.60,7.50,7.40,N/A,7.03,0,Y,N,N,,,,
How to Survive 2,"Role-playing (RPG), Adventure","Action, Horror, Survival","Single Player, Multiplayer, Co-operative",Bird view/Isometric,Digital Download,Drive 2,Unplayed,3.06,36.42,3.59,,,,,,,0,5.50,7.90,6.60,6.70,N/A,6.68,0,Y,N,Y,,,,
How to Survive: Storm Warning Edition,"Tactical, Arcade","Action, Horror, Survival","Multiplayer, Co-operative","Third Person, Bird view/Isometric",Digital Download,Drive 2,Unplayed,3.42,40.45,3.49,,,,,,,0,5.40,7.60,6.70,6.50,6.89,6.62,0,Y,N,N,,,,
Humankind,"Simulator, Strategy, Turn-based Strategy (TBS)","Action, Historical, 4X","Single Player, Multiplayer",Bird view/Isometric,Digital Download,Drive 3,Unplayed,4.00,136.00,12.98,,,,,,,0,7.00,7.90,7.90,7.70,N/A,7.63,,Y,N,N,,,,
Huntdown,"Shooter, Platform, Indie, Arcade","Action, Science Fiction","Single Player, Multiplayer, Co-operative, Split Screen",Side View,Digital Download,Drive 2,Unplayed,3.85,15.00,1.56,,,,,,,0,7.90,8.20,8.50,8.20,N/A,8.20,,Y,N,N,,,,
Hyper Light Drifter,"Shooter, Role-playing (RPG), Hack and Slash/Beat 'em up, Adventure, Indie","Action, Fantasy, Science Fiction","Single Player, Multiplayer, Co-operative",Bird view/Isometric,N/A,N/A,N/A,3.85,43.55,0.88,,,,,,,0,7.60,8.90,8.40,8.40,8.09,8.28,0,N,N,N,,,,
Hypercharge Unboxed,"Shooter, Platform, Strategy, Adventure, Indie","Action, Kids, Party","Single Player, Multiplayer, Co-operative, Split Screen","First Person, Third Person",N/A,N/A,N/A,4.00,17.00,N/A,,,,,,,0,7.10,8.50,7.20,8.00,N/A,7.70,,N,N,N,,,,
I Am Setsuna,"Role-playing (RPG), Adventure","Fantasy, Drama",Single Player,Bird view/Isometric,N/A,N/A,N/A,2.89,80.15,N/A,,,,,,,0,7.50,7.60,7.50,7.40,7.62,7.52,,N,N,N,,,,
I Was a Teenage Exocolonist,"Role-playing (RPG), Simulator, Strategy, Adventure, Indie, Visual Novel, Card & Board Game","Science Fiction, Drama, Romance",Single Player,Text,N/A,N/A,N/A,3.00,126.00,N/A,,,,,,,0,8.70,7.60,8.70,9.10,N/A,8.53,,N,N,N,,,,
Ice Station Z,"Adventure, Indie","Action, Survival, Open World","Single Player, Multiplayer",Third Person,N/A,N/A,N/A,3.50,203.85,N/A,,,,,,,0,7.50,6.10,3.00,3.00,N/A,4.90,,N,N,N,,,,
Icey,"Fighting, Role-playing (RPG), Strategy, Hack and Slash/Beat 'em up, Adventure, Indie","Action, Science Fiction",Single Player,Side View,N/A,N/A,N/A,2.13,10.30,1.49,,,,,,,0,6.90,7.70,7.60,7.40,8.33,7.59,,N,N,Y,,,,
ICO,"Platform, Puzzle, Adventure","Action, Fantasy, Drama",Single Player,Third Person,PS+ Stream,Online Stream,Unplayed,3.02,12.52,N/A,,,,,,,0,9.40,9.70,N/A,9.00,9.03,9.28,,Y,N,N,,,,
Iconoclasts,"Platform, Puzzle, Adventure, Indie","Action, Science Fiction",Single Player,Side View,Digital Download,Drive 4,Unplayed,3.20,28.70,0.21,,,,,,,0,8.40,8.50,8.40,8.30,8.29,8.38,,Y,N,Y,,,,
Ikai,"Puzzle, Indie","Horror, Thriller",Single Player,"First Person, Third Person",N/A,N/A,N/A,3.86,4.82,N/A,,,,,,,0,5.50,5.00,5.70,5.70,N/A,5.48,0,N,N,N,,,,
Immortal Redneck,"Shooter, Indie, Arcade","Action, Fantasy",Single Player,First Person,N/A,N/A,N/A,3.71,83.20,N/A,,,,,,,0,7.80,8.00,7.60,7.00,7.29,7.54,,N,N,Y,,,,
Impact Winter,"Role-playing (RPG), Simulator, Strategy, Adventure, Indie",Survival,Single Player,Bird view/Isometric,N/A,N/A,N/A,3.27,17.45,N/A,,,,,,,0,7.20,6.50,6.50,6.30,5.75,6.45,0,N,N,N,,,,
In Stars and Time,"Role-playing (RPG), Turn-based Strategy (TBS), Adventure, Indie",Fantasy,Single Player,Bird view/Isometric,N/A,N/A,N/A,4.00,67.42,N/A,,,,,,,0,9.30,9.00,8.30,8.50,N/A,8.78,,N,N,N,,,,
Indigo Prophecy,Adventure,"Action, Thriller, Drama",Single Player,Third Person,Digital Download,Drive 1,Unplayed,2.97,17.37,1.29,,,,,,,0,8.30,8.50,6.90,8.40,6.73,7.77,,Y,N,N,,,,
Indivisible,"Platform, Role-playing (RPG), Adventure, Indie","Action, Fantasy","Single Player, Multiplayer, Co-operative",Side View,Digital Download,Drive 4,Unplayed,3.14,36.20,5.83,,,,,,,0,8.80,8.00,7.90,7.70,8.03,8.09,,Y,N,Y,,,,
Inertial Drift,"Racing, Indie, Arcade",,"Single Player, Multiplayer",Third Person,Digital Download,Drive 1,Unplayed,4.00,24.25,7.77,,,,,,,0,9.00,8.30,8.10,7.40,N/A,8.20,,N,N,N,,,,
Infamous First Light,"Shooter, Platform, Adventure","Action, Science Fiction, Sandbox",Single Player,Third Person,Playstation Plus,Drive 1,Unplayed,3.08,9.50,11.88,,,,,,,0,7.50,7.60,7.60,7.30,7.48,7.50,0,Y,N,Y,,,,
Infamous Second Son,"Shooter, Platform, Adventure","Action, Sandbox, Open World",Single Player,Third Person,N/A,N/A,Removed,2.88,21.50,24.59,1,,,,,,1,8.70,7.90,8.20,8.00,8.05,8.17,0,N,N,Y,Removed from PS+ after download.,,,
Infernax,"Platform, Role-playing (RPG), Adventure, Indie, Arcade",Action,"Single Player, Multiplayer, Co-operative",Side View,N/A,N/A,N/A,3.64,28.25,0.68,,,,,,,0,7.70,7.70,8.20,8.40,N/A,8.00,0,N,N,Y,,,,
Infinity Strash: Dragon Quest The Adventure of Dai,"Role-playing (RPG), Adventure","Action, Fantasy",Single Player,,N/A,N/A,N/A,4.33,65.42,N/A,,,,,,,0,N/A,6.80,5.80,6.10,N/A,6.23,,N,N,Y,,,,
Infliction: Extended Cut,"Puzzle, Simulator, Adventure","Action, Horror, Drama, Mystery",Single Player,First Person,Digital Download,Drive 1,Unplayed,2.67,6.00,6.33,,,,,,,0,6.50,8.50,6.70,6.40,N/A,7.03,0,Y,N,N,,,,
Inked: A Tale of Love,"Point-and-click, Platform, Puzzle, Adventure, Indie",,Single Player,Bird view/Isometric,Digital Download,Drive 4,Unplayed,2.00,6.88,6.80,,,,,,,0,6.40,7.30,6.90,6.80,6.32,6.74,,Y,N,N,,,,
InnerSpace,"Simulator, Adventure, Indie","Fantasy, Open World",Single Player,,Digital Download,Drive 2,Unplayed,3.13,10.25,5.27,,,,,,,0,6.00,6.10,6.50,6.30,6.64,6.31,,Y,N,N,,,,
Inscryption,"Puzzle, Strategy, Adventure, Indie, Card & Board Game","Horror, Mystery",Single Player,"First Person, Bird view/Isometric",N/A,N/A,Removed,3.33,66.23,7.32,,,,,,,0,9.00,8.20,8.60,8.50,N/A,8.58,0,N,N,Y,Removed from PS+ after download.,,,
INSIDE,"Platform, Puzzle, Adventure, Indie","Action, Science Fiction, Horror, Stealth, Drama",Single Player,Side View,Digital Download,Drive 3,Unplayed,2.62,4.50,3.46,,1,,,,,1,10.00,9.20,9.10,9.30,9.05,9.33,0,Y,N,N,,,,
Insurmountable,"Simulator, Strategy, Adventure, Indie",Survival,Single Player,Bird view/Isometric,N/A,N/A,N/A,3.17,14.00,2.16,,,,,,,0,5.80,8.50,7.40,7.40,N/A,7.28,,N,N,N,,,,
Ion Fury,"Shooter, Indie","Action, Science Fiction",Single Player,First Person,Digital Download,Drive 2,Unplayed,3.94,40.97,0.50,,,,,,,0,7.50,8.40,7.70,7.90,8.29,7.96,0,Y,N,N,,,,
Iris and the Giant,"Puzzle, Role-playing (RPG), Strategy, Tactical, Adventure, Indie, Card & Board Game",,Single Player,Side View,Digital Download,Drive 1,Unplayed,4.00,23.08,1.65,,,,,,,0,7.00,7.00,8.00,7.60,N/A,7.40,,Y,N,N,,,,
Iris.Fall ,"Puzzle, Strategy, Adventure, Indie",,Single Player,Third Person,N/A,N/A,N/A,2.67,5.32,N/A,,,,,,,0,6.50,6.70,7.20,7.00,N/A,6.85,0,N,N,N,,,,
Jack Move,"Role-playing (RPG), Adventure, Indie","Action, Science Fiction",Single Player,"Third Person, Bird view/Isometric",Digital Download,Drive 4,Unplayed,3.00,19.92,2.54,,,,,,,0,6.60,9.50,8.40,7.50,N/A,8.00,0,Y,N,Y,,,,
Jak 3,"Shooter, Platform, Adventure","Action, Science Fiction, Comedy, Open World",Single Player,Third Person,Playstation Plus,Drive 3,Unplayed,3.03,19.00,3.25,,,,,,,0,9.60,7.00,N/A,8.40,N/A,8.33,0,Y,N,N,,,,
Jak and Dexter: The Lost Frontier,"Platform, Adventure","Action, Fantasy, Science Fiction, Comedy",Single Player,Third Person,Playstation Plus,Drive 3,Unplayed,3.00,15.00,3.45,,,,,,,0,7.40,7.80,N/A,7.10,6.95,7.31,,Y,N,N,,,,
Jak and Dexter: The Precursor Legacy,"Platform, Adventure","Action, Science Fiction, Comedy, Open World",Single Player,Third Person,Playstation Plus,Drive 3,Unplayed,2.89,12.00,1.93,,,,,,,0,9.40,9.00,N/A,9.00,9.02,9.11,,Y,N,N,,,,
Jak II,"Shooter, Platform, Adventure","Action, Science Fiction, Comedy, Open World",Single Player,Third Person,Playstation Plus,Drive 3,Unplayed,3.83,21.50,3.33,,,,,,,0,9.50,9.00,N/A,8.70,8.79,9.00,,Y,N,N,,,,
Jazzpunk: Director's Cut,"Adventure, Indie","Action, Comedy","Single Player, Multiplayer",First Person,Digital Download,Drive 1,Unplayed,1.68,6.75,4.56,,,,,,,0,7.00,7.80,8.67,7.50,8.00,7.79,,Y,N,N,,,,
JCB Pioneer: Mars,"Simulator, Strategy, Adventure, Indie",Action,Single Player,"First Person, Third Person",N/A,N/A,N/A,3.00,20.00,N/A,,,,,,,0,4.30,5.00,3.25,3.40,N/A,3.99,,N,N,N,,,,
Jett: The Far Shore,Adventure,"Action, Science Fiction, Open World",Single Player,Third Person,N/A,N/A,N/A,3.00,16.63,N/A,,,,,,,0,5.90,6.70,6.60,6.80,N/A,6.50,,N,N,N,,,,
Jitsu Squad,"Fighting, Hack and Slash/Beat 'em up, Adventure, Indie, Arcade",Action,"Single Player, Multiplayer, Co-operative, Split Screen",Side View,N/A,N/A,N/A,3.50,6.30,N/A,,,,,,,0,7.30,N/A,7.80,7.00,N/A,7.37,,N,N,Y,,,,
Joe's Diner,"Adventure, Indie","Action, Survival",Single Player,,Digital Download,Drive 4,Unplayed,4.67,4.38,1.25,,,,,,,0,N/A,5.00,2.10,1.83,N/A,2.98,0,Y,N,N,,,,
Journey of the Broken Circle,"Platform, Adventure, Indie","Action, Comedy, Educational, Romance",Single Player,Side View,Digital Download,Drive 4,Unplayed,3.75,5.67,1.24,,,,,,,0,7.10,5.00,7.40,7.60,N/A,6.78,,Y,N,N,,,,
Journey to the Savage Planet: Employee of the Month,"Shooter, Adventure",Action,"Single Player, Multiplayer, Co-operative",First Person,Digital Download,Drive 4,Unplayed,3.09,18.00,8.53,,,,,,,0,6.00,8.00,7.60,7.40,N/A,7.25,,Y,N,Y,Removed from PS+ after download.,,,
Journey: Collector's Edition,"Platform, Adventure","Fantasy, Kids","Single Player, Multiplayer, Co-operative","Third Person, Side View",Digital Download,Drive 3,Unplayed,1.86,5.50,1.28,1,,,,,,1,9.00,9.40,9.30,9.20,9.43,9.27,0,Y,N,N,,,,
Judgment,"Role-playing (RPG), Adventure","Action, Thriller, Drama, Mystery",Single Player,Third Person,Digital Download,Drive 4,Unplayed,3.01,98.50,30.90,,,,,1,,1,8.20,8.30,8.30,8.00,8.04,8.17,0,Y,N,Y,,,,
Jumanji: The Video Game,"Shooter, Role-playing (RPG), Adventure","Action, Fantasy, Kids","Single Player, Multiplayer, Co-operative, Split Screen",Third Person,N/A,N/A,N/A,3.33,17.03,N/A,,,,,,,0,3.40,2.20,2.80,2.33,N/A,2.68,0,N,N,N,,,,
Jurassic World Evolution,"Simulator, Strategy","Action, Science Fiction",Single Player,,Digital Download,Drive 3,Unplayed,2.97,65.00,17.34,,,,,,,0,4.80,7.40,7.10,6.80,6.95,6.61,,Y,N,Y,,,,
Just Cause 3,Adventure,"Action, Open World",Single Player,Third Person,Digital Download,Drive 2,Unplayed,2.83,63.00,49.38,1,,,,,,1,5.90,7.60,7.50,7.40,7.77,7.23,0,Y,N,N,,,,
Just Cause 4: Gold Edition,"Shooter, Adventure","Action, Sandbox, Open World",Single Player,Third Person,Digital Download,Drive 2,Unplayed,2.90,54.00,65.93,,,,,,,0,7.90,6.90,6.80,6.80,6.85,7.05,0,Y,Y,N,,,,
Kamiwaza: Way of the Thief,Adventure,"Action, Historical, Stealth",Single Player,Third Person,N/A,N/A,N/A,3.20,36.30,N/A,,,,,,,0,5.70,7.50,6.10,5.20,N/A,6.13,,N,N,N,,,,
Kandagawa Jet Girls,"Racing, Adventure","Action, Party",Single Player,Third Person,N/A,N/A,N/A,2.33,16.75,N/A,,,,,,,0,6.30,5.30,7.60,6.00,N/A,6.30,,N,N,Y,,,,
Karma: Incarnation 1,"Point-and-click, Puzzle, Adventure, Indie",,Single Player,Side View,N/A,N/A,N/A,4.00,6.90,N/A,,,,,,,0,6.50,6.00,7.25,6.60,N/A,6.59,,N,N,N,,,,
Katana Kami: A Way of the Samurai Story,"Role-playing (RPG), Hack and Slash/Beat 'em up, Adventure","Action, Fantasy, Historical","Single Player, Multiplayer, Co-operative","Third Person, Bird view/Isometric",Digital Download,Drive 4,Unplayed,3.75,74.00,2.73,,,,,,,0,7.00,5.00,6.80,6.70,N/A,6.38,,Y,N,Y,,,,
Kaze and the Wild Masks,"Platform, Adventure, Indie, Arcade","Action, Kids",Single Player,Side View,Digital Download,Drive 1,Unplayed,3.75,20.17,1.09,,,,,,,0,7.80,7.80,8.10,7.90,N/A,7.90,,Y,N,N,,,,
Ken Follett's The Pillars of the Earth,"Point-and-click, Puzzle, Adventure, Indie, Visual Novel","Historical, Drama",Single Player,Side View,Digital Download,Drive 4,Unplayed,2.17,37.13,16.58,,,,,,,0,6.9,7.80,7.80,7.50,7.50,7.50,0,Y,N,N,,,,
Kena: Bridge of Spirits,"Role-playing (RPG), Adventure, Indie","Action, Fantasy",Single Player,Third Person,N/A,N/A,Removed,3.77,20.50,9.79,,,,,,,0,8.00,8.30,8.10,8.10,N/A,8.13,0,N,Y,Y,Removed from PS+ after download.,,,
Kentucky Route Zero,"Point-and-click, Adventure, Indie","Thriller, Drama",Single Player,Side View,N/A,N/A,N/A,1.00,14.00,N/A,,,,,,,0,7.40,8.80,8.90,8.70,8.61,8.48,,N,N,N,,,,
Kerbal Space Program,"Simulator, Indie","Science Fiction, Sandbox, Educational, Open World",Single Player,"First Person, Third Person, Bird view/Isometric",N/A,N/A,N/A,3.87,3800.85,0.88,,,,,,,0,9.00,8.70,8.00,8.80,6.75,8.25,0,N,N,N,,,,
Kholat,"Adventure, Indie","Horror, Survival, Open World, Mystery",Single Player,First Person,Digital Download,Drive 4,Unplayed,3.28,18.20,1.73,,,,,,,0,5.20,6.60,6.10,6.40,5.92,6.04,,Y,N,N,,,,
Kiborg,"Fighting, Shooter, Hack and Slash/Beat 'em up, Indie",Action,Single Player,Third Person,N/A,N/A,N/A,N/A,7.85,N/A,,,,,,,0,8.00,N/A,6.00,6.30,N/A,6.77,,N,N,N,,,,
Kill la Kill - IF,"Fighting, Adventure, Arcade","Action, Fantasy","Single Player, Multiplayer",Side View,Digital Download,Drive 4,Unplayed,3.16,18.00,12.92,,,,,,,0,5.30,5.70,6.60,6.80,6.95,6.27,0,Y,N,Y,,,,
Killer Frequency,"Puzzle, Simulator, Adventure, Indie","Horror, Comedy",Single Player,"First Person, Virtual Reality",Playstation Plus,Drive 2,Unplayed,2.25,12.00,6.21,,,,,,,0,8.10,8.20,7.80,7.80,N/A,7.98,,Y,N,N,,,,
Killing Floor 2,Shooter,"Action, Science Fiction, Horror, Survival","Single Player, Multiplayer, Co-operative",First Person,Playstation Plus,Drive 3,Unplayed,3.33,99.50,49.42,,,,,,,0,8.00,8.10,7.80,7.50,7.65,7.81,,Y,N,Y,,,,
Killzone: Shadow Fall,Shooter,"Action, Science Fiction, Warfare","Single Player, Multiplayer",First Person,Playstation Plus,Drive 3,Unplayed,3.16,95.50,40.93,1,,,,,,1,8.00,7.00,7.30,7.30,7.34,7.39,0,Y,N,N,,,,
King of Seas,"Fighting, Role-playing (RPG), Strategy, Hack and Slash/Beat 'em up, Adventure, Indie","Action, Open World","Single Player, Multiplayer",Third Person,Digital Download,Drive 4,Unplayed,3.00,26.83,2.47,,,,,,,0,6.80,6.80,6.40,6.80,N/A,6.70,0,Y,N,N,,,,
King's Bounty II,"Role-playing (RPG), Strategy, Turn-based Strategy (TBS), Adventure","Fantasy, Historical, Warfare",Single Player,Third Person,Digital Download,Drive 4,Unplayed,3.38,83.20,22.48,,,,,,,0,6.00,7.30,6.60,6.30,N/A,6.55,0,Y,N,Y,,,,
King's Quest: The Complete Collection,"Point-and-click, Puzzle, Adventure","Fantasy, Comedy",Single Player,"Third Person, Side View",N/A,N/A,N/A,2.82,55.60,N/A,,,,,,,0,8.00,7.10,7.90,8.50,7.33,7.77,,N,N,N,,,,
Kingdom Hearts HD 2.8 Final Chapter,"Role-playing (RPG), Adventure","Action, Fantasy",Single Player,Third Person,N/A,N/A,Removed,3.05,66.50,39.60,,,,,,,0,7.50,7.20,7.60,7.60,7.74,7.53,,N,N,Y,Removed from PS+ after download.,,,
Kingdom Hearts HD I.5 + II.5 ReMIX,"Role-playing (RPG), Adventure","Action, Fantasy",Single Player,Third Person,N/A,N/A,Removed,3.31,492.90,50.00,,,,,,,0,8.90,8.50,8.30,8.40,8.44,8.51,,N,N,Y,"Removed from PS+ after download.
Contains the following:
• Kingdom Hearts Final Mix
• Kingdom Hearts Re-Chain of Memories
• Kingdom Hearts 358/2
• Kingdom Hearts II Final Mix
• Kingdom Hearts Birth by Sleep Final Mix
• Kingdom Hearts Re:Coded",,,
Kingdom Hearts III,"Role-playing (RPG), Hack and Slash/Beat 'em up, Adventure","Action, Fantasy, Drama, Kids",Single Player,Third Person,N/A,N/A,Removed,2.61,64.00,49.76,,,,,,1,1,8.70,9.00,8.40,8.30,8.23,8.53,0,N,N,Y,Removed from PS+ after download.,,,
Kingdoms of Amalur: Re-Reckoning,"Fighting, Role-playing (RPG), Adventure","Action, Fantasy",Single Player,Third Person,Digital Download,Drive 3,Unplayed,2.91,96.00,31.84,,,,,,,0,9.00,7.80,7.20,7.20,N/A,7.80,0,Y,N,Y,,,,
KinnikuNeko: Super Muscle Cat,"Platform, Adventure, Indie, Arcade",Action,Single Player,Side View,N/A,N/A,N/A,3.00,5.02,N/A,,,,,,,0,8.00,N/A,7.60,8.00,N/A,7.87,,N,N,N,,,,
KLONOA Phantasy Reverie Series,"Platform, Adventure","Action, Fantasy",Single Player,Side View,N/A,N/A,Removed,3.00,19.33,5.67,,,,,,,0,7.20,8.10,7.80,7.80,N/A,7.73,,N,N,N,"Removed from PS+ after download.
Contains the following:
• Klonoa: Door to Phantomile
• Klonoa 2: Lunatea's Veil",,,
Knack,"Platform, Adventure","Action, Science Fiction","Single Player, Co-operative",Third Person,Playstation Plus,Drive 4,Unplayed,3.05,65.72,34.80,,,,,,,0,5.90,6.00,5.80,5.40,5.81,5.78,0,Y,N,Y,,,,
Knack 2,"Platform, Adventure","Action, Science Fiction","Single Player, Co-operative",Third Person,Digital Download,Drive 4,Unplayed,2.99,21.00,35.55,,,,,,,0,7.20,7.20,7.20,6.90,7.20,7.14,,Y,N,Y,,,,
Knights of Pen and Paper Bundle,"Role-playing (RPG), Simulator, Strategy, Turn-based Strategy (TBS), Adventure, Indie","Action, Fantasy, Comedy",Single Player,"Third Person, Text, Side View",N/A,N/A,N/A,3.75,87.07,N/A,,,,,,,0,7.60,7.75,7.80,8.00,N/A,7.79,,N,N,Y,,,,
Koa and the Five Pirates of Mara,"Platform, Adventure, Indie",Action,Single Player,Third Person,N/A,N/A,N/A,2.67,13.98,N/A,,,,,,,0,6.90,N/A,7.40,7.30,N/A,7.20,,N,N,N,,,,
Kona,"Puzzle, Adventure, Indie","Horror, Survival, Open World, Mystery",Single Player,First Person,Digital Download,Drive 1,Unplayed,3.00,16.25,7.23,,,,,,,0,6.70,7.70,7.10,7.10,7.50,7.22,,Y,N,N,,,,
Kona II: Brume,"Puzzle, Simulator, Adventure, Indie","Action, Mystery",Single Player,First Person,Digital Download,Drive 1,Unplayed,4.00,13.65,21.37,,,,,,,0,6.90,6.80,7.30,7.90,N/A,7.23,,Y,N,N,,,,
Kowloon Highschool Chronicle,"Puzzle, Role-playing (RPG), Simulator, Adventure","Fantasy, Drama",Single Player,First Person,N/A,N/A,N/A,4.14,135.00,N/A,,,,,,,0,8.60,8.80,7.40,7.20,N/A,8.00,,N,N,N,,,,
Kukoos: Lost Pets,"Platform, Puzzle, Adventure, Indie","Action, Fantasy, Comedy, Kids","Single Player, Multiplayer","Third Person, Side View",N/A,N/A,N/A,4.00,3.42,7.18,,,,,,,0,7.00,6.20,6.70,6.80,N/A,6.68,,N,N,N,,,,
Kunitsu-Gami: Path of the Goddess,"Strategy, Hack and Slash/Beat 'em up","Action, Fantasy",Single Player,Third Person,N/A,N/A,N/A,3.00,33.00,9.62,,,,,,,0,8.00,8.70,8.20,8.00,N/A,8.23,,N,N,Y,,,,
L.A. Noire,"Shooter, Strategy, Adventure","Action, Thriller, Historical, Sandbox, Open World, Warfare, Mystery",Single Player,Third Person,Digital Download,Drive 3,Unplayed,2.81,42.00,32.30,,,1,,,,1,8.10,7.30,7.80,8.90,7.52,7.92,0,Y,Y,N,,,,
Labyrinth of Galleria: The Moon Society,"Role-playing (RPG), Strategy, Turn-based Strategy (TBS), Adventure",Fantasy,Single Player,First Person,N/A,N/A,N/A,3.75,152.10,N/A,,,,,,,0,7.50,7.60,8.30,8.30,N/A,7.93,,N,N,Y,,,,
Labyrinth of Refrain: Coven of Dusk,"Role-playing (RPG), Strategy, Adventure",Fantasy,Single Player,First Person,N/A,N/A,N/A,3.89,167.98,N/A,,,,,,,0,7.70,8.00,7.70,7.50,7.60,7.70,,N,N,Y,,,,
Laika: Aged Through Blood,"Platform, Adventure, Indie, Arcade",Action,Single Player,Side View,Digital Download,Drive 4,Unplayed,3.60,30.57,2.06,,,,,,,0,9.00,7.80,8.20,8.30,N/A,8.33,,Y,N,N,,,,
Lair of the Clockwork God,"Point-and-click, Platform, Adventure, Indie","Action, Comedy",Single Player,Side View,Digital Download,Drive 1,Unplayed,4.00,12.85,2.08,,,,,,,0,6.50,8.30,8.10,8.40,N/A,7.83,,Y,N,N,,,,
Lake,"Role-playing (RPG), Simulator, Adventure, Indie","Comedy, Drama, Open World",Single Player,Third Person,Playstation Plus,Drive 1,Unplayed,1.50,7.50,4.35,,,,,,,0,6.80,6.70,6.70,7.00,N/A,6.80,0,Y,N,N,,,,
Langrisser I + II,"Role-playing (RPG), Strategy, Turn-based Strategy (TBS), Tactical, Adventure","Fantasy, Warfare",Single Player,Bird view/Isometric,Digital Download,Drive 4,Unplayed,3.29,86.62,6.90,,,,,,,0,7.80,8.10,7.50,7.60,N/A,7.75,,Y,N,Y,,,,
Last Day of June,"Puzzle, Role-playing (RPG), Adventure, Indie",Drama,Single Player,Third Person,Digital Download,Drive 4,Unplayed,2.32,5.00,2.59,,,,,,,0,7.50,7.60,7.30,7.50,7.47,7.47,,Y,N,N,,,,
Late Shift,"Simulator, Adventure, Indie","Action, Thriller, Mystery",Single Player,Third Person,N/A,N/A,N/A,1.56,10.88,N/A,,,,,,,0,6.60,5.20,6.50,7.20,5.67,6.23,,N,N,N,,,,
Layers of Fear,Puzzle,"Action, Horror",Single Player,First Person,N/A,N/A,N/A,1.92,20.40,N/A,,,,,,,0,5.80,7.00,7.40,7.50,7.60,7.06,,N,N,N,,,,
Layers of Fear 1,"Puzzle, Adventure, Indie","Horror, Mystery",Single Player,First Person,N/A,N/A,N/A,1.91,20.33,6.60,,,,,,,0,5.80,7.60,7.40,7.50,7.60,7.18,,N,N,N,,,,
Layers of Fear 2,"Simulator, Adventure, Indie","Horror, Mystery",Single Player,First Person,N/A,N/A,N/A,2.65,20.15,20.00,,,,,,,0,9.00,6.40,7.00,7.00,7.00,7.28,0,N,N,N,,,,
Left Alive,Shooter,"Action, Science Fiction, Survival, Stealth, Warfare",Single Player,Third Person,Digital Download,Drive 2,Unplayed,4.24,65.25,24.02,,,,,,,0,3.80,3.10,3.80,3.70,3.68,3.62,0,Y,N,Y,,,,
Legacy of Kain Soul Reaver 1 & 2 Remastered,"Platform, Puzzle, Adventure","Action, Fantasy",Single Player,Third Person,N/A,N/A,N/A,3.00,24.60,N/A,,,,,,,0,8.80,8.20,7.70,7.70,N/A,8.10,0,N,N,N,,,,
Legacy of Kain: Defiance,"Hack and Slash/Beat 'em up, Adventure","Action, Horror",Single Player,Third Person,Playstation Plus,Drive 2,Unplayed,2.94,26.13,6.80,,,,,,,0,8.00,8.10,N/A,7.50,7.77,7.84,0,Y,N,N,,,,
Legend of Kay Anniversary,"Platform, Role-playing (RPG), Adventure, Arcade",Action,Single Player,Third Person,N/A,N/A,N/A,3.50,19.13,N/A,,,,,,,0,7.30,6.10,5.80,6.20,6.07,6.29,0,N,N,Y,,,,
Legend of Mana,"Role-playing (RPG), Hack and Slash/Beat 'em up, Adventure","Action, Fantasy","Single Player, Co-operative",Side View,N/A,N/A,N/A,2.86,74.32,N/A,,,,,,,0,7.00,8.00,7.40,7.20,7.30,7.38,0,N,N,Y,,,,
Lego 2K Drive,"Racing, Adventure, Arcade","Action, Kids","Single Player, Massively Multiplayer Online (MMO), Co-operative, Split Screen",Third Person,N/A,N/A,N/A,4.25,101.92,N/A,,,,,,,0,8.00,7.60,7.30,6.60,N/A,7.38,0,N,N,Y,,,,
Lego City Undercover,"Platform, Racing, Hack and Slash/Beat 'em up, Adventure","Action, Comedy, Open World","Single Player, Multiplayer, Co-operative",Third Person,Playstation Plus,Drive 2,Unplayed,2.22,49.00,11.66,,,,,,,0,8.00,7.70,7.70,8.00,7.72,7.82,,Y,N,Y,,,,
Lego Marvel Super Heroes 2,"Puzzle, Hack and Slash/Beat 'em up, Adventure","Action, Comedy, Kids, Open World","Single Player, Multiplayer, Co-operative, Split Screen",Third Person,N/A,N/A,Removed,2.59,60.00,20.57,,,,,,,0,8.00,7.40,7.30,7.30,7.23,7.45,0,N,N,N,Removed from PS+ after download.,,,
Lego Marvel's Avengers,"Platform, Puzzle, Hack and Slash/Beat 'em up, Adventure","Action, Comedy, Kids, Open World","Single Player, Multiplayer, Co-operative",Third Person,Playstation Plus,Drive 2,Unplayed,2.50,38.00,14.45,,,,,,,0,6.70,6.80,7.00,7.10,7.15,6.95,0,Y,N,Y,,,,
Lego Star Wars: The Skywalker Saga,"Puzzle, Adventure","Action, Science Fiction, Comedy","Single Player, Multiplayer, Co-operative, Split Screen","First Person, Third Person",Playstation Plus,Drive 2,Unplayed,2.62,87.50,36.29,,,,,,,0,8.00,8.20,8.20,8.20,N/A,8.15,,Y,N,Y,,,,
LEGRAND LEGACY: Tale of the Fatebounds,"Role-playing (RPG), Tactical, Adventure, Indie","Action, Fantasy",Single Player,Third Person,Digital Download,Drive 4,Unplayed,3.67,97.38,12.83,,,,,,,0,6.30,6.50,6.40,6.70,6.79,6.54,,Y,N,Y,,,,
Leila,"Point-and-click, Puzzle, Adventure, Indie",Fantasy,Single Player,Side View,N/A,N/A,N/A,3.00,3.87,N/A,,,,,,,0,N/A,N/A,7.79,8.20,N/A,7.99,0,N,N,N,,,,
Let It Die,Hack and Slash/Beat 'em up,"Action, Horror, Comedy","Single Player, Multiplayer",Third Person,Digital Download,Drive 3,Unplayed,4.04,1132.72,24.22,,,,,,,0,6.40,7.70,7.50,7.20,7.53,7.27,,Y,N,N,,,,
Liberated: Enhanced Edition,"Platform, Role-playing (RPG), Adventure, Indie, Visual Novel","Action, Science Fiction, Mystery",Single Player,Side View,N/A,N/A,N/A,4.00,7.08,N/A,,,,,,,0,5.00,7.50,6.00,5.90,N/A,6.10,,N,N,N,,,,
Library of Ruina,"Role-playing (RPG), Simulator, Strategy, Turn-based Strategy (TBS), Adventure, Indie","Action, Horror",Single Player,Side View,N/A,N/A,N/A,4.00,233.28,N/A,,,,,,,0,9.60,8.80,5.50,5.50,N/A,7.35,,N,N,N,,,,
Life is Strange,"Puzzle, Role-playing (RPG), Adventure, Indie","Action, Fantasy, Science Fiction, Drama, Mystery",Single Player,Third Person,N/A,N/A,Removed,1.96,18.50,14.75,,,,,,,0,8.40,7.90,8.10,8.50,8.49,8.28,3,Y,N,N,Removed from PS+ after download.,,,
Life is Strange 2,Adventure,"Action, Fantasy, Science Fiction, Drama",Single Player,Third Person,Digital Download,Drive 4,Unplayed,1.87,20.00,24.75,,,,,,,0,7.90,8.20,7.30,7.20,N/A,7.65,0,Y,N,N,Removed from PS+ after download.,,,
Life is Strange: Before the Storm,"Adventure, Indie","Action, Fantasy, Science Fiction, Drama, Mystery",Single Player,Third Person,N/A,N/A,Removed,1.59,13.00,10.72,,,,,,,0,7.80,7.70,8.00,7.70,7.63,7.77,0,Y,N,N,Removed from PS+ after download.,,,
Life is Strange: True Colors,Adventure,"Action, Fantasy, Thriller, Drama, Mystery, Romance",Single Player,Third Person,N/A,N/A,Removed,1.62,13.00,24.47,,,,,,,0,9.00,8.40,8.10,8.10,N/A,8.40,0,N,N,N,Removed from PS+ after download.,,,
Lifeless Planet: Premier Edition,"Puzzle, Platform, Adventure, Indie","Action, Science Fiction, Mystery",Single Player,Third Person,Digital Download,Drive 1,Unplayed,2.05,13.82,1.89,,,,,,,0,5.70,6.40,6.10,5.90,6.00,6.02,,Y,N,N,,,,
Light Fairytale Prologue Bundle,"Role-playing (RPG), Simulator, Strategy, Adventure, Indie","Action, Fantasy",Single Player,Third Person,N/A,N/A,N/A,3.23,11.20,N/A,,,,,,,0,7.50,7.00,6.33,6.25,N/A,6.77,,N,N,Y,,,,
Like a Dragon: Pirate Yakuza in Hawaii,"Role-playing (RPG), Hack and Slash/Beat 'em up, Adventure",Action,Single Player,Third Person,N/A,N/A,N/A,3.29,48.90,N/A,,,,,,,0,8.00,7.70,8.10,7.90,N/A,7.93,,N,N,N,,,,
Lil Gator Game,"Platform, Adventure, Indie","Action, Kids, Open World",Single Player,Third Person,N/A,N/A,N/A,1.00,10.03,N/A,,,,,,,0,8.20,7.00,8.30,8.40,N/A,7.98,,N,N,N,,,,
Lil' Guardsman,"Point-and-click, Puzzle, Role-playing (RPG), Strategy, Adventure, Indie",Comedy,Single Player,,N/A,N/A,N/A,3.50,14.57,N/A,,,,,,,0,8.10,7.90,8.40,8.20,N/A,8.15,,N,N,N,,,,
Lili: Child of Geos,"Role-playing (RPG), Adventure, Indie",,Single Player,Third Person,N/A,N/A,N/A,2.17,12.03,N/A,,,,,,,0,7.00,7.00,8.60,8.00,7.88,7.70,,N,N,N,,,,
Limbo,"Platform, Puzzle, Adventure, Indie","Action, Horror",Single Player,Side View,Digital Download,Drive 3,Unplayed,3.38,6.50,0.18,,,,,,,0,9.00,8.40,N/A,9.00,8.96,8.84,,Y,N,N,,,,
LISA: Definitive Edition,"Platform, Role-playing (RPG), Strategy, Adventure, Indie","Horror, Survival, Comedy, Drama",Single Player,Side View,N/A,N/A,N/A,3.72,23.18,N/A,,,,,,,0,8.90,9.00,8.00,8.30,N/A,8.55,,N,N,N,,,,
"Little Kitty, Big City","Adventure, Indie","Comedy, Kids, Open World",Single Player,Third Person,N/A,N/A,N/A,2.00,13.37,N/A,,,,,,,0,7.00,8.90,7.60,7.90,N/A,7.85,0,N,N,N,,,,
Little Nightmares II,"Platform, Puzzle, Adventure","Action, Horror, Stealth, Mystery",Single Player,"Third Person, Side View",Digital Download,Drive 4,Unplayed,3.09,9.00,7.66,,,,,,,0,7.00,8.20,8.20,8.20,N/A,7.90,,Y,N,Y,,,,
Little Nightmares III,"Platform, Puzzle, Adventure","Action, Horror, Stealth, Mystery","Single Player, Multiplayer, Co-operative",Side View,N/A,N/A,N/A,3.00,13.33,N/A,,,,,,,0,6.00,7.80,7.10,7.10,N/A,7.00,0,N,N,N,,,,
Little Noah: Scion of Paradise,"Platform, Role-playing (RPG), Adventure",Action,Single Player,Side View,N/A,N/A,N/A,3.40,78.02,N/A,,,,,,,0,8.00,N/A,8.30,8.70,N/A,8.33,,N,N,N,,,,
Little Witch Nobeta,"Shooter, Indie","Action, Comedy",Single Player,Third Person,N/A,N/A,N/A,4.14,22.32,3.84,,,,,,,0,7.90,7.10,6.60,6.50,N/A,7.03,,N,N,Y,,,,
LittleBigPlanet 3,"Platform, Adventure",Sandbox,"Single Player, Multiplayer, Co-operative",Side View,N/A,N/A,Removed,2.75,16.00,14.60,1,,,,,,1,6.80,7.80,7.90,7.90,8.07,7.69,0,N,N,N,Removed from PS+ after download.,,,
Live A Live,"Role-playing (RPG), Adventure","Fantasy, Science Fiction, Historical",Single Player,Bird view/Isometric,N/A,N/A,N/A,3.56,50.30,N/A,,,,,,,0,9.00,8.40,8.20,8.10,N/A,8.43,0,N,N,Y,,,,
Livelock,"Shooter, Adventure, Indie, Arcade","Action, Science Fiction","Single Player, Multiplayer, Co-operative",Bird view/Isometric,Digital Download,Drive 2,Unplayed,2.40,17.00,14.16,,,,,,,0,6.20,7.50,7.30,7.30,6.92,7.04,0,Y,N,N,,,,
Lollipop Chainsaw RePop,Hack and Slash/Beat 'em up,"Action, Comedy",Single Player,Third Person,N/A,N/A,N/A,2.90,27.90,N/A,,,,,,,0,8.30,6.90,6.40,6.80,6.76,7.03,0,N,N,Y,,,,
Long Gone Days,"Role-playing (RPG), Indie, Visual Novel",Warfare,Single Player,Side View,N/A,N/A,N/A,2.25,23.07,N/A,,,,,,,0,7.50,7.40,7.40,7.70,N/A,7.50,0,N,N,N,,,,
Lords of the Fallen,"Role-playing (RPG), Hack and Slash/Beat 'em up","Action, Fantasy",Single Player,Third Person,Playstation Plus,Drive 2,Unplayed,3.35,93.00,10.60,,,,,,,0,8.00,6.90,6.90,7.50,6.90,7.24,,Y,N,Y,,,,
Lorelei and the Laser Eyes,"Puzzle, Adventure, Indie",Action,Single Player,Bird view/Isometric,N/A,N/A,N/A,3.44,33.77,N/A,,,,,,,0,9.00,8.90,8.80,8.80,N/A,8.88,0,N,N,N,,,,
Lost Ember,"Adventure, Indie","Action, Fantasy",Single Player,Third Person,N/A,N/A,N/A,2.40,18.32,7.89,,,,,,,0,7.50,8.00,7.20,7.00,N/A,7.43,,N,N,N,,,,
Lost Epic,"Role-playing (RPG), Hack and Slash/Beat 'em up, Indie","Action, Fantasy","Single Player, Co-operative, Massively Multiplayer Online (MMO)",Side View,N/A,N/A,N/A,3.86,34.95,N/A,,,,,,,0,6.00,N/A,7.00,6.40,N/A,6.47,0,N,N,Y,,,,
Lost in Play,"Point-and-click, Puzzle, Adventure, Indie","Fantasy, Mystery",Single Player,Side View,N/A,N/A,N/A,3.00,7.32,N/A,,,,,,,0,8.10,9.00,8.50,8.40,N/A,8.50,,N,N,N,,,,
Lost in Random,"Role-playing (RPG), Adventure","Action, Fantasy",Single Player,Third Person,Playstation Plus,Drive 2,Unplayed,3.60,18.00,7.37,,,,,,,0,8.00,7.70,7.80,7.80,N/A,7.83,,Y,N,Y,,,,
Lost Judgment,"Role-playing (RPG), Hack and Slash/Beat 'em up, Adventure","Action, Drama, Mystery",Single Player,Third Person,N/A,N/A,Removed,3.14,104.00,58.58,,,,,,,0,7.00,8.10,8.30,8.20,N/A,7.90,4,N,N,Y,"Mostly completed, but removed.",,,
Lost Sphear,"Role-playing (RPG), Adventure","Action, Fantasy",Single Player,Bird view/Isometric,N/A,N/A,N/A,2.95,92.27,N/A,,,,,,,0,6.70,6.70,7.00,6.80,6.98,6.84,,N,N,Y,,,,
Lost Words: Beyond the Page,"Platform, Puzzle, Adventure, Indie","Action, Fantasy, Kids",Single Player,Side View,Digital Download,Drive 4,Unplayed,1.92,10.27,3.87,,,,,,,0,7.00,7.70,7.80,7.40,N/A,7.48,,Y,N,N,,,,
Lovecraft's Untold Stories,"Shooter, Role-playing (RPG), Strategy, Adventure, Indie, Arcade","Action, Horror, Mystery",Single Player,Bird view/Isometric,Digital Download,Drive 4,Unplayed,4.00,35.10,0.79,,,,,,,0,7.20,6.40,7.30,7.70,N/A,7.15,,Y,N,N,,,,
Lovely Planet,"Shooter, Platform, Puzzle, Indie",Action,Single Player,First Person,Digital Download,Drive 1,Unplayed,3.90,26.53,0.13,,,,,,,0,6.50,7.70,6.50,6.50,6.56,6.75,0,Y,N,N,,,,
Lumo,"Platform, Puzzle, Adventure, Indie",,Single Player,,Digital Download,Drive 4,Unplayed,3.41,10.57,5.20,,,,,,,0,6.10,7.70,7.50,7.30,7.55,7.23,,Y,N,N,,,,
Lumote: The Mastermote Chronicles,"Platform, Puzzle, Adventure, Indie","Action, Open World",Single Player,Third Person,Digital Download,Drive 4,Unplayed,3.00,7.50,1.06,,,,,,,0,5.50,8.10,7.20,6.40,N/A,6.80,,Y,N,N,,,,
Lunacy: Saint Rhodes,"Puzzle, Adventure, Indie","Action, Horror",Single Player,First Person,Digital Download,Drive 4,Unplayed,N/A,9.43,6.29,,,,,,,0,7.30,N/A,5.95,6.75,N/A,6.67,,Y,N,N,,,,
LUNAR Remastered Edition,"Role-playing (RPG), Turn-based Strategy (TBS), Adventure",Fantasy,Single Player,Bird view/Isometric,N/A,N/A,N/A,2.93,47.95,N/A,,,,,,,0,N/A,8.50,8.00,8.00,N/A,8.17,,N,N,Y,,,,
Machinarium,"Point-and-click, Puzzle, Adventure, Indie","Fantasy, Science Fiction",Single Player,Side View,N/A,N/A,N/A,3.37,11.18,N/A,,,,,,,0,8.00,8.80,7.04,8.50,7.90,8.05,,N,N,N,,,,
Mad Max,"Shooter, Racing, Adventure","Action, Survival, Open World",Single Player,Third Person,Digital Download,Drive 2,In-Progress,2.94,61.50,33.60,,,,,,,0,8.40,7.20,6.90,6.90,6.94,7.27,4,Y,Y,Y,,,,
Mad Rat Dead,"Music, Platform, Adventure",Action,Single Player,Side View,N/A,N/A,N/A,4.00,33.17,N/A,,,,,,,0,9.00,9.00,7.80,7.90,N/A,8.43,,N,N,N,,,,
MADiSON,"Puzzle, Simulator, Adventure, Indie","Action, Horror, Survival, Stealth",Single Player,First Person,N/A,N/A,N/A,3.00,9.32,0.83,,,,,,,0,7.00,8.00,7.40,7.50,N/A,7.48,,N,N,N,,,,
Mafia II: Definitive Edition,"Shooter, Racing, Adventure","Action, Fantasy, Historical, Stealth, Sandbox, Open World",Single Player,Third Person,Digital Download,Drive 2,Unplayed,3.07,34.50,61.46,,,,,,,0,7.00,7.30,6.40,7.20,7.54,7.09,,Y,Y,N,,,,
Mafia III: Definitive Edition,"Shooter, Adventure","Action, Drama, Open World",Single Player,Third Person,Digital Download,Drive 2,Unplayed,3.00,73.00,67.72,1,,,,,,1,7.50,7.10,6.30,6.80,6.72,6.88,0,Y,Y,Y,,,,
Mafia: Definitive Edition,"Shooter, Adventure","Action, Drama, Open World",Single Player,Third Person,Digital Download,Drive 2,Unplayed,3.13,25.00,50.96,,1,1,,,,2,9.20,7.50,7.80,7.60,N/A,8.03,0,Y,Y,N,,,,
Mages of Mystralia,"Adventure, Indie","Action, Fantasy",Single Player,Bird view/Isometric,Digital Download,Drive 4,Unplayed,2.40,29.77,13.26,,,,,,,0,5.50,8.40,7.40,7.40,7.50,7.24,,Y,N,N,,,,
Maglam Lord,"Fighting, Role-playing (RPG), Hack and Slash/Beat 'em up, Adventure",Action,Single Player,Third Person,N/A,N/A,N/A,3.36,27.10,N/A,,,,,,,0,6.00,N/A,6.50,6.70,N/A,6.40,0,N,N,Y,,,,
Maid of Sker,"Adventure, Indie","Action, Horror, Survival, Stealth",Single Player,First Person,N/A,N/A,N/A,3.20,12.20,8.00,,,,,,,0,6.50,5.00,6.50,6.40,N/A,6.10,0,N,N,N,,,,
Manhunt,"Shooter, Tactical","Action, Horror, Thriller, Stealth",Single Player,Third Person,Digital Download,Drive 1,Unplayed,3.88,16.50,2.22,,,,,,,0,8.50,7.20,N/A,7.60,N/A,7.77,0,Y,N,N,,,,
Manifold Garden,"Puzzle, Adventure, Indie",Kids,Single Player,First Person,N/A,N/A,N/A,3.00,13.42,N/A,,,,,,,0,7.80,8.60,8.20,8.50,N/A,8.28,,N,N,N,,,,
Mark of the Ninja: Remastered,"Platform, Tactical, Adventure, Indie","Action, Stealth",Single Player,Side View,Digital Download,Drive 4,Unplayed,3.61,21.00,10.45,,,,,,,0,9.00,8.00,9.00,8.90,9.00,8.78,,Y,N,N,,,,
Marsupilami: Hoobadventure,"Platform, Adventure","Action, Comedy, Kids",Single Player,Side View,Digital Download,Drive 4,Unplayed,2.67,18.75,4.81,,,,,,,0,7.40,8.40,7.40,6.80,N/A,7.50,,Y,N,N,,,,
Martha is Dead Digital Deluxe,"Role-playing (RPG), Adventure, Indie","Horror, Thriller, Drama, Mystery",Single Player,First Person,Digital Download,Drive 4,Unplayed,3.75,17.98,20.84,,,,,,,0,7.00,7.40,6.90,7.30,N/A,7.15,,Y,N,N,,,,
Marvel's Midnight Suns,"Role-playing (RPG), Strategy, Tactical",Action,Single Player,Third Person,Digital Download,Drive 1,Unplayed,3.00,93.00,61.55,,,,,,,0,8.00,8.60,8.20,8.30,N/A,8.28,0,Y,N,Y,,,,
Mary Skelter Finale,"Role-playing (RPG), Strategy, Adventure","Action, Fantasy, Horror, Romance",Single Player,First Person,Digital Download,Drive 4,Unplayed,3.56,130.97,7.33,,,,,,,0,9.40,8.70,7.80,7.80,N/A,8.43,,Y,N,Y,,,,
Masquerada: Songs and Shadows,"Role-playing (RPG), Strategy, Tactical, Indie","Action, Fantasy",Single Player,Bird view/Isometric,N/A,N/A,N/A,2.79,18.53,N/A,,,,,,,0,10.00,7.20,7.00,7.60,7.83,7.93,0,N,N,N,,,,
Masquerade: The Baubles of Doom,"Adventure, Indie",Action,Single Player,,N/A,N/A,N/A,2.00,3.50,N/A,,,,,,,0,7.90,5.00,4.30,5.00,N/A,5.55,,N,N,N,,,,
Mass Effect Andromeda,"Shooter, Role-playing (RPG), Adventure","Action, Science Fiction","Single Player, Multiplayer, Co-operative",Third Person,Digital Download,Drive 2,Unplayed,2.86,95.00,44.56,,,,,,,0,7.70,7.30,7.20,7.10,7.01,7.26,,Y,N,Y,,,,
Mass Effect Legendary Edition,"Shooter, Role-playing (RPG)","Action, Science Fiction, Romance",Single Player,Third Person,Digital Download,Drive 2,Unplayed,3.01,358.33,85.10,,,,,,,0,8.00,8.70,8.70,8.70,N/A,8.53,,Y,Y,Y,"Contains the following:
• Mass Effect
• Mass Effect 2
• Mass Effect 3",,,
Mato Anomalies,"Role-playing (RPG), Adventure, Visual Novel","Fantasy, Science Fiction, Mystery",Single Player,"Third Person, Text",Digital Download,Drive 1,Unplayed,3.33,51.85,15.90,,,,,,,0,4.40,5.50,6.20,6.30,N/A,5.60,,Y,N,N,,,,
Matterfall,"Shooter, Arcade","Action, Science Fiction",Single Player,Side View,Playstation Plus,Drive 3,Unplayed,3.25,12.00,4.11,,,,,,,0,7.00,6.80,7.40,7.20,7.23,7.13,0,Y,N,N,,,,
Max Payne,Shooter,"Action, Thriller",Single Player,Third Person,Digital Download,Drive 3,Unplayed,3.34,11.50,1.26,,,,,,,0,8.10,7.40,7.00,8.90,7.98,7.88,,Y,N,N,,,,
MechWarrior 5: Mercenaries,"Fighting, Shooter, Simulator, Tactical","Action, Science Fiction","Single Player, Multiplayer, Co-operative","First Person, Third Person",N/A,N/A,N/A,3.36,90.98,35.00,,,,,,,0,8.10,7.30,7.30,7.60,N/A,7.58,,N,N,Y,,,,
Medieval Dynasty,"Role-playing (RPG), Simulator, Adventure","Action, Survival","Single Player, Multiplayer, Co-operative",First Person,Digital Download,Drive 3,Unplayed,2.00,230.00,3.01,,,,,,,0,7.50,7.40,7.30,7.30,N/A,7.38,,Y,Y,N,,,,
MediEvil,"Hack and Slash/Beat 'em up, Adventure","Action, Historical, Comedy",Single Player,Third Person,Playstation Plus,Drive 1,Unplayed,3.43,15.50,38.47,1,,,,,,1,6.50,6.40,6.80,6.70,6.78,6.64,0,Y,N,Y,,,,
MediEvil: Resurrection,"Platform, Adventure","Action, Horror, Comedy",Single Player,Third Person,Playstation Plus,Drive 1,Unplayed,3.00,11.50,3.18,,,,,,,0,7.30,6.20,N/A,6.60,N/A,6.70,0,Y,N,N,,,,
Mega Man 11,"Shooter, Platform, Adventure","Action, Science Fiction",Single Player,Side View,N/A,N/A,Removed,3.70,16.00,1.98,,,,,,,0,7.50,8.00,8.10,8.20,8.25,8.01,,N,N,Y,Removed from PS+ after download.,,,
Mega Man Legacy Collection 1,"Platform, Adventure, Shooter, Arcade","Action, Science Fiction",Single Player,Side View,N/A,N/A,Removed,3.85,60.10,1.00,,,,,,,0,9.00,7.90,8.00,8.00,7.57,8.09,,N,N,Y,"Removed from PS+ after download.
Contains the following:
• Mega Man
• Mega Man II
• Mega Man III
• Mega Man 4
• Mega Man 5
• Mega Man 6",,,
Mega Man Legacy Collection 2,"Shooter, Platform, Adventure, Arcade","Action, Science Fiction",Single Player,Side View,N/A,N/A,Removed,3.68,38.30,4.00,,,,,,,0,6.00,7.10,7.40,7.10,7.47,7.01,,N,N,Y,"Removed from PS+ after download.
Contains the following:
• Mega Man 7
• Mega Man 8
• Mega Man 9
• Mega Man 10",,,
Mercenary Kings,"Shooter, Platform, Role-playing (RPG), Strategy, Adventure, Indie","Action, Fantasy, Historical","Single Player, Multiplayer, Co-operative",Side View,Digital Download,Drive 4,Unplayed,3.81,82.28,0.38,,,,,,,0,8.00,7.50,7.20,7.00,7.43,7.43,,Y,N,Y,,,,
Metal Gear & Metal Gear 2: Solid Snake,"Shooter, Tactical, Adventure","Action, Science Fiction, Survival, Stealth",Single Player,Bird view/Isometric,Digital Download,Drive 3,Unplayed,4.00,13.25,0.91,,,,,,,0,7.30,7.40,N/A,8.30,N/A,7.67,,Y,N,Y,"Contains the following:
• Metal Gear
• Metal Gear Solid Snake",,,
"Metal Gear Master Collection, Vol. 1 (Bonus Content)","Shooter, Adventure","Action, Stealth",Single Player,Bird view/Isometric,Digital Download,Drive 3,Unplayed,3.81,67.10,0.33,,,,,,,0,6.90,6.90,N/A,7.40,9.33,7.63,,Y,N,Y,"Contains the following:
• Metal Gear
• Metal Gear 2: Snake's Revenge",,,
Metal Gear Solid - Master Collection Version,"Tactical, Adventure","Action, Science Fiction, Survival, Stealth",Single Player,Third Person,Digital Download,Drive 3,Unplayed,3.00,17.00,2.40,,,,,,,0,9.80,8.00,N/A,7.40,9.33,8.63,,Y,N,Y,,,,
Metal Gear Solid 2: Sons of Liberty - Master Collection Version,Adventure,"Action, Stealth",Single Player,Third Person,Digital Download,Drive 3,Unplayed,3.00,26.00,12.59,,,,,,,0,9.70,9.00,N/A,7.40,9.33,8.86,,Y,N,Y,,,,
Metal Gear Solid 3: Snake Eater - Master Collection Version,"Shooter, Tactical, Adventure","Action, Fantasy, Survival, Historical, Stealth, Drama",Single Player,"First Person, Third Person, Bird view/Isometric",Digital Download,Drive 3,Unplayed,3.00,24.50,11.23,,,,,,,0,9.60,8.60,9.10,7.40,9.33,8.81,,Y,N,Y,,,,
Metal Gear Solid V The Definitive Experience Package,"Shooter, Role-playing (RPG), Strategy, Adventure","Action, Science Fiction, Stealth, Open World",Single Player,"First Person, Third Person",Digital Download,Drive 3,Unplayed,3.48,316.20,32.86,,,,,,,0,8.90,8.00,7.50,8.80,7.52,8.14,,Y,N,Y,"Contains the following:
• Metal Gear Solid V: The Phantom Pain
• Metal Gear Solid V: Ground Zeroes
• Metal Gear Online",,,
Metal Gear Survive,"Shooter, Strategy, Adventure","Action, Science Fiction, Survival","Single Player, Multiplayer, Co-operative",Third Person,N/A,N/A,N/A,3.35,61.45,16.00,,,,,,,0,6.50,6.00,6.00,6.00,6.11,6.12,0,N,N,N,,,,
Metal Max Xeno Reborn,"Shooter, Role-playing (RPG), Adventure","Action, Science Fiction, Open World",Single Player,Third Person,Digital Download,Drive 4,Unplayed,3.50,22.90,6.96,,,,,,,0,6.00,6.00,7.20,7.20,N/A,6.60,,Y,N,Y,,,,
Metal Slug Anthology,"Shooter, Arcade","Action, Comedy, Warfare","Single Player, Co-operative",Side View,N/A,N/A,N/A,3.79,41.97,N/A,,,,,,,0,7.20,7.50,7.80,7.30,8.09,7.58,,N,N,N,,,,
Metal Wolf Chaos XD,Shooter,"Action, Science Fiction",Single Player,Third Person,N/A,N/A,N/A,3.48,18.00,4.40,,,,,,,0,5.50,6.50,6.60,6.30,6.54,6.29,0,N,N,Y,,,,
Metaphor: ReFantazio,"Role-playing (RPG), Turn-based Strategy (TBS), Adventure","Action, Fantasy",Single Player,Third Person,N/A,N/A,N/A,3.33,103.00,40.00,,,,,,,0,9.00,9.40,9.20,9.40,N/A,9.25,,N,N,Y,,,,
Metro 2033 Redux,"Shooter, Role-playing (RPG)","Action, Science Fiction, Horror, Thriller, Survival, Stealth, Warfare",Single Player,First Person,Digital Download,Drive 3,Unplayed,3.11,23.50,8.30,,,,,,,0,7.90,8.70,8.50,9.00,9.02,8.62,,Y,N,Y,,,,
Metro: Last Light Redux,"Shooter, Role-playing (RPG), Adventure","Action, Survival, Stealth",Single Player,First Person,Digital Download,Drive 3,Unplayed,3.09,27.50,9.75,,,,,,,0,7.20,8.00,7.90,7.60,7.72,7.68,,Y,N,Y,,,,
Middle-Earth: Shadow of Mordor - Game of the Year Edition,"Role-playing (RPG), Hack and Slash/Beat 'em up, Adventure","Action, Fantasy, Stealth, Open World",Single Player,Third Person,Digital Download,Drive 2,Unplayed,3.08,38.00,35.95,1,,,,,,1,9.30,8.40,8.50,8.40,8.64,8.65,0,Y,N,Y,,,,
Middle-Earth: Shadow of War Definitive Edition,"Role-playing (RPG), Adventure","Action, Fantasy, Open World",Single Player,Third Person,Digital Download,Drive 2,Unplayed,3.23,57.00,52.60,,,,,,,0,9.00,8.40,8.20,8.00,8.15,8.35,,Y,N,Y,,,,
Midnight Fight Express,"Fighting, Shooter, Hack and Slash/Beat 'em up, Adventure, Indie",Action,Single Player,Bird view/Isometric,N/A,N/A,N/A,4.00,36.00,9.33,,,,,,,0,7.30,7.90,7.60,7.60,N/A,7.60,,N,N,N,,,,
Mindseize,"Shooter, Platform, Adventure, Indie",Action,Single Player,Side View,N/A,N/A,N/A,3.33,12.55,N/A,,,,,,,0,7.00,7.00,7.10,7.40,N/A,7.13,,N,N,N,,,,
MINIT,"Puzzle, Role-playing (RPG), Adventure, Indie","Action, Fantasy, Comedy, Mystery",Single Player,Bird view/Isometric,Digital Download,Drive 4,Unplayed,2.87,7.93,0.27,,,,,,,0,7.40,7.80,8.00,8.10,8.17,7.89,,Y,N,N,,,,
Minoria,"Platform, Role-playing (RPG), Adventure, Indie, Arcade","Action, Fantasy",Single Player,Side View,N/A,N/A,N/A,3.71,13.85,N/A,,,,,,,0,6.40,6.00,6.90,7.00,N/A,6.58,,N,N,Y,,,,
Minute of Islands,"Platform, Puzzle, Adventure, Indie","Action, Mystery",Single Player,Side View,Digital Download,Drive 4,Unplayed,2.00,10.33,3.45,,,,,,,0,7.00,7.90,7.40,7.30,N/A,7.40,,Y,N,N,,,,
MIrror's Edge Catalyst,"Platform, Adventure","Action, Thriller, Open World","Single Player, Multiplayer",First Person,Digital Download,Drive 2,Unplayed,2.91,31.00,18.05,,,,,,,0,6.80,6.90,7.00,6.90,6.99,6.92,,Y,N,Y,,,,
Mitsurugi Kamui Hikae,"Fighting, Hack and Slash/Beat 'em up, Indie",Action,Single Player,Third Person,N/A,N/A,N/A,3.79,16.65,N/A,,,,,,,0,4.90,7.00,6.10,5.80,6.00,5.96,0,N,N,Y,,,,
MLB 15: The Show,Sport,Non-fiction,"Single Player, Split Screen",Third Person,Physical Media,Drive 1,Unplayed,3.10,76.00,36.89,,,,,,,0,8.50,7.90,8.00,8.00,8.13,8.11,0,Y,N,N,,,,
Momodora: Reverie Under ther Moonlight,"Platform, Role-playing (RPG), Adventure, Indie","Action, Fantasy",Single Player,Side View,Digital Download,Drive 4,Unplayed,3.41,19.80,0.11,,,,,,,0,7.70,8.30,7.90,7.60,7.74,7.85,,Y,N,Y,,,,
MONARK,"Role-playing (RPG), Strategy, Turn-based Strategy (TBS), Adventure",Fantasy,Single Player,Third Person,N/A,N/A,N/A,3.19,97.78,N/A,,,,,,,0,6.00,8.00,6.60,6.60,N/A,6.80,,N,N,Y,,,,
Monochrome Mobius: Rights and Wrongs Forgotten,Role-playing (RPG),"Fantasy, Drama",Single Player,"Third Person, Text",N/A,N/A,N/A,3.00,62.85,N/A,,,,,,,0,6.00,6.00,6.40,6.60,N/A,6.25,,N,N,Y,,,,
Monster Crown,"Role-playing (RPG), Adventure, Indie",Action,"Single Player, Multiplayer",Bird view/Isometric,N/A,N/A,N/A,3.50,35.00,N/A,,,,,,,0,7.00,5.70,6.30,6.20,N/A,6.30,,N,N,Y,,,,
Monster Hunter Stories,Role-playing (RPG),,"Single Player, Multiplayer",Third Person,Playstation Plus,Drive 3,Unplayed,3.67,119.12,N/A,,,,,,,0,7.80,8.30,7.80,7.60,7.92,7.88,,Y,N,Y,,,,
Monster Hunter Stories 2: Wings of Ruin,"Role-playing (RPG), Adventure",Action,"Single Player, Multiplayer, Co-operative",Third Person,Playstation Plus,Drive 3,Unplayed,3.07,139.00,25.11,,,,,,,0,8.00,8.60,8.10,8.10,N/A,8.20,,Y,N,Y,,,,
Monster Hunter World: Iceborne,"Role-playing (RPG), Adventure","Action, Fantasy","Single Player, Multiplayer, Co-operative",Third Person,Digital Download,Drive 3,Unplayed,3.75,407.00,14.30,1,,,1,,,2,9.50,9.30,8.80,9.00,8.95,9.11,0,Y,N,Y,,,,
Monster Sanctuary,"Platform, Role-playing (RPG), Strategy, Adventure, Indie","Action, Fantasy","Single Player, Multiplayer",Side View,Digital Download,Drive 4,Unplayed,3.12,130.73,1.64,,,,,,,0,7.70,8.50,8.10,7.40,N/A,7.93,,Y,N,Y,,,,
moon: Remix RPG Adventure,"Puzzle, Role-playing (RPG), Adventure",Comedy,Single Player,Bird view/Isometric,N/A,N/A,N/A,3.70,33.05,N/A,,,,,,,0,7.00,7.10,8.20,7.70,N/A,7.50,,N,N,N,,,,
Moonglow Bay,"Role-playing (RPG), Adventure, Indie",Kids,Single Player,Bird view/Isometric,N/A,N/A,N/A,3.20,34.85,N/A,,,,,,,0,6.80,6.80,6.70,6.30,N/A,6.65,0,N,N,N,,,,
Moonlighter,"Role-playing (RPG), Simulator, Hack and Slash/Beat 'em up, Adventure, Indie","Action, Fantasy, Business",Single Player,Bird view/Isometric,Playstation Plus,Drive 3,Unplayed,3.11,49.10,1.42,,,,,,,0,7.50,8.20,8.20,8.10,8.12,8.02,0,Y,N,Y,,,,
Moons of Madness,"Puzzle, Adventure","Science Fiction, Horror, Survival",Single Player,First Person,Digital Download,Drive 4,Unplayed,2.63,8.00,15.39,,,,,,,0,5.00,6.90,6.60,6.90,7.13,6.51,,Y,N,N,,,,
Moonscars,"Platform, Hack and Slash/Beat 'em up, Adventure, Indie",Action,Single Player,Side View,Digital Download,Drive 4,Unplayed,3.80,23.77,0.62,,,,,,,0,7.20,6.60,7.40,7.50,N/A,7.18,,Y,N,Y,,,,
Morbid: The Lords of Ire,"Fighting, Role-playing (RPG), Hack and Slash/Beat 'em up, Adventure","Action, Fantasy",Single Player,Third Person,N/A,N/A,N/A,3.00,14.87,N/A,,,,,,,0,5.00,N/A,6.20,5.70,N/A,5.63,,N,N,Y,,,,
Mortal Kombat X,Fighting,Action,"Single Player, Multiplayer",Side View,Physical Media,Drive 1,Unplayed,3.19,50.50,44.36,1,,,,,,1,8.40,8.40,8.40,8.30,8.40,8.38,0,Y,N,Y,,,,
Moss: Book II,"Platform, Puzzle, Adventure","Action, Fantasy",Single Player,Virtual Reality,N/A,N/A,N/A,3.00,8.63,8.47,,,,,,,0,8.00,8.50,8.50,8.30,N/A,8.33,,N,N,N,,,,
Mount & Blade II: Bannerlord,"Role-playing (RPG), Simulator, Strategy, Tactical, Adventure","Action, Historical, Open World","Single Player, Multiplayer","First Person, Third Person",N/A,N/A,Removed,4.25,137.00,47.81,,,,,,,0,8.00,8.00,7.60,7.70,N/A,7.83,0,N,N,N,,,,
Mount & Blade: Warband,"Shooter, Role-playing (RPG), Simulator, Strategy, Puzzle","Action, Fantasy, Historical, Sandbox, Open World, 4X","Single Player, Multiplayer","First Person, Third Person",Playstation Plus,Drive 2,Unplayed,4.07,273.00,0.92,,,,,,,0,8.10,6.90,6.40,7.80,7.57,7.35,0,Y,N,Y,,,,
Mozart Requiem,"Music, Puzzle, Role-playing (RPG), Strategy, Adventure",Educational,Single Player,,N/A,N/A,N/A,2.00,N/A,N/A,,,,,,,0,7.60,6.50,3.80,5.00,N/A,5.73,,N,N,N,,,,
Mundaun,"Puzzle, Simulator, Adventure, Indie","Action, Horror",Single Player,First Person,N/A,N/A,N/A,3.00,10.33,N/A,,,,,,,0,7.60,7.60,7.40,7.20,N/A,7.45,,N,N,N,,,,
Murdered: Soul Suspect,"Puzzle, Role-playing (RPG), Adventure","Action, Horror, Thriller, Stealth, Mystery",Single Player,Third Person,Digital Download,Drive 2,Unplayed,2.11,12.00,9.21,,,,,,,0,5.50,6.10,6.00,5.90,6.13,5.93,,Y,N,N,,,,
Mutant Football League,"Sport, Indie, Arcade","Action, Comedy","Single Player, Multiplayer, Co-operative",Third Person,N/A,N/A,N/A,3.05,62.40,N/A,,,,,,,0,6.60,6.50,6.70,7.40,6.00,6.64,,N,N,N,,,,
Mutazione,"Point-and-click, Music, Role-playing (RPG), Adventure, Indie","Fantasy, Science Fiction, Drama",Single Player,Side View,N/A,N/A,N/A,2.50,16.28,N/A,,,,,,,0,7.90,9.00,7.60,7.60,8.50,8.12,,N,N,N,,,,
My Friend Pedro,"Shooter, Platform, Adventure, Indie, Arcade",Action,Single Player,Side View,N/A,N/A,N/A,3.67,15.18,N/A,,,,,,,0,8.50,7.30,8.00,7.80,8.03,7.93,,N,N,N,,,,
My Friendly Neighborhood,"Shooter, Adventure, Indie","Action, Horror, Survival",Single Player,First Person,N/A,N/A,N/A,3.09,16.40,N/A,,,,,,,0,7.60,7.20,7.90,8.10,N/A,7.70,0,N,N,N,,,,
My Memory of Us,"Platform, Puzzle, Adventure, Indie",Action,Single Player,Side View,N/A,N/A,N/A,2.75,8.72,N/A,,,,,,,0,8.00,7.00,7.40,7.70,6.67,7.35,,N,N,N,,,,
My Time at Portia,"Role-playing (RPG), Simulator, Adventure, Indie","Action, Fantasy, Survival, Sandbox, Open World",Single Player,Third Person,Digital Download,Drive 2,Unplayed,2.74,142.00,6.72,,,,,,,0,8.00,7.00,7.50,7.30,7.10,7.38,,Y,N,Y,,,,
My Time at Sandrock,"Role-playing (RPG), Simulator, Adventure, Indie","Action, Sandbox, Kids","Single Player, Multiplayer, Co-operative","Third Person, Bird view/Isometric",N/A,N/A,N/A,2.56,155.00,50.00,,,,,,,0,8.00,8.40,7.60,8.00,N/A,8.00,,N,N,N,,,,
Myst,"Point-and-click, Puzzle, Adventure","Fantasy, Science Fiction, Mystery",Single Player,First Person,Digital Download,Drive 4,Unplayed,3.79,12.80,1.38,,,,,,,0,7.50,5.50,7.40,7.80,6.00,6.84,0,Y,N,N,,,,
Mystik Belle,"Platform, Role-playing (RPG), Adventure, Indie","Action, Fantasy",Single Player,Side View,Digital Download,Drive 4,Unplayed,3.00,9.02,0.12,,,,,,,0,N/A,6.80,7.30,6.90,7.17,7.04,,Y,N,Y,,,,
MythForce,"Role-playing (RPG), Adventure","Action, Fantasy","Single Player, Multiplayer, Co-operative",First Person,N/A,N/A,N/A,3.00,12.22,N/A,,,,,,,0,7.00,6.50,5.80,6.80,N/A,6.53,,N,N,N,,,,
Mythwrecked: Ambrosia Island,"Puzzle, Adventure, Indie","Fantasy, Drama, Kids",Single Player,"First Person, Third Person",N/A,N/A,N/A,3.00,11.30,N/A,,,,,,,0,7.00,N/A,6.20,6.30,N/A,6.50,,N,N,N,,,,
Naiad,"Puzzle, Adventure, Indie","Fantasy, Kids",Single Player,"Third Person, Bird view/Isometric",N/A,N/A,N/A,2.00,12.53,N/A,,,,,,,0,7.50,N/A,7.70,7.00,N/A,7.40,,N,N,N,,,,
Narcosis,"Adventure, Indie","Action, Horror, Survival, Mystery",Single Player,"First Person, Virtual Reality",N/A,N/A,N/A,2.75,6.12,N/A,,,,,,,0,5.00,8.50,7.10,7.20,6.50,6.86,,N,N,N,,,,
Naruto Shippuden: Ultimate Ninja Storm 4,"Fighting, Adventure",Action,"Single Player, Multiplayer",Side View,Digital Download,Drive 2,Unplayed,2.89,39.00,41.62,,,,,,,0,5.50,7.50,7.90,7.90,7.92,7.34,,Y,N,Y,,,,
Natsuki Chronicles,"Shooter, Arcade","Action, Science Fiction",Single Player,Side View,Digital Download,Drive 1,Unplayed,4.17,4.77,4.82,,,,,,,0,8.00,8.50,7.90,8.00,N/A,8.10,,Y,N,N,,,,
Necromunda: Hired Gun,"Shooter, Turn-based Strategy (TBS), Adventure","Action, Science Fiction",Single Player,First Person,Digital Download,Drive 4,Unplayed,3.00,23.93,28.06,,,,,,,0,5.00,6.20,5.80,6.20,N/A,5.80,0,Y,N,Y,,,,
Necropolis,"Puzzle, Adventure, Indie","Action, Fantasy","Single Player, Multiplayer, Co-operative",Third Person,Digital Download,Drive 4,Unplayed,4.35,22.10,8.32,,,,,,,0,6.50,6.00,5.80,5.90,5.63,5.97,,Y,N,N,,,,
Need for Speed Heat,"Racing, Sport, Adventure","Action, Open World","Single Player, Multiplayer, Co-operative","First Person, Third Person",Digital Download,Drive 2,Unplayed,3.04,89.53,36.18,,,,,,,0,8.00,7.00,7.20,7.20,7.17,7.31,,Y,N,Y,,,,
Need for Speed Hot Pursuit Remastered,Racing,Action,"Single Player, Multiplayer","First Person, Third Person",Digital Download,Drive 2,Unplayed,3.41,108.80,31.56,,,,,,,0,8.00,8.00,7.40,7.50,8.89,7.96,0,Y,N,Y,,,,
Need for Speed Payback,"Racing, Sport","Action, Open World","Single Player, Multiplayer",Third Person,Digital Download,Drive 2,Unplayed,3.05,91.72,28.16,,,,,,,0,5.90,5.40,6.00,6.10,5.90,5.86,,Y,N,Y,,,,
Need For Speed: Rivals,"Racing, Adventure","Action, Open World","Single Player, Multiplayer","First Person, Third Person",Digital Download,Drive 2,Unplayed,3.09,49.08,16.91,,,,,,,0,8.00,8.00,8.00,8.00,8.06,8.01,,Y,N,Y,,,,
NEO: The World Ends with You,"Role-playing (RPG), Hack and Slash/Beat 'em up",Action,Single Player,Third Person,N/A,N/A,N/A,3.06,104.00,9.00,,,,,,,0,7.00,8.40,8.20,8.00,N/A,7.90,,N,N,Y,,,,
Neon Abyss,"Shooter, Platform, Role-playing (RPG), Adventure, Indie",Action,Single Player,Bird view/Isometric,Digital Download,Drive 2,Unplayed,4.00,92.00,1.76,,,,,,,0,7.40,9.00,7.60,7.40,N/A,7.85,,Y,N,N,,,,
Neon Inferno,"Shooter, Platform, Hack and Slash/Beat 'em up, Adventure, Indie, Arcade","Action, Science Fiction","Single Player, Multiplayer, Co-operative",Side View,N/A,N/A,N/A,4.00,10.00,N/A,,,,,,,0,7.50,8.00,7.70,8.00,N/A,7.80,0,N,N,N,,,,
Neon White,"Shooter, Platform, Indie, Visual Novel","Action, Fantasy",Single Player,"First Person, Text",Playstation Plus,Drive 4,Unplayed,3.60,58.75,8.07,,,,,,,0,8.00,8.90,8.90,8.90,N/A,8.68,,Y,N,N,,,,
Neptunia ReVerse,Role-playing (RPG),Action,Single Player,Third Person,N/A,N/A,N/A,2.64,58.20,6.08,,,,,,,0,9.30,6.60,6.80,6.70,N/A,7.35,,N,N,N,,,,
Neptunia: Sisters vs. Sisters,Role-playing (RPG),"Action, Science Fiction",Single Player,Third Person,N/A,N/A,N/A,2.64,54.32,6.08,,,,,,,0,8.30,7.30,6.70,6.50,N/A,7.20,,N,N,Y,,,,
Neva,"Platform, Puzzle, Adventure, Indie","Action, Fantasy, Drama",Single Player,Side View,N/A,N/A,N/A,3.00,8.97,2.87,,,,,,,0,8.40,9.30,8.70,8.60,N/A,8.75,,N,N,N,,,,
Never Alone: Kisima Ingitchuna,"Platform, Puzzle, Adventure, Indie","Action, Historical, Educational","Single Player, Multiplayer, Massively Multiplayer Online (MMO)",Side View,Digital Download,Drive 2,Unplayed,2.17,9.60,4.76,,,,,,,0,7.00,7.10,7.20,7.20,7.31,7.16,0,Y,N,N,,,,
Neverwinter Nights: Enhanced Edition,"Role-playing (RPG), Adventure",Fantasy,"Single Player, Multiplayer, Co-operative","Third Person, Bird view/Isometric",N/A,N/A,N/A,3.38,212.23,N/A,,,,,,,0,8.80,4.50,5.50,6.30,8.90,6.80,,N,N,N,,,,
NEW Joe and Mac - Caveman Ninja,"Platform, Adventure, Arcade",Action,"Single Player, Co-operative",,N/A,N/A,N/A,3.40,2.18,N/A,,,,,,,0,5.90,2.70,5.82,5.80,N/A,5.05,,N,N,N,,,,
New Star GP,"Racing, Simulator, Sport, Indie, Arcade",,"Single Player, Multiplayer",,N/A,N/A,N/A,3.00,25.00,N/A,,,,,,,0,8.00,8.00,8.00,8.10,N/A,8.03,,N,N,N,,,,
New Super Lucky's Tale,"Platform, Adventure, Indie, Arcade","Action, Kids",Single Player,Third Person,Digital Download,Drive 4,Unplayed,2.86,11.00,5.92,,,,,,,0,7.40,7.80,7.90,7.60,7.79,7.70,,Y,N,Y,,,,
Nex Machina: Death Machine,"Shooter, Indie, Arcade","Action, Science Fiction","Single Player, Multiplayer, Co-operative",Bird view/Isometric,N/A,N/A,N/A,3.97,20.00,1.02,,,,,,,0,8.00,9.10,8.60,8.80,8.86,8.67,,N,N,Y,,,,
Nexomon,"Role-playing (RPG), Simulator, Strategy, Adventure, Indie","Action, Fantasy",Single Player,Bird view/Isometric,Digital Download,Drive 4,Unplayed,3.45,68.82,1.74,,,,,,,0,7.30,8.00,7.60,7.90,7.00,7.56,0,Y,N,Y,,,,
Nexomon: Extinction,"Role-playing (RPG), Simulator, Turn-based Strategy (TBS), Adventure, Indie","Action, Fantasy",Single Player,"Bird view/Isometric, Side View",Digital Download,Drive 4,Unplayed,3.25,106.82,5.05,,,,,,,0,7.80,8.00,7.20,7.10,N/A,7.53,,Y,N,Y,,,,
NHL 15,"Simulator, Sport",Non-fiction,"Single Player, Multiplayer, Co-operative",Bird view/Isometric,Physical Media,Drive 1,Unplayed,2.87,50.00,22.68,,,,,,,0,7.00,6.20,6.10,6.00,5.91,6.24,0,Y,N,N,,,,
Ni No Kuni II: Revenant Kingdom,"Role-playing (RPG), Adventure","Action, Fantasy",Single Player,Third Person,Digital Download,Drive 2,Unplayed,2.43,94.00,31.25,,,,,,,0,7.80,8.60,8.70,8.00,8.63,8.35,,Y,N,Y,,,,
Ni no Kuni Wrath of the White Witch Remastered,"Role-playing (RPG), Adventure","Action, Fantasy, Kids, Open World",Single Player,Third Person,Digital Download,Drive 2,Unplayed,3.09,92.00,21.23,,,,,,,0,9.40,8.40,8.60,8.60,8.60,8.72,,Y,N,Y,,,,
Niche: A Genetics Survival Game,"Simulator, Strategy, Indie, Card & Board Game","Survival, Sandbox, Educational, Kids",Single Player,,N/A,N/A,N/A,4.00,4.75,N/A,,,,,,,0,5.00,8.30,5.77,5.67,N/A,6.18,,N,N,N,,,,
NieR Replicant ver. 1.22474487139...,"Role-playing (RPG), Adventure","Action, Science Fiction, Drama, Open World",Single Player,Third Person,N/A,N/A,Removed,2.89,68.50,28.36,,,,,,,0,8.00,8.20,8.30,8.30,N/A,8.20,0,N,N,Y,Removed from PS+ after download.,,,
NieR: Automata,"Role-playing (RPG), Hack and Slash/Beat 'em up","Action, Fantasy, Science Fiction, Drama, Open World",Single Player,"Third Person, Side View",N/A,N/A,N/A,3.03,61.00,48.92,1,1,,1,,,3,8.90,8.60,8.90,8.80,8.87,8.81,0,N,N,Y,,,,
Niffelheim,"Platform, Role-playing (RPG), Simulator, Strategy, Adventure, Indie","Action, Survival","Single Player, Multiplayer, Co-operative",,Digital Download,Drive 4,Unplayed,3.00,33.72,2.83,,,,,,,0,5.00,7.40,6.50,6.77,N/A,6.42,,Y,N,Y,,,,
Night in the Woods,"Platform, Adventure, Indie","Fantasy, Drama",Single Player,Side View,N/A,N/A,Removed,1.96,24.00,13.77,,,,,,,0,8.70,8.80,8.60,8.80,8.92,8.76,,N,N,N,Removed from PS+ after download.,,,
Night Trap,"Puzzle, Strategy, Adventure","Action, Horror, Comedy",Single Player,First Person,N/A,N/A,N/A,3.32,12.78,N/A,,,,,,,0,6.00,4.00,5.70,5.00,5.57,5.25,,N,N,N,,,,
Nightmare Reaper,"Shooter, Adventure, Indie, Arcade","Action, Horror",Single Player,First Person,N/A,N/A,N/A,3.92,36.25,N/A,,,,,,,0,8.30,7.50,7.50,8.20,N/A,7.88,,N,N,N,,,,
Nights of Azure,"Role-playing (RPG), Hack and Slash/Beat 'em up","Action, Fantasy",Single Player,Third Person,N/A,N/A,N/A,2.80,51.63,N/A,,,,,,,0,6.40,6.60,6.80,6.70,6.82,6.66,,N,N,Y,,,,
Nights of Azure 2,Role-playing (RPG),Action,Single Player,,N/A,N/A,N/A,2.82,67.30,6.60,,,,,,,0,8.20,6.00,6.50,6.60,6.57,6.77,0,N,N,Y,,,,
Nikoderiko: The Magical World,"Platform, Adventure, Arcade","Action, Kids, Party","Single Player, Multiplayer, Co-operative, Split Screen",Side View,N/A,N/A,N/A,2.00,10.00,N/A,,,,,,,0,7.70,8.50,7.80,8.00,N/A,8.00,,N,N,N,,,,
Nine Parchments,Role-playing (RPG),Action,"Single Player, Multiplayer, Co-operative",Bird view/Isometric,N/A,N/A,N/A,3.91,74.47,N/A,,,,,,,0,6.70,6.60,6.50,6.60,6.83,6.65,0,N,N,N,,,,
Nine Sols,"Platform, Hack and Slash/Beat 'em up, Adventure, Indie","Action, Fantasy, Science Fiction",Single Player,Side View,Playstation Plus,Drive 3,Unplayed,4.21,32.00,3.97,,,,,,,0,8.50,8.80,8.50,8.30,N/A,8.53,,Y,N,N,,,,
Ninja Gaiden Master Collection,"Hack and Slash/Beat 'em up, Adventure",Action,Single Player,,N/A,N/A,N/A,4.35,337.78,11.00,,,,,,,0,8.40,7.70,7.20,7.30,N/A,7.65,0,N,N,Y,"Contains the following:
• Ninja Gaiden Sigma
• Ninja Gaiden Sigma 2
• Ninja Gaiden 3: Razor's Edge",,,
Ninja Gaiden: Ragebound,"Platform, Hack and Slash/Beat 'em up, Adventure, Indie, Arcade",Action,Single Player,Side View,N/A,N/A,N/A,3.50,7.50,N/A,,,,,,,0,9.00,8.50,8.60,8.60,N/A,8.68,,N,N,N,,,,
Nioh,"Role-playing (RPG), Hack and Slash/Beat 'em up, Adventure","Action, Fantasy, Historical","Single Player, Multiplayer, Co-operative",Third Person,Playstation Plus,Drive 3,Unplayed,3.99,142.00,55.26,1,,,1,,,2,9.60,8.80,8.80,8.80,8.86,8.97,0,Y,N,Y,,,,
Nioh 2,"Role-playing (RPG), Hack and Slash/Beat 'em up, Adventure","Action, Fantasy, Historical","Single Player, Multiplayer, Co-operative",Third Person,Digital Download,Drive 3,Unplayed,4.05,137.00,52.97,1,,,1,,,2,9.00,8.40,8.50,8.50,N/A,8.60,0,Y,N,Y,,,,
No More Heroes 3,Hack and Slash/Beat 'em up,"Action, Comedy",Single Player,Third Person,Playstation Plus,Drive 2,Unplayed,3.67,28.50,21.90,,,,,,,0,6.00,6.90,7.60,7.50,N/A,7.00,,Y,N,Y,,,,
Nobody Saves the World,"Role-playing (RPG), Hack and Slash/Beat 'em up, Adventure, Indie","Action, Fantasy","Single Player, Multiplayer, Co-operative",Bird view/Isometric,Digital Download,Drive 4,Unplayed,3.33,43.53,1.18,,,,,,,0,7.00,8.60,8.00,7.90,N/A,7.88,,Y,N,Y,,,,
Nobunaga's Ambition: Sphere of Influence,"Simulator, Strategy, Turn-based Strategy (TBS)",Historical,Single Player,Bird view/Isometric,N/A,N/A,N/A,3.41,1647.88,N/A,,,,,,,0,9.00,8.00,7.60,8.00,7.91,8.10,,N,N,Y,,,,
Norco,"Point-and-click, Puzzle, Adventure, Indie","Science Fiction, Mystery",Single Player,,Digital Download,Drive 4,Unplayed,3.00,13.08,1.72,,,,,,,0,8.10,9.20,9.00,8.90,N/A,8.80,0,Y,N,N,,,,
Northgard,"Real Time Strategy (RTS), Role-playing (RPG), Simulator, Strategy, Turn-based Strategy (TBS), Indie","Fantasy, Survival","Single Player, Multiplayer, Co-operative",Bird view/Isometric,Digital Download,Drive 4,Unplayed,3.25,85.50,0.72,,,,,,,0,7.50,8.10,7.90,8.10,N/A,7.90,,Y,N,N,,,,
Not for Broadcast,"Point-and-click, Simulator, Adventure, Indie","Comedy, Drama",Single Player,First Person,Digital Download,Drive 4,Unplayed,4.00,40.00,53.02,,,,,,,0,7.40,8.50,8.70,8.20,N/A,8.20,,Y,N,N,,,,
Nuclear Throne,"Shooter, Adventure, Indie, Arcade","Action, Science Fiction","Single Player, Multiplayer, Co-operative",Bird view/Isometric,N/A,N/A,N/A,4.42,235.67,N/A,,,,,,,0,9.00,8.40,8.60,8.90,8.30,8.64,,N,N,N,,,,
Obduction,"Point-and-click, Puzzle, Adventure, Indie","Fantasy, Science Fiction, Mystery",Single Player,"First Person, Virtual Reality",N/A,N/A,N/A,4.17,26.70,N/A,,,,,,,0,6.80,6.70,7.20,7.60,5.83,6.83,,N,N,N,,,,
Observation,"Puzzle, Simulator, Adventure, Indie, Arcade","Science Fiction, Horror, Thriller",Single Player,First Person,Digital Download,Drive 1,Unplayed,2.59,14.27,7.83,,,,,,,0,9.00,8.20,7.60,7.50,7.40,7.94,,Y,N,N,,,,
Oceanhorn: Monster of Uncharted Seas,"Role-playing (RPG), Adventure, Indie","Action, Fantasy",Single Player,Bird view/Isometric,Digital Download,Drive 1,Unplayed,2.67,24.10,0.49,,,,,,,0,6.80,7.30,6.70,8.50,6.28,7.12,,Y,N,Y,,,,
Octopath Traveler,"Role-playing (RPG), Adventure",Fantasy,Single Player,"Bird view/Isometric, Side View",N/A,N/A,N/A,3.00,221.50,N/A,,,,,,,0,9.30,8.50,8.40,8.30,8.33,8.57,0,N,N,Y,,,,
Octopath Traveler II,"Role-playing (RPG), Turn-based Strategy (TBS)","Action, Fantasy",Single Player,Bird view/Isometric,N/A,N/A,N/A,3.43,141.47,N/A,,,,,,,0,7.00,8.90,8.50,8.50,N/A,8.23,,N,N,Y,,,,
Oddworld: New 'n' Tasty,"Platform, Puzzle, Adventure, Indie","Action, Science Fiction, Stealth, Comedy","Single Player, Co-operative",Side View,Playstation Plus,Drive 3,Unplayed,3.35,11.50,7.55,,,,,,,0,8.50,7.60,8.00,8.40,8.32,8.16,,Y,N,N,,,,
Oddworld: Soulstorm Enhanced Edition,"Platform, Puzzle, Adventure, Indie","Action, Fantasy, Comedy",Single Player,Side View,Playstation Plus,Drive 3,Unplayed,4.20,35.50,14.98,,,,,,,0,7.00,8.30,7.30,7.90,N/A,7.63,0,Y,N,N,,,,
Oddworld: Stranger's Wrath HD,"Shooter, Platform, Adventure","Action, Science Fiction, Stealth, Comedy",Single Player,"First Person, Third Person",N/A,N/A,N/A,3.22,176.87,4.00,,,,,,,0,8.80,7.80,7.30,7.20,8.26,7.87,0,N,N,N,,,,
Odin Sphere Leifthrasir,Role-playing (RPG),"Action, Fantasy",Single Player,Side View,N/A,N/A,Removed,2.98,43.50,3.61,,,,,,,0,9.50,8.80,8.80,8.70,8.65,8.89,0,N,N,Y,Removed from PS+ after download,,,
Ōkami HD,"Role-playing (RPG), Adventure","Action, Fantasy, Historical, Comedy",Single Player,Third Person,Digital Download,Drive 3,Unplayed,2.75,53.00,16.18,,,,,,,1,9.00,9.20,8.70,9.00,9.03,8.99,,Y,N,Y,,,,
Okinawa Rush,"Fighting, Platform, Role-playing (RPG), Adventure, Indie",Action,"Single Player, Co-operative",Side View,Digital Download,Drive 1,Unplayed,3.00,11.50,1.40,,,,,,,0,8.00,8.00,8.20,8.10,N/A,8.08,,Y,N,N,,,,
Olija,"Platform, Hack and Slash/Beat 'em up, Adventure, Indie, Arcade","Action, Fantasy",Single Player,Third Person,Digital Download,Drive 4,Unplayed,3.50,9.10,2.70,,,,,,,0,7.00,8.00,7.90,7.70,N/A,7.65,0,Y,N,N,,,,
OlliOlli World,"Platform, Sport, Indie, Arcade",Action,Single Player,Third Person,N/A,N/A,N/A,3.71,57.00,1.50,,,,,,,0,9.00,8.70,8.60,8.40,N/A,8.68,,N,N,N,,,,
Omensight,"Role-playing (RPG), Adventure, Indie","Action, Mystery",Single Player,"Third Person, Bird view/Isometric",N/A,N/A,N/A,2.86,14.05,N/A,,,,,,,0,7.70,7.90,7.70,7.40,7.74,7.69,,N,N,Y,,,,
Omno,"Puzzle, Platform, Adventure, Indie","Action, Fantasy",Single Player,Third Person,Digital Download,Drive 4,Unplayed,2.71,8.35,2.17,,,,,,,0,7.10,8.30,7.90,7.60,N/A,7.73,0,Y,N,N,,,,
Omori,"Role-playing (RPG), Turn-based Strategy (TBS), Adventure, Indie","Fantasy, Horror",Single Player,Bird view/Isometric,N/A,N/A,N/A,2.43,105.30,N/A,,,,,,,0,9.10,8.30,8.60,8.70,N/A,8.68,0,N,N,Y,,,,
One Piece: Odyssey,"Role-playing (RPG), Adventure","Action, Fantasy, Comedy, Open World, Mystery",Single Player,Third Person,N/A,N/A,N/A,3.00,60.00,30.00,,,,,,,0,7.00,7.10,7.40,7.30,N/A,7.20,,N,N,Y,,,,
One Piece: Pirate Warriors 3,"Hack and Slash/Beat 'em up, Adventure",Action,"Single Player, Multiplayer, Co-operative, Split Screen",Third Person,Digital Download,Drive 3,Unplayed,2.89,107.00,14.42,,,,,,,0,6.90,7.60,7.40,7.40,7.50,7.36,0,Y,N,Y,,,,
One Piece: Pirate Warriors 4,"Hack and Slash/Beat 'em up, Adventure",Action,"Single Player, Multiplayer, Co-operative, Split Screen",Third Person,Digital Download,Drive 3,Unplayed,2.89,41.00,35.17,,,,,,,0,8.00,7.50,7.50,7.50,N/A,7.63,0,Y,N,Y,,,,
One Piece: World Seeker,Adventure,"Action, Fantasy, Open World",Single Player,Third Person,Digital Download,Drive 3,Unplayed,2.81,33.00,19.36,,,,,,,0,4.80,6.70,6.00,5.80,5.88,5.84,,Y,N,Y,,,,
One Punch Man: A Hero Nobody Knows,"Fighting, Hack and Slash/Beat 'em up","Action, Science Fiction","Single Player, Multiplayer",Side View,N/A,N/A,N/A,2.84,30.18,N/A,,,,,,,0,6.00,5.30,5.90,5.70,N/A,5.73,0,N,N,N,,,,
Onechanbara Z2: Chaos,Hack and Slash/Beat 'em up,"Action, Horror",Single Player,First Person,N/A,N/A,N/A,2.98,26.78,N/A,,,,,,,0,7.00,6.00,5.80,5.70,5.78,6.06,,N,N,Y,,,,
Onee Chanbara Origin,Hack and Slash/Beat 'em up,"Action, Horror",Single Player,Third Person,N/A,Drive 3,Removed,3.06,19.00,10.50,,,,,,,0,6.40,6.60,6.60,6.90,N/A,6.63,0,N,N,Y,Removed from PS+ after download.,,,
OneShot: World Machine Edition,"Puzzle, Role-playing (RPG), Adventure, Indie",Fantasy,Single Player,Bird view/Isometric,N/A,N/A,N/A,2.33,18.03,N/A,,,,,,,0,8.80,8.40,8.40,8.00,N/A,8.40,,N,N,N,,,,
Oniken: Unstoppable Edition & Odallus: The Dark Call Bundle,"Platform, Adventure, Arcade",Action,Single Player,,N/A,N/A,N/A,3.00,23.13,N/A,,,,,,,0,6.95,8.15,6.85,7.20,N/A,7.29,,N,N,N,,,,
Onimusha 2: Samurai's Destiny,"Role-playing (RPG), Adventure","Action, Horror",Single Player,,N/A,N/A,N/A,3.00,29.13,N/A,,,,,,,0,8.90,7.40,7.50,7.50,8.44,7.95,,N,N,Y,,,,
Onimusha: Warlords,"Role-playing (RPG), Adventure","Action, Fantasy, Historical",Single Player,"Third Person, Side View",N/A,N/A,N/A,3.10,13.00,N/A,,,,,,,0,6.50,7.50,7.30,7.10,7.18,7.12,,N,N,Y,,,,
Oninaki,"Role-playing (RPG), Adventure",Action,Single Player,Bird view/Isometric,N/A,N/A,N/A,3.00,42.00,4.24,,,,,,,0,7.40,6.70,7.10,6.90,6.69,6.96,,N,N,N,,,,
Open Roads,"Adventure, Indie","Drama, Kids, Mystery",Single Player,First Person,N/A,N/A,N/A,1.00,4.00,5.00,,,,,,,0,6.40,7.00,7.00,6.70,N/A,6.78,,N,N,N,,,,
Operencia: The Stolen Sun,"Role-playing (RPG), Turn-based Strategy (TBS), Adventure, Indie","Action, Fantasy",Single Player,First Person,N/A,N/A,N/A,3.80,43.47,N/A,,,,,,,0,5.00,7.70,8.00,8.20,8.18,7.42,,N,N,N,,,,
Orangeblood,"Role-playing (RPG), Adventure, Indie",Science Fiction,Single Player,Side View,N/A,N/A,N/A,4.00,23.82,N/A,,,,,,,0,3.00,5.00,6.20,5.70,N/A,4.98,,N,N,Y,,,,
Outcast - Second Contact,"Shooter, Role-playing (RPG), Adventure","Action, Fantasy, Science Fiction, Open World",Single Player,Third Person,Playstation Plus,Drive 1,Unplayed,3.00,23.00,14.33,,,,,,,0,8.50,7.00,6.80,6.10,5.72,6.82,0,Y,N,N,,,,
Outlast,"Adventure, Indie","Action, Horror, Survival, Stealth, Mystery",Single Player,First Person,Digital Download,Drive 1,Unplayed,3.46,11.50,4.58,1,,,,,,1,7.80,7.70,7.70,8.00,7.69,7.78,0,Y,N,N,,,,
Outlast 2,"Adventure, Indie","Action, Horror, Survival, Mystery",Single Player,First Person,Playstation Plus,Drive 1,Unplayed,3.31,13.00,21.35,,,,,,,0,8.30,7.80,7.50,7.50,6.87,7.59,0,Y,N,N,,,,
Outriders,"Shooter, Role-playing (RPG), Adventure","Action, Science Fiction","Single Player, Multiplayer, Co-operative",Third Person,N/A,N/A,Removed,3.23,134.53,N/A,,,,,,,0,7.00,7.80,7.30,7.30,N/A,7.35,,N,Y,N,Removed from PS+ after download,,,
Owlboy,"Platform, Puzzle, Adventure, Indie","Action, Fantasy, Science Fiction",Single Player,Side View,Digital Download,Drive 4,Unplayed,2.83,20.05,1.09,,,,,,,0,9.30,8.90,8.80,8.80,8.75,8.91,,Y,N,Y,,,,
Oxenfree,"Role-playing (RPG), Adventure, Indie","Fantasy, Science Fiction, Thriller, Drama",Single Player,Side View,Digital Download,Drive 2,Unplayed,1.58,14.00,6.93,,,,,,,0,8.20,7.90,8.10,8.00,7.92,8.02,,Y,N,N,,,,
Oxenfree II: Lost Signals,"Adventure, Indie","Fantasy, Science Fiction, Horror, Drama",Single Player,Side View,N/A,N/A,N/A,3.50,17.00,4.31,,,,,,,0,7.00,8.30,7.80,7.30,N/A,7.60,,N,N,N,,,,
Oxide Room 104,"Adventure, Indie","Action, Horror, Thriller, Survival",Single Player,First Person,Digital Download,Drive 1,Unplayed,3.67,5.48,6.25,,,,,,,0,7.00,N/A,7.00,7.40,N/A,7.13,,N,N,N,,,,
Pac-Man World 2: Re-Pac,"Platform, Adventure, Arcade","Action, Fantasy","Single Player, Multiplayer, Co-operative, Split Screen","Third Person, Side View",N/A,N/A,N/A,3.50,35.23,N/A,,,,,,,0,N/A,7.80,7.60,7.40,6.82,7.40,0,N,N,N,,,,
Pac-Man World: Re-Pac,"Platform, Adventure, Arcade","Action, Fantasy",Single Player,"Third Person, Side View",N/A,N/A,N/A,3.08,16.00,N/A,,,,,,,0,N/A,6.90,7.10,7.10,8.05,7.29,0,N,N,Y,,,,
Panzer Dragoon: Remake,"Shooter, Adventure, Arcade","Action, Fantasy",Single Player,Third Person,N/A,N/A,N/A,2.92,103.30,N/A,,,,,,,0,6.00,6.50,6.30,7.00,9.09,6.98,,N,N,Y,,,,
Panzer Paladin,"Platform, Adventure, Indie, Arcade",Action,Single Player,Side View,N/A,N/A,N/A,3.60,19.47,N/A,,,,,,,0,8.00,7.90,8.00,7.70,N/A,7.90,,N,N,N,,,,
Paper Trail,"Puzzle, Strategy, Adventure, Indie","Fantasy, Kids",Single Player,Bird view/Isometric,N/A,N/A,N/A,3.00,11.07,N/A,,,,,,,0,7.10,8.50,8.10,7.50,N/A,7.80,,N,N,N,,,,
Papetura,"Point-and-click, Platform, Puzzle, Adventure, Indie","Fantasy, Kids",Single Player,Side View,N/A,N/A,N/A,1.29,2.02,N/A,,,,,,,0,7.20,7.00,7.80,6.00,N/A,7.00,,N,N,N,,,,
Paradise Killer,"Puzzle, Role-playing (RPG), Adventure, Indie","Fantasy, Open World, Mystery",Single Player,First Person,Playstation Plus,Drive 3,Unplayed,2.50,24.83,2.31,,,,,,,0,9.00,7.90,8.10,8.10,N/A,8.28,,Y,N,N,,,,
Paradise Lost,"Simulator, Adventure, Indie",Mystery,Single Player,First Person,N/A,N/A,N/A,1.33,6.72,N/A,,,,,,,0,5.00,6.20,6.70,6.60,N/A,6.13,,N,N,N,,,,
Path of Exile,"Role-playing (RPG), Hack and Slash/Beat 'em up, Adventure","Action, Fantasy, Horror","Single Player, Multiplayer, Co-operative, Massively Multiplayer Online (MMO)",Bird view/Isometric,N/A,N/A,N/A,3.16,1499.75,N/A,,,,,,,0,7.60,7.80,6.50,8.60,8.75,7.85,0,N,N,N,,,,
Pathfinder: Kingmaker - Definitive Edition,"Role-playing (RPG), Tactical, Adventure",Fantasy,Single Player,Bird view/Isometric,N/A,N/A,N/A,3.86,365.18,N/A,,,,,,,0,6.80,6.60,7.10,7.40,7.36,7.05,0,N,N,Y,,,,
Pathfinder: Wrath of the Righteous,"Role-playing (RPG), Strategy, Tactical, Adventure, Indie",Fantasy,Single Player,Bird view/Isometric,Playstation Plus,Drive 1,Unplayed,4.00,209.00,21.97,,,,,,,0,8.00,8.50,8.10,8.30,N/A,8.23,0,Y,N,Y,,,,
Pathologic 2,"Role-playing (RPG), Adventure, Indie","Horror, Thriller, Survival, Drama, Open World",Single Player,First Person,Digital Download,Drive 2,Unplayed,5.00,49.00,6.46,,,,,,,0,8.90,6.30,7.00,7.00,6.83,7.21,,Y,N,N,,,,
Pato Box,"Fighting, Adventure, Indie, Arcade",Action,Single Player,Third Person,Digital Download,Drive 4,Unplayed,4.13,19.85,2.95,,,,,,,0,8.00,7.00,7.20,7.40,7.00,7.32,,Y,N,N,,,,
Payday 2: Crimewave Edition,"Shooter, Role-playing (RPG), Tactical","Action, Stealth","Single Player, Multiplayer, Co-operative",First Person,Digital Download,Drive 3,Unplayed,3.83,538.00,35.75,,,,,,,0,8.00,7.50,6.40,7.90,6.90,7.34,,Y,N,Y,,,,
Pentiment,"Puzzle, Role-playing (RPG), Adventure","Historical, Mystery",Single Player,Side View,N/A,N/A,N/A,2.50,26.00,10.60,,,,,,,0,8.80,8.50,8.60,8.60,N/A,8.63,,N,N,N,,,,
Pepper Grinder,"Platform, Adventure, Indie","Action, Fantasy",Single Player,Side View,N/A,N/A,N/A,3.84,10.47,N/A,,,,,,,0,7.00,8.20,7.90,7.80,N/A,7.73,,N,N,N,,,,
Perception: Remastered,"Adventure, Indie","Action, Horror",Single Player,First Person,Digital Download,Drive 2,Unplayed,3.45,9.65,3.43,,,,,,,0,4.80,6.00,5.90,5.60,5.65,5.59,0,Y,N,N,,,,
Persona 3 Reload,"Role-playing (RPG), Strategy, Turn-based Strategy (TBS), Adventure","Action, Fantasy, Science Fiction, Drama",Single Player,Third Person,N/A,N/A,N/A,2.95,97.00,22.77,,,,,,,0,9.00,8.90,8.70,8.70,7.52,8.56,,N,N,Y,,,,
Persona 4 Golden,"Role-playing (RPG), Adventure, Visual Novel","Fantasy, Comedy, Drama, Mystery",Single Player,Third Person,Digital Download,Drive 2,Unplayed,3.03,134.00,19.67,,,,,,,0,9.30,9.00,8.80,9.30,N/A,9.10,,Y,N,Y,,,,
Persona 5,"Role-playing (RPG), Turn-based Strategy (TBS), Adventure","Fantasy, Comedy, Drama, Mystery",Single Player,Third Person,Digital Download,Drive 2,Unplayed,3.05,173.00,20.21,1,1,,1,,,3,9.70,9.40,9.40,9.30,9.31,9.42,0,Y,N,Y,,,,
Persona 5 Strikers,"Role-playing (RPG), Hack and Slash/Beat 'em up, Adventure","Action, Fantasy",Single Player,Third Person,N/A,N/A,N/A,3.12,127.83,N/A,,,,,,,0,8.00,8.10,8.30,8.30,N/A,8.18,,N,N,Y,,,,
Phantom Breaker Battlegrounds Ultimate,"Fighting, Hack and Slash/Beat 'em up",Action,"Single Player, Multiplayer, Co-operative",Side View,N/A,N/A,N/A,3.28,17.25,N/A,,,,,,,0,5.00,7.30,7.00,7.70,7.00,6.80,,N,N,Y,,,,
Phoenix Wright: Ace Attorney Trilogy,"Point-and-click, Adventure, Visual Novel","Comedy, Drama, Mystery",Single Player,"First Person, Text",N/A,N/A,Removed,2.98,21.00,2.73,,,,,,,0,7.80,8.00,8.20,7.60,8.12,7.94,,N,N,N,"Contains the following:
• Phoenix Wright Ace Attorney
• Phoenix Wright Justice for All
• Phoenix Wright Trials and Tribulations
Removed from PS+ after download.",,,
Phoenotopia: Awakening,"Platform, Role-playing (RPG), Adventure, Indie","Action, Fantasy, Open World",Single Player,"Bird view/Isometric, Side View",N/A,N/A,N/A,4.47,88.00,N/A,,,,,,,0,6.70,8.00,7.70,7.20,N/A,7.40,,N,N,N,,,,
Pillars of Eternity 2: Complete Edition,"Role-playing (RPG), Adventure","Action, Fantasy",Single Player,Bird view/Isometric,N/A,N/A,N/A,3.33,99.00,12.50,,,,,,,0,8.50,8.50,8.90,8.80,8.63,8.67,,N,N,N,,,,
Pillars of Eternity: Complete Edition,"Role-playing (RPG), Strategy, Adventure, Indie",Fantasy,Single Player,Bird view/Isometric,N/A,N/A,N/A,3.38,152.48,12.50,,,,,,,0,8.50,8.40,8.50,8.50,8.63,8.51,,N,N,N,,,,
Pine,"Role-playing (RPG), Simulator, Adventure, Indie","Action, Open World",Single Player,Third Person,N/A,N/A,N/A,3.00,45.92,N/A,,,,,,,0,7.50,6.10,4.20,4.80,N/A,5.65,,N,N,N,,,,
Pineview Drive,"Adventure, Indie","Action, Horror, Survival, Mystery",Single Player,First Person,Digital Download,Drive 4,Unplayed,3.50,13.32,1.25,,,,,,,0,6.50,4.00,6.60,5.80,7.00,5.98,,Y,N,N,,,,
PixelJunk Monsters 2,"Real Time Strategy (RTS), Strategy, Indie","Action, Fantasy, Kids","Single Player, Multiplayer, Co-operative",Bird view/Isometric,Digital Download,Drive 4,Unplayed,3.70,43.43,2.86,,,,,,,0,6.30,6.60,7.40,7.20,7.25,6.95,,Y,N,N,,,,
PlaneScape: Torment and Icewind Dale: Enhanced Edition,"Role-playing (RPG), Strategy, Adventure","Fantasy, Drama",Single Player,Bird view/Isometric,Digital Download,Drive 3,Unplayed,3.88,184.00,6.18,,,,,,,0,8.10,8.00,7.30,7.20,7.23,7.57,,Y,N,N,"Contains the following:
• Icewind Dale Enhanced Edition
• Planescape: Torment Enhanced Edition",,,
Planet of Lana,"Platform, Puzzle, Adventure, Indie","Action, Science Fiction",Single Player,Side View,N/A,N/A,N/A,3.00,6.00,3.54,,,,,,,0,7.80,9.30,8.10,8.00,N/A,8.30,,N,N,N,,,,
Planet of the Eyes,"Platform, Puzzle, Adventure, Indie","Action, Science Fiction, Kids",Single Player,Side View,N/A,N/A,N/A,1.75,2.00,N/A,,,,,,,0,6.60,6.70,6.80,6.40,7.67,6.83,,N,N,N,,,,
Plants vs. Zombies: Battle for Neighborville,"Shooter, Strategy, Tactical","Action, Comedy, Warfare","Single Player, Multiplayer, Co-operative, Split Screen",Third Person,Digital Download,Drive 3,Unplayed,2.62,166.00,32.46,,,,,,,0,7.40,7.10,7.50,7.70,7.79,7.50,0,Y,N,N,,,,
Plants vs. Zombies: Garden Warfare 2,Shooter,"Action, Comedy","Single Player, Massively Multiplayer Online (MMO), Co-operative",Third Person,Digital Download,Drive 3,Unplayed,2.88,106.00,33.75,,,,,,,0,8.20,8.50,8.10,8.00,8.45,8.25,,Y,N,N,,,,
Poison Control,"Shooter, Role-playing (RPG), Adventure",Action,Single Player,Third Person,Digital Download,Drive 4,Unplayed,2.87,19.18,2.22,,,,,,,0,6.30,6.90,5.90,6.20,N/A,6.33,,Y,N,Y,,,,
Police Simulator: Patrol Officers,Simulator,"Action, Non-fiction, Open World","Single Player, Multiplayer, Co-operative",Third Person,Playstation Plus,Drive 3,Unplayed,5.00,49.65,8.78,,,,,,,0,6.10,9.00,6.10,5.80,N/A,6.75,0,Y,N,Y,,,,
Police Stories,"Shooter, Simulator, Strategy, Tactical, Indie, Arcade","Action, Stealth","Single Player, Multiplayer, Co-operative",Bird view/Isometric,Digital Download,Drive 4,Unplayed,3.25,17.63,0.35,,,,,,,0,7.20,7.00,7.50,7.50,N/A,7.30,,Y,N,N,,,,
Poppy Playtime,"Puzzle, Adventure, Indie","Action, Horror, Thriller, Survival, Mystery",Single Player,First Person,N/A,N/A,N/A,2.00,10.38,N/A,,,,,,,0,7.20,6.40,8.00,6.90,N/A,7.13,0,N,N,N,,,,
Portal Knights,"Role-playing (RPG), Adventure, Indie","Action, Fantasy, Survival, Historical, Sandbox","Single Player, Multiplayer, Co-operative","First Person, Third Person, Bird view/Isometric",N/A,N/A,Removed,2.70,67.07,4.81,,,,,,,0,6.50,7.40,7.20,7.10,7.29,7.10,,N,N,N,Removed from PS+ after download.,,,
Post Void,"Shooter, Indie, Arcade",Action,Single Player,First Person,Digital Download,Drive 1,Unplayed,3.28,8.70,0.53,,,,,,,0,8.30,8.50,8.10,7.60,N/A,8.13,0,Y,N,N,,,,
Pr(a)ey for the Gods,"Platform, Role-playing (RPG), Simulator, Adventure, Indie","Action, Fantasy, Survival",Single Player,Third Person,N/A,N/A,N/A,3.00,25.87,3.00,,,,,,,0,4.00,7.00,5.90,6.10,N/A,5.75,,N,N,N,,,,
Prey,"Shooter, Puzzle, Role-playing (RPG), Adventure","Action, Science Fiction, Horror, Survival, Stealth",Single Player,First Person,Playstation Plus,Drive 1,Completed,3.59,45.50,41.56,,,,,,,0,8.00,7.60,8.10,7.90,7.71,7.86,4,Y,Y,N,Main campaign completed; DLC owned but not completed.,,,
Process of Elimination,"Puzzle, Adventure, Card & Board Game",Mystery,Single Player,"Bird view/Isometric, Text",N/A,N/A,N/A,2.33,33.90,N/A,,,,,,,0,8.40,7.00,6.80,7.00,N/A,7.30,,N,N,N,,,,
Prodeus,"Shooter, Adventure, Indie","Action, Science Fiction, Horror","Single Player, Multiplayer, Co-operative",First Person,N/A,N/A,N/A,3.22,33.78,1.27,,,,,,,0,7.40,8.50,8.20,8.40,N/A,8.13,,N,N,N,,,,
Project 13,"Puzzle, Simulator, Indie","Action, Horror",Single Player,First Person,N/A,N/A,N/A,3.00,1.68,N/A,,,,,,,0,3.00,7.10,N/A,6.00,N/A,5.37,0,N,N,N,,,,
Project CARS 3,Racing,,Single Player,,N/A,N/A,N/A,2.64,125.78,N/A,,,,,,,0,6.00,7.40,7.00,7.00,N/A,6.85,,N,N,Y,,,,
Project Warlock: Fully Loaded,"Shooter, Adventure, Indie",Action,Single Player,First Person,Digital Download,Drive 4,Unplayed,3.82,32.07,1.26,,,,,,,0,7.20,8.00,7.70,7.40,8.05,7.67,,Y,N,N,,,,
Projection: First Light,"Platform, Puzzle, Adventure, Indie","Action, Fantasy",Single Player,Side View,Digital Download,Drive 1,Unplayed,3.00,8.28,1.72,,,,,,,0,N/A,8.00,6.70,7.50,N/A,7.40,,Y,N,N,,,,
Promenade,"Platform, Adventure, Indie",Action,Single Player,Side View,N/A,N/A,N/A,N/A,23.83,N/A,,,,,,,0,9.00,9.00,8.00,8.00,N/A,8.50,,N,N,N,,,,
Prototype,"Platform, Hack and Slash/Beat 'em up, Adventure","Action, Horror, Survival, Stealth, Sandbox, Open World",Single Player,Third Person,N/A,N/A,N/A,3.39,32.00,6.80,,,,,,,0,7.50,7.80,N/A,7.80,7.98,7.77,,N,N,Y,,,,
Prototype 2,"Platform, Hack and Slash/Beat 'em up, Adventure","Action, Science Fiction, Horror, Survival, Sandbox, Open World",Single Player,Third Person,N/A,N/A,N/A,3.18,20.00,12.77,,,,,,,0,7.00,7.70,N/A,7.40,7.97,7.52,,N,N,Y,,,,
Psychonauts,"Platform, Puzzle, Adventure","Action, Comedy, Kids",Single Player,Third Person,Digital Download,Drive 3,Unplayed,3.03,21.50,2.53,,,,,,,0,8.70,8.50,8.90,8.80,8.68,8.72,,Y,N,N,,,,
Psychonauts 2,"Platform, Adventure","Action, Comedy",Single Player,Third Person,Playstation Plus,Drive 3,Unplayed,2.90,27.00,33.02,,,,,,,0,8.00,8.70,8.90,8.70,N/A,8.58,,Y,N,N,,,,
Pumpkin Jack,"Platform, Adventure, Indie","Action, Fantasy, Comedy",Single Player,Third Person,Digital Download,Drive 4,Unplayed,2.60,9.92,1.91,,,,,,,0,6.90,7.70,7.40,7.10,N/A,7.28,,Y,N,N,,,,
Pursuit Force,"Shooter, Racing",Action,Single Player,"First Person, Third Person",Playstation Plus,Drive 3,Unplayed,4.00,9.50,1.53,,,,,,,0,8.40,6.00,N/A,7.50,7.62,7.38,,Y,N,N,,,,
Pursuit Force: Extreme Justice,"Shooter, Racing",Action,"Single Player, Multiplayer","First Person, Third Person",Playstation Plus,Drive 3,Unplayed,3.00,10.00,1.02,,,,,,,0,8.00,7.20,N/A,7.30,7.44,7.49,,Y,N,N,,,,
Pyre,"Role-playing (RPG), Adventure, Visual Novel, Indie","Action, Fantasy","Single Player, Multiplayer","First Person, Bird view/Isometric",Digital Download,Drive 4,Unplayed,2.93,21.00,6.52,,,,,,,0,9.70,8.60,8.40,8.50,8.59,8.76,,Y,N,N,,,,
Quake 1,"Shooter, Adventure","Action, Fantasy, Science Fiction","Single Player, Multiplayer, Co-operative",First Person,Digital Download,Drive 3,Unplayed,3.59,15.50,1.68,,,,,,,0,8.00,9.50,8.70,9.40,9.32,8.98,,Y,N,N,,,,
Quake 2,Shooter,"Action, Science Fiction, Horror","Single Player, Multiplayer, Co-operative",First Person,Digital Download,Drive 3,Unplayed,3.30,14.50,4.97,,,,,,,0,8.30,9.80,8.90,8.90,8.73,8.93,,Y,N,N,,,,
Rabi-Ribi,"Platform, Role-playing (RPG), Adventure, Indie, Arcade","Action, Fantasy",Single Player,Side View,N/A,N/A,N/A,3.92,44.90,N/A,,,,,,,0,7.80,8.50,8.10,8.00,8.03,8.09,,N,N,N,,,,
Rack N Ruin,"Role-playing (RPG), Adventure, Indie, Arcade",Action,Single Player,Bird view/Isometric,Digital Download,Drive 4,Unplayed,3.60,12.00,2.30,,,,,,,0,N/A,7.00,5.90,5.90,5.78,6.14,,Y,N,Y,,,,
RAD,"Role-playing (RPG), Hack and Slash/Beat 'em up, Adventure, Indie, Arcade",Action,Single Player,"Third Person, Bird view/Isometric",Digital Download,Drive 4,Unplayed,3.75,34.80,7.79,,,,,,,0,7.60,7.40,7.30,7.40,7.70,7.48,,Y,N,Y,,,,
Rad Rodgers,"Platform, Adventure, Indie, Arcade",Action,"Single Player, Multiplayer, Co-operative",,Digital Download,Drive 4,Unplayed,3.50,5.07,7.97,,,,,,,0,5.50,7.00,6.40,6.60,5.71,6.24,,Y,N,Y,,,,
RAGE,"Shooter, Racing","Action, Science Fiction, Open World","Single Player, Multiplayer, Co-operative","First Person, Third Person",PS+ Stream,Online Stream,Unplayed,3.00,62.32,N/A,,,,,,,0,8.50,8.10,N/A,8.10,8.18,8.22,,Y,N,N,,,,
RAGE 2,"Shooter, Racing, Role-playing (RPG), Adventure","Action, Science Fiction, Survival, Stealth, Open World",Single Player,First Person,Playstation Plus,Drive 1,Completed,2.74,32.50,56.02,,,,,,,0,8.00,6.90,7.10,7.30,6.64,7.19,4,Y,Y,Y,,,,
Raging Loop,"Adventure, Indie, Visual Novel","Horror, Mystery",Single Player,"Side View, Text",Digital Download,Drive 4,Unplayed,1.72,119.67,1.66,,,,,,,0,8.70,8.00,7.80,7.90,N/A,8.10,,Y,N,N,,,,
RAID: World War II,"Shooter, Role-playing (RPG), Adventure",Action,"Single Player, Multiplayer, Co-operative",First Person,N/A,N/A,N/A,3.25,192.00,7.20,,,,,,,0,5.00,5.00,4.30,4.60,3.90,4.56,0,N,N,N,,,,
RAIDOU Remastered: The Mystery of the Soulless Army,"Role-playing (RPG), Adventure","Action, Horror, Historical",Single Player,Third Person,N/A,N/A,N/A,4.00,44.87,N/A,,,,,,,0,7.90,8.30,7.90,7.50,7.97,7.91,,N,N,Y,,,,
Rain World,"Platform, Role-playing (RPG), Adventure, Indie","Action, Science Fiction, Survival, Open World","Single Player, Multiplayer, Co-operative",Side View,Playstation Plus,Drive 3,Unplayed,4.00,67.00,1.51,,,,,,,0,6.30,6.20,6.60,5.90,6.38,6.28,,Y,N,N,,,,
Raji: An Ancient Epic,"Platform, Puzzle, Adventure, Indie","Action, Fantasy, Historical",Single Player,Third Person,Playstation Plus,Drive 2,Unplayed,3.00,7.00,9.82,,,,,,,0,6.60,7.80,7.00,6.90,N/A,7.08,,Y,N,N,,,,
Rally Cross,Racing,Non-fiction,"Single Player, Split Screen",Third Person,Playstation Plus,Drive 3,Unplayed,4.00,5.00,1.04,,,,,,,0,7.00,7.00,N/A,N/A,8.54,7.51,,Y,N,N,,,,
Rapala Fishing Pro Series,"Role-playing (RPG), Simulator, Sport, Strategy",Action,Single Player,,Playstation Plus,Drive 4,Unplayed,2.67,N/A,1.86,,,,,,,0,4.50,6.30,5.20,4.50,N/A,5.13,0,Y,N,N,,,,
Ratchet & Clank,"Shooter, Platform, Adventure","Action, Science Fiction, Comedy",Single Player,Third Person,PS+ Stream,Online Stream,Unplayed,3.14,34.95,N/A,,,,,,,0,9.20,8.00,N/A,8.80,8.97,8.74,,Y,N,N,,,,
Ratchet & Clank Future: A Crack in Time,"Shooter, Platform, Adventure, Arcade","Action, Fantasy, Science Fiction, Comedy, Kids, Open World",Single Player,"First Person, Third Person",PS+ Stream,Online Stream,Unplayed,2.87,32.38,N/A,,,,,,,0,9.00,8.30,N/A,8.70,8.79,8.70,,Y,N,N,,,,
Ratchet & Clank Future: Quest for Booty,"Shooter, Platform, Adventure","Action, Science Fiction, Comedy",Single Player,Third Person,PS+ Stream,Online Stream,Unplayed,2.65,7.07,N/A,,,,,,,0,7.40,7.10,N/A,7.60,7.78,7.47,,Y,N,N,,,,
Ratchet & Clank Future: Tools of Destruction,"Shooter, Platform, Puzzle","Action, Science Fiction, Comedy",Single Player,Third Person,PS+ Stream,Online Stream,Unplayed,2.88,42.40,N/A,,,,,,,0,9.40,9.20,N/A,8.90,8.87,9.09,,Y,N,N,,,,
Ratchet & Clank: All 4 One,"Platform, Adventure","Action, Science Fiction, Comedy","Single Player, Multiplayer, Co-operative, Split Screen",Third Person,PS+ Stream,Online Stream,Unplayed,2.68,21.60,N/A,,,,,,,0,8.00,7.30,N/A,7.00,7.06,7.34,,Y,N,N,,,,
Ratchet & Clank: Full Frontal Assault,"Platform, Strategy, Adventure","Action, Science Fiction, Comedy","Single Player, Multiplayer, Co-operative, Split Screen",,PS+ Stream,Online Stream,Unplayed,2.93,17.35,N/A,,,,,,,0,6.40,5.80,N/A,6.40,6.46,6.27,,Y,N,N,,,,
Ratchet & Clank: Going Commando,"Shooter, Platform, Adventure","Action, Science Fiction, Comedy",Single Player,Third Person,PS+ Stream,Online Stream,Unplayed,3.05,42.15,N/A,,,,,,,0,9.40,9.00,N/A,8.00,9.06,8.87,,Y,N,N,,,,
Ratchet & Clank: Into the Nexus,"Shooter, Platform, Strategy, Adventure","Action, Science Fiction, Comedy",Single Player,Third Person,PS+ Stream,Online Stream,Unplayed,2.78,3.00,N/A,,,,,,,0,8.20,7.80,N/A,7.60,7.71,7.83,,Y,N,N,,,,
Ratchet & Clank: Up Your Arsenal.,"Shooter, Platform, Adventure","Action, Science Fiction, Comedy","Single Player, Multiplayer, Split Screen",Third Person,PS+ Stream,Online Stream,Unplayed,3.06,43.52,N/A,,,,,,,0,9.60,8.00,N/A,,9.15,8.92,,Y,N,N,,,,
Ratchet and Clank,"Shooter, Platform, Adventure","Action, Science Fiction, Comedy",Single Player,Third Person,Digital Download,Drive 2,Unplayed,3.13,23.50,25.73,,,,,,,0,9.00,8.40,8.60,8.50,8.61,8.62,0,Y,N,Y,,,,
Ratchet and Clank: Size Matters,"Shooter, Platform, Adventure","Action, Science Fiction, Comedy",Single Player,Third Person,Playstation Plus,Drive 2,In-Progress,3.00,15.00,2.80,,,,,,,0,9.00,6.00,N/A,8.50,N/A,7.83,3,Y,N,N,,,,
Ratchet and Clank: Up Your Arsenal,"Shooter, Platform, Adventure","Action, Science Fiction, Comedy","Single Player, Multiplayer, Split Screen",Third Person,N/A,N/A,N/A,3.06,27.00,26.40,,,,,,,0,9.60,8.00,N/A,9.10,9.15,8.96,,N,N,N,Currently available to stream only.,,,
Ratchet: Deadlocked,"Shooter, Platform, Adventure","Action, Science Fiction, Comedy","Single Player, Multiplayer, Co-operative","First Person, Third Person",PS+ Stream,Online Stream,Unplayed,3.01,23.38,N/A,,,,,,,0,8.80,7.30,N/A,9.10,8.26,8.37,,Y,N,N,,,,
Ravenswatch,"Role-playing (RPG), Hack and Slash/Beat 'em up, Adventure",Action,"Single Player, Multiplayer, Co-operative",Bird view/Isometric,N/A,N/A,N/A,3.00,31.23,5.00,,,,,,,0,8.30,9.00,8.10,8.40,N/A,8.45,,N,N,N,,,,
Rayman Legends,"Platform, Adventure","Action, Comedy","Single Player, Multiplayer, Co-operative",Side View,Playstation Plus,Drive 1,Unplayed,3.12,31.50,8.51,1,,,,,,1,9.50,8.10,9.00,9.20,8.95,8.95,0,Y,N,Y,,,,
ReadySet Heroes,"Role-playing (RPG), Hack and Slash/Beat 'em up, Adventure","Action, Party","Multiplayer, Co-operative","Third Person, Bird view/Isometric",Playstation Plus,Drive 2,Unplayed,3.00,3.00,6.78,,,,,,,0,6.00,7.10,5.10,5.70,5.48,5.88,,Y,N,N,,,,
Record of Lodoss War - Deedlit in Wonder Labyrinth,"Platform, Role-playing (RPG), Hack and Slash/Beat 'em up, Adventure, Indie","Action, Fantasy",Single Player,Side View,N/A,N/A,N/A,3.68,13.05,N/A,,,,,,,0,7.70,7.70,7.80,7.40,N/A,7.65,,N,N,Y,,,,
Red Dead Redemption 2,"Shooter, Role-playing (RPG), Adventure","Action, Drama, Open World","Single Player, Multiplayer, Co-operative","First Person, Third Person",Physical Media,Drive 3,In-Progress,2.92,187.00,110.90,1,1,1,,1,,4,10.00,9.40,9.60,9.70,9.62,9.66,5,Y,Y,Y,,,,
Red Dead Revolver,"Shooter, Adventure","Action, Historical, Sandbox","Single Player, Multiplayer",Third Person,Digital Download,Drive 3,Unplayed,3.48,23.63,1.98,,,,,,,0,7.00,6.60,N/A,7.40,7.43,7.11,0,Y,N,N,,,,
Red Faction,"Shooter, Adventure","Action, Science Fiction","Single Player, Multiplayer, Split Screen",First Person,Digital Download,Drive 2,Unplayed,3.43,9.00,1.37,,,,,,,0,9.10,7.00,N/A,8.80,8.83,8.43,,Y,N,N,,,,
Red Faction Guerilla Re-Mars-tered,"Shooter, Adventure","Action, Science Fiction, Open World","Single Player, Multiplayer",Third Person,Digital Download,Drive 2,Unplayed,3.22,43.00,29.19,,,,,,,0,8.00,8.20,7.00,8.50,8.69,8.08,,Y,N,N,,,,
Red Faction II,"Shooter, Strategy, Adventure","Action, Science Fiction","Single Player, Split Screen",First Person,Digital Download,Drive 2,Unplayed,3.46,7.00,1.89,,,,,,,0,9.20,8.10,N/A,8.40,8.38,8.52,,Y,N,N,,,,
Redeemer: Enhanced Edition,"Fighting, Shooter, Adventure",Action,Single Player,Bird view/Isometric,Digital Download,Drive 2,Unplayed,3.25,11.53,4.14,,,,,,,0,6.30,8.00,6.50,6.60,5.75,6.63,,Y,N,Y,,,,
Redemption Reapers,"Role-playing (RPG), Simulator, Turn-based Strategy (TBS), Tactical",Fantasy,Single Player,Bird view/Isometric,N/A,N/A,N/A,3.75,28.40,N/A,,,,,,,0,6.30,6.50,6.30,6.10,N/A,6.30,,N,N,N,,,,
Redout II,"Racing, Arcade","Action, Science Fiction","Single Player, Multiplayer",Third Person,Playstation Plus,Drive 4,Unplayed,4.00,64.22,19.68,,,,,,,0,7.50,6.80,7.00,7.80,N/A,7.28,,Y,N,N,,,,
Redout: Lightspeed Edition,"Racing, Arcade",Science Fiction,"Single Player, Multiplayer, Split Screen","Third Person, Virtual Reality",N/A,N/A,N/A,3.56,93.28,N/A,,,,,,,0,7.00,7.00,7.40,8.10,7.88,7.48,,N,N,Y,,,,
Regalia: Of Men and Monarchs - Royal Edition OST Combo,"Role-playing (RPG), Simulator, Strategy, Turn-based Strategy (TBS), Indie","Fantasy, Historical",Single Player,Bird view/Isometric,Digital Download,Drive 4,Unplayed,3.74,35.43,4.89,,,,,,,0,6.50,7.00,7.40,7.00,6.72,6.92,,Y,N,Y,,,,
Relicta,"Puzzle, Adventure, Indie",Action,Single Player,,Digital Download,Drive 1,Unplayed,3.25,35.77,21.23,,,,,,,0,5.60,8.80,7.50,7.40,N/A,7.33,0,Y,N,N,,,,
Remnant: From the Ashes,"Shooter, Role-playing (RPG), Adventure","Action, Fantasy, Survival","Single Player, Multiplayer, Co-operative",Third Person,Digital Download,Drive 3,Unplayed,3.77,58.50,31.36,,,,,,,0,8.00,7.60,7.80,7.80,7.53,7.75,,Y,N,Y,,,,
Remothered: Broken Porcelain,Adventure,"Action, Horror, Thriller, Survival",Single Player,Third Person,Digital Download,Drive 1,Unplayed,3.38,13.20,9.38,,,,,,,0,4.00,4.00,4.40,3.90,N/A,4.08,0,Y,N,N,,,,
Remothered: Tormented Fathers,"Adventure, Indie","Action, Horror",Single Player,Third Person,Digital Download,Drive 1,Unplayed,3.41,9.92,21.21,,,,,,,0,6.60,8.00,7.00,7.70,7.80,7.42,,Y,N,N,,,,
Republique Anniversary Edition,"Puzzle, Adventure, Indie","Action, Horror, Stealth",Single Player,Third Person,N/A,N/A,N/A,2.70,16.00,4.91,,,,,,,0,10.00,7.60,6.90,7.10,7.29,7.78,0,N,N,N,,,,
Resident Evil 0 HD Remaster,"Shooter, Adventure","Action, Horror, Survival",Single Player,Third Person,Digital Download,Drive 1,Unplayed,3.39,50.88,13.87,,,,,,,0,6.50,7.00,7.00,7.00,7.02,6.90,0,Y,N,Y,,,,
Resident Evil 5,"Shooter, Adventure","Action, Horror, Survival","Multiplayer, Co-operative",Third Person,Digital Download,Drive 1,Unplayed,3.04,83.67,16.93,,,,,,,0,9.30,8.00,7.20,8.30,6.60,7.88,,Y,N,Y,,,,
Resident Evil 6,"Shooter, Hack and Slash/Beat 'em up, Adventure","Action, Horror, Survival","Multiplayer, Co-operative",Third Person,Digital Download,Drive 1,Unplayed,2.99,81.03,21.57,,,,,,,0,7.90,7.00,6.20,6.70,5.06,6.57,,Y,N,Y,,,,
Resident Evil Code: Veronica X,"Shooter, Puzzle, Adventure","Action, Horror, Survival",Single Player,Third Person,Digital Download,Drive 1,Unplayed,3.55,38.75,1.75,,,,,,,0,5.00,7.40,N/A,6.70,N/A,6.37,,Y,N,N,,,,
Resident Evil HD Remaster,"Shooter, Adventure","Action, Horror, Survival",Single Player,Third Person,Digital Download,Drive 1,Unplayed,3.36,55.62,15.57,,,,,,,0,8.00,8.20,8.10,8.30,8.32,8.18,,Y,N,Y,,,,
Resident Evil Re:Verse,Shooter,"Action, Horror, Survival","Single Player, Multiplayer, Co-operative",Third Person,Digital Download,Drive 1,Unplayed,N/A,9.50,17.49,,,,,,,0,5.00,N/A,3.80,N/A,N/A,4.40,,Y,N,N,,,,
Resident Evil Revelations 1,"Shooter, Adventure","Action, Science Fiction, Horror, Survival","Single Player, Multiplayer, Co-operative",Third Person,Digital Download,Drive 1,Unplayed,3.27,67.13,18.33,,,,,,,0,8.50,8.00,7.10,8.20,6.93,7.75,0,Y,N,Y,,,,
Resident Evil Revelations 2,"Shooter, Adventure","Action, Science Fiction, Horror, Survival","Single Player, Multiplayer, Co-operative",Third Person,Digital Download,Drive 1,Unplayed,3.06,98.08,27.96,,,,,,,0,7.30,7.30,7.40,7.50,7.51,7.40,0,Y,N,Y,,,,
Resident Evil Village,"Shooter, Adventure","Action, Horror, Survival, Stealth",Single Player,"First Person, Virtual Reality",Digital Download,Drive 1,Unplayed,3.09,37.50,30.24,,1,,,,,1,8.00,8.70,8.40,8.40,N/A,8.38,0,Y,Y,Y,,,,
Resident Evil: Director's Cut,"Shooter, Adventure","Action, Horror",Single Player,Third Person,Playstation Plus,Drive 1,Unplayed,3.50,14.00,0.42,,,,,,,0,8.90,8.00,8.00,9.10,7.63,8.33,,Y,N,Y,,,,
Resistance 2,Shooter,"Action, Fantasy, Science Fiction, Horror, Survival, Historical","Single Player, Multiplayer, Co-operative, Split Screen",First Person,PS+ Stream,Online Stream,Unplayed,3.10,21.07,N/A,,,,,,,0,9.50,8.70,N/A,8.70,8.69,8.90,,Y,N,N,,,,
Resistance 3,Shooter,"Action, Fantasy, Science Fiction, Survival, Historical","Single Player, Multiplayer, Co-operative, Split Screen",First Person,PS+ Stream,Online Stream,Unplayed,3.17,14.43,N/A,,,,,,,0,9.00,8.80,N/A,8.30,8.43,8.63,,Y,N,N,,,,
Resogun,"Shooter, Arcade","Action, Science Fiction","Single Player, Multiplayer, Co-operative",Side View,Playstation Plus,Drive 3,Unplayed,3.69,109.90,1.13,,,,,,,0,9.00,8.60,8.50,8.40,8.55,8.61,0,Y,N,Y,,,,
Resonance of Fate,Role-playing (RPG),"Action, Science Fiction",Single Player,Third Person,N/A,N/A,N/A,3.96,112.00,86.00,,,,,,,0,7.00,7.70,6.50,7.40,7.31,7.18,,N,N,Y,,,,
Retreat to Enen,"Simulator, Adventure, Indie","Action, Science Fiction, Survival, Sandbox, Open World","Single Player, Multiplayer, Co-operative",First Person,N/A,N/A,N/A,2.00,10.00,N/A,,,,,,,0,5.60,5.60,5.80,5.30,N/A,5.58,,N,N,N,,,,
Retromania Wrestling,"Fighting, Sport, Indie, Arcade","Action, Kids","Single Player, Multiplayer, Co-operative",,Digital Download,Drive 3,Unplayed,3.33,3.00,1.25,,,,,,,0,N/A,N/A,6.50,7.40,N/A,6.95,0,Y,N,N,,,,
Return of the Obra Dinn,"Puzzle, Adventure, Indie","Fantasy, Historical, Mystery",Single Player,First Person,Digital Download,Drive 3,Unplayed,3.53,10.50,2.07,,,,,,,0,9.20,9.50,8.90,8.90,8.64,9.03,,Y,N,N,,,,
Revenge of the Savage Planet,"Shooter, Adventure","Action, Science Fiction","Single Player, Multiplayer, Co-operative, Split Screen",Third Person,N/A,N/A,N/A,2.33,22.07,N/A,,,,,,,0,7.20,8.00,8.00,7.60,N/A,7.70,,N,N,N,,,,
Revita,"Shooter, Role-playing (RPG), Adventure, Indie",Action,Single Player,Side View,N/A,N/A,N/A,3.60,500.00,N/A,,,,,,,0,9.00,7.50,7.90,7.80,N/A,8.05,,N,N,N,,,,
Reynatis,"Role-playing (RPG), Adventure","Action, Fantasy",Single Player,Third Person,N/A,N/A,N/A,2.50,34.42,N/A,,,,,,,0,7.20,6.20,6.20,5.80,N/A,6.35,,N,N,Y,,,,
Riders Republic,"Racing, Simulator, Sport","Action, Open World","Single Player, Multiplayer, Co-operative",Third Person,Playstation Plus,Drive 3,Unplayed,3.63,91.53,37.30,,,,,,,0,8.00,7.70,7.80,7.70,N/A,7.80,0,Y,N,N,,,,
Ridge Racer 2,Racing,Non-fiction,Single Player,First Person,Playstation Plus,Drive 3,Unplayed,3.33,21.00,0.90,,,,,,,0,7.30,7.00,8.00,N/A,6.99,7.32,,Y,N,N,,,,
RiME,"Platform, Puzzle, Adventure, Indie","Action, Fantasy, Kids, Open World",Single Player,Third Person,N/A,N/A,N/A,2.49,15.70,4.10,,,,,,,0,6.50,7.30,7.90,8.00,8.01,7.54,,N,N,N,,,,
Rimworld: Console Edition,"Real Time Strategy (RTS), Simulator, Strategy, Tactical","Fantasy, Science Fiction, Sandbox",Single Player,Bird view/Isometric,N/A,N/A,N/A,5.00,329.00,1.08,,,,,,,0,9.00,8.50,8.60,9.20,N/A,8.83,,N,N,N,,,,
Riptide GP: Renegade,"Racing, Simulator, Sport","Action, Science Fiction","Single Player, Multiplayer, Co-operative",Third Person,Digital Download,Drive 4,Unplayed,2.46,22.88,0.37,,,,,,,0,7.20,8.10,7.30,7.10,7.09,7.36,,Y,N,Y,,,,
Rise of the Third Power,"Role-playing (RPG), Strategy, Adventure, Indie","Action, Historical, Comedy, Drama, Warfare",Single Player,Bird view/Isometric,Digital Download,Drive 4,Unplayed,3.57,38.75,1.87,,,,,,,0,8.60,8.00,7.60,7.80,N/A,8.00,,Y,N,Y,,,,
Rise of Tomb Raider,"Shooter, Adventure","Action, Survival, Stealth, Open World","Single Player, Co-operative","First Person, Third Person, Virtual Reality",Playstation Plus,Drive 1,Unplayed,2.95,39.00,14.89,1,1,,,,,2,9.30,8.70,8.60,8.60,8.83,8.81,0,Y,N,Y,,,,
Risen 3: Titan Lords,Role-playing (RPG),"Action, Fantasy, Open World",Single Player,Third Person,Digital Download,Drive 4,Unplayed,3.35,54.00,13.17,,,,,,,0,5.20,5.10,6.00,6.50,5.33,5.63,,Y,N,N,,,,
Risk of Rain,"Shooter, Platform, Role-playing (RPG), Hack and Slash/Beat 'em up, Adventure, Indie","Action, Fantasy, Science Fiction, Survival","Single Player, Multiplayer, Co-operative",Side View,Digital Download,Online Stream,Unplayed,3.75,52.50,0.12,,,,,,,0,7.70,8.50,7.70,7.70,8.14,7.95,,Y,N,N,,,,
River City Girls 2,"Fighting, Role-playing (RPG), Hack and Slash/Beat 'em up, Adventure, Indie, Arcade",Action,"Single Player, Multiplayer, Co-operative",Side View,N/A,N/A,N/A,3.30,29.00,4.22,,,,,,,0,8.00,8.40,7.80,7.80,N/A,8.00,,N,N,Y,,,,
Road 96,"Puzzle, Adventure, Indie","Action, Comedy, Mystery",Single Player,First Person,Digital Download,Drive 3,Unplayed,1.43,10.00,8.13,,,,,,,0,8.00,8.30,7.80,7.90,N/A,8.00,,Y,N,N,,,,
Road Redemption,"Racing, Simulator, Adventure, Indie, Arcade",Action,"Single Player, Multiplayer, Co-operative, Split Screen","Third Person, Virtual Reality",Digital Download,Drive 4,Unplayed,3.50,70.48,7.92,,,,,,,0,5.70,7.40,6.90,7.00,5.91,6.58,,Y,N,Y,,,,
Rocket Knight Adventures: Re-Sparked Collection,"Shooter, Platform, Arcade","Action, Comedy, Kids",Single Player,Side View,N/A,N/A,N/A,3.50,4.00,N/A,,,,,,,0,7.50,7.50,7.20,7.50,8.67,7.67,,N,N,N,,,,
Rogue Galaxy,"Role-playing (RPG), Adventure","Action, Fantasy, Science Fiction",Single Player,Third Person,Playstation Plus,Drive 3,Unplayed,3.17,108.00,5.55,,,,,,,0,8.70,8.20,N/A,8.30,8.16,8.34,,Y,N,N,,,,
Rogue Legacy,"Platform, Puzzle, Role-playing (RPG), Adventure, Indie","Action, Fantasy, Comedy",Single Player,Side View,Digital Download,Drive 4,Unplayed,4.01,110.43,0.78,,,,,,,0,9.00,8.60,8.40,8.50,8.66,8.63,,Y,N,N,,,,
Rogue Legacy 2,"Platform, Role-playing (RPG), Adventure, Indie",Action,Single Player,Side View,N/A,N/A,Removed,3.86,117.00,0.95,,,,,,,0,9.00,9.10,8.90,8.80,8.62,8.88,0,N,N,N,Removed from PS+ after download,,,
Rogue Loops,"Role-playing (RPG), Hack and Slash/Beat 'em up, Adventure","Action, Fantasy",Single Player,Bird view/Isometric,N/A,N/A,N/A,3.00,4.28,N/A,,,,,,,0,N/A,N/A,8.00,8.00,N/A,8.00,,N,N,N,,,,
Rogue Lords,"Role-playing (RPG), Strategy, Adventure, Indie, Card & Board Game",Fantasy,Single Player,"Third Person, Bird view/Isometric",Playstation Plus,Drive 3,Unplayed,3.00,45.35,3.10,,,,,,,0,5.80,7.00,6.80,7.20,N/A,6.70,0,Y,N,N,,,,
Rogue Trooper Redux,"Shooter, Adventure, Arcade","Action, Science Fiction","Single Player, Multiplayer, Co-operative",Third Person,N/A,N/A,N/A,3.26,10.00,9.00,,,,,,,0,6.90,6.00,6.00,5.90,6.10,6.18,0,N,N,N,,,,
Roki,"Point-and-click, Platform, Puzzle, Adventure, Indie",Fantasy,Single Player,Side View,Playstation Plus,Drive 1,Unplayed,3.00,18.22,2.45,,,,,,,0,7.60,8.70,7.80,7.60,N/A,7.93,0,Y,N,N,,,,
Rollerdrome,"Shooter, Sport, Adventure, Indie",Action,Single Player,Third Person,Digital Download,Drive 4,Unplayed,3.83,16.00,1.94,,,,,,,0,9.00,8.60,8.00,7.90,N/A,8.38,,Y,N,N,,,,
Romancing SaGa - Minstrel Song - Remastered,"Role-playing (RPG), Turn-based Strategy (TBS)",Fantasy,Single Player,Third Person,N/A,N/A,N/A,4.00,89.22,N/A,,,,,,,0,9.20,7.10,7.00,6.80,6.30,7.28,,N,N,Y,,,,
Romancing Saga 2: Revenge of the Seven,"Role-playing (RPG), Tactical",Fantasy,Single Player,Third Person,N/A,N/A,N/A,3.64,159.98,N/A,,,,,,,0,9.00,8.50,8.20,7.90,7.07,8.13,,N,N,Y,,,,
Roots of Pacha,"Role-playing (RPG), Simulator, Adventure, Indie","Sandbox, Romance","Single Player, Multiplayer, Co-operative",Bird view/Isometric,N/A,N/A,N/A,4.00,120.72,N/A,,,,,,,0,8.20,8.80,8.40,8.20,N/A,8.40,,N,N,N,,,,
Rory McIlroy PGA Tour,Sport,,"Single Player, Multiplayer, Co-operative","First Person, Third Person",Physical Media,Drive 1,Unplayed,2.89,41.00,38.06,,,,,,,0,5.50,6.30,6.20,6.10,6.34,6.09,0,Y,N,N,,,,
Roundguard,"Puzzle, Role-playing (RPG), Simulator, Strategy, Indie, Arcade","Action, Kids",Single Player,,N/A,N/A,N/A,3.00,15.93,N/A,,,,,,,0,6.60,7.50,7.60,8.00,N/A,7.43,,N,N,N,,,,
Rugby 15,"Simulator, Sport",Action,"Single Player, Multiplayer, Co-operative",Bird view/Isometric,Physical Media,Drive 1,Unplayed,2.00,19.00,1.64,`,,,,,,0,2.00,2.00,1.90,2.60,2.33,2.17,0,Y,N,N,,,,
Ruined King: A League of Legends Story,"Role-playing (RPG), Turn-based Strategy (TBS), Adventure, Indie",Fantasy,Single Player,"Bird view/Isometric, Side View",N/A,N/A,N/A,3.33,47.00,11.11,,,,,,,0,8.00,7.80,8.00,8.00,N/A,7.95,,N,N,Y,,,,
Ruiner,"Shooter, Strategy, Adventure, Indie","Action, Science Fiction",Single Player,Bird view/Isometric,Digital Download,Drive 2,Unplayed,3.50,16.00,15.45,,,,,,,0,6.00,7.60,7.70,7.50,7.50,7.26,,Y,N,N,,,,
Rune Factory 4 Special,"Role-playing (RPG), Simulator","Action, Fantasy",Single Player,"Third Person, Bird view/Isometric",Playstation Plus,Drive 4,Unplayed,3.05,251.68,5.45,,,,,,,0,8.00,8.70,8.20,8.10,7.87,8.17,,Y,N,Y,,,,
Rust - Console Edition,"Shooter, Adventure","Action, Survival",Multiplayer,,N/A,N/A,N/A,4.83,124.00,3.25,,,,,,,0,7.00,7.50,6.70,6.60,N/A,6.95,0,N,N,N,,,,
Rustler,"Shooter, Racing, Role-playing (RPG), Adventure, Indie","Action, Fantasy, Historical, Sandbox, Open World","Single Player, Multiplayer",Third Person,Digital Download,Drive 1,Unplayed,4.00,22.03,6.15,,,,,,,0,6.30,6.10,6.30,5.90,N/A,6.15,,Y,N,Y,,,,
S.O.N,Indie,Horror,Single Player,,Digital Download,Drive 1,Unplayed,2.50,1.15,9.35,,,,,,,0,3.00,4.30,1.00,2.60,N/A,2.73,,Y,N,N,,,,
Sackboy: A Big Adventure,"Adventure, Platform","Action, Sandbox","Single Player, Multiplayer, Co-operative","Third Person, Bird view/Isometric, Side View",Playstation Plus,Drive 2,Unplayed,3.23,34.00,35.52,,,,,,,0,8.00,8.50,8.00,7.90,N/A,8.10,,Y,N,Y,,,,
SaGa Emerald Beyond,Role-playing (RPG),"Fantasy, Science Fiction",Single Player,,N/A,N/A,N/A,3.33,67.27,N/A,,,,,,,0,5.80,8.10,7.50,7.60,N/A,7.25,,N,N,N,,,,
SaGa Frontier 2 Remastered,"Role-playing (RPG), Adventure","Fantasy, Drama, Warfare",Single Player,Bird view/Isometric,N/A,N/A,N/A,3.00,22.07,N/A,,,,,,,0,8.00,8.00,7.90,8.10,7.40,7.88,,N,N,Y,,,,
SaGa Frontier Remastered,"Role-playing (RPG), Adventure","Action, Fantasy, Sandbox",Single Player,Bird view/Isometric,Playstation Plus,N/A,Removed,3.85,68.92,3.83,,,,,,,0,7.00,7.60,7.60,7.70,7.06,7.39,0,N,N,Y,Removed from PS+ after download.,,,
SaGa Scarlet Grace: Ambitions,"Role-playing (RPG), Turn-based Strategy (TBS), Adventure",Fantasy,Single Player,Third Person,Digital Download,Drive 3,Unplayed,4.38,87.00,3.03,,,,,,,0,7.00,7.70,8.00,7.60,N/A,7.58,,Y,N,Y,,,,
Saint's Row 4: Re-Elected & Gat Out of Hell,"Shooter, Adventure","Action, Science Fiction, Comedy, Sandbox, Open World","Single Player, Co-operative",Third Person,Digital Download,Drive 1,Unplayed,2.80,43.00,12.87,,,1,,,,1,7.30,7.70,7.50,7.10,7.52,7.42,0,Y,Y,Y,,,,
Saints Row 2,"Shooter, Racing, Adventure","Action, Comedy, Sandbox, Open World","Single Player, Multiplayer, Co-operative",Third Person,PS+ Stream,Online Stream,Unplayed,2.87,120.82,N/A,,,,,,,0,8.00,8.10,N/A,8.10,8.34,8.13,,Y,N,N,,,,
Sakuna: Of Rice and Ruin,"Platform, Role-playing (RPG), Simulator, Hack and Slash/Beat 'em up, Adventure, Indie","Action, Fantasy, Educational",Single Player,"Third Person, Side View",Playstation Plus,Drive 2,Unplayed,3.16,50.00,6.66,,,,,,,0,7.60,7.70,8.00,8.00,N/A,7.83,,Y,N,Y,,,,
Sakura Wars,"Role-playing (RPG), Simulator, Adventure, Visual Novel","Action, Fantasy, Historical",Single Player,Third Person,N/A,N/A,N/A,2.31,66.15,40.07,,,,,,,0,7.30,7.70,7.30,7.30,8.08,7.54,0,N,N,Y,,,,
Sally Face,"Point-and-click, Puzzle, Adventure, Indie","Horror, Mystery",Single Player,Side View,N/A,N/A,N/A,3.00,35.33,N/A,,,,,,,0,8.60,7.90,7.50,8.60,N/A,8.15,,N,N,N,,,,
Salt and Sanctuary,"Platform, Role-playing (RPG), Adventure, Indie","Action, Fantasy, Horror","Single Player, Multiplayer, Co-operative",Side View,Digital Download,Drive 1,Unplayed,3.86,60.12,2.57,,,,,,,0,8.60,8.50,8.30,8.40,8.44,8.45,,Y,N,Y,,,,
Sam and Max Save the World,"Point-and-click, Puzzle, Adventure, Indie","Comedy, Mystery",Single Player,"Third Person, Side View",N/A,N/A,N/A,5.00,17.40,N/A,,,,,,,0,8.30,8.30,8.20,7.50,N/A,8.08,,N,N,N,,,,
Sam and Max: The Devil's Playhouse,"Point-and-click, Puzzle, Adventure, Indie","Action, Science Fiction, Comedy, Party, Mystery",Single Player,Third Person,N/A,N/A,N/A,3.00,19.55,N/A,,,,,,,0,8.30,8.00,8.40,7.90,N/A,8.15,,N,N,N,,,,
Samurai Bringer,"Puzzle, Role-playing (RPG), Hack and Slash/Beat 'em up, Adventure, Indie, Arcade","Action, Historical",Single Player,Bird view/Isometric,Digital Download,Drive 4,Unplayed,3.80,15.30,0.33,,,,,,,0,9.20,9.10,6.67,7.50,N/A,8.12,0,Y,N,N,,,,
Samurai Maiden,"Platform, Role-playing (RPG), Hack and Slash/Beat 'em up, Adventure","Action, Historical",Single Player,Third Person,N/A,N/A,N/A,3.00,44.08,N/A,,,,,,,0,7.80,7.00,6.10,5.60,N/A,6.63,,N,N,Y,,,,
Samurai Warriors 4-II,Hack and Slash/Beat 'em up,"Action, Fantasy, Historical","Single Player, Multiplayer, Co-operative, Split Screen",Third Person,N/A,N/A,N/A,2.85,63.00,20.00,,,,,,,0,7.30,7.50,7.50,7.30,7.46,7.41,0,N,N,Y,,,,
Samurai Warriors 5,"Hack and Slash/Beat 'em up, Adventure","Action, Historical","Single Player, Multiplayer, Co-operative, Split Screen",Third Person,Playstation Plus,Drive 3,Unplayed,2.95,109.00,13.79,,,,,,,0,7.00,8.30,7.70,7.50,N/A,7.63,0,Y,N,Y,,,,
Saturnalia,"Adventure, Indie","Horror, Survival, Mystery",Single Player,"First Person, Third Person",Digital Download,Drive 1,Unplayed,3.00,15.28,4.44,,,,,,,0,7.20,8.00,7.70,8.00,N/A,7.73,,Y,N,N,,,,
Scar-Lead Salvation,"Shooter, Role-playing (RPG)",Action,Single Player,Third Person,N/A,N/A,N/A,3.00,18.00,N/A,,,,,,,0,3.00,7.00,5.40,4.70,N/A,5.03,,N,N,Y,,,,
Scarlet Nexus,"Role-playing (RPG), Adventure","Action, Fantasy",Single Player,Third Person,Digital Download,Drive 3,Unplayed,3.14,61.00,26.15,1,,,,,,1,8.00,8.10,7.90,8.00,N/A,8.00,0,N,N,Y,Removed from PS+ after download.,,,
Scars Above,"Shooter, Adventure","Action, Science Fiction, Horror",Single Player,Third Person,Digital Download,Drive 4,Unplayed,3.33,9.00,9.61,,,,,,,0,5.00,8.00,6.60,6.40,N/A,6.50,,Y,N,N,,,,
Schedule I: Drug Empire,"Simulator, Strategy, Indie","Action, Open World","Single Player, Multiplayer, Co-operative","First Person, Third Person",N/A,N/A,N/A,2.50,62.80,N/A,,,,,,,0,8.00,8.00,N/A,N/A,N/A,8.00,0,N,Y,N,,,,
Scott Pilgrim vs. The World: The Game - Complete Edition,"Fighting, Hack and Slash/Beat 'em up, Adventure","Action, Comedy","Single Player, Multiplayer, Co-operative","Third Person, Side View",Playstation Plus,Drive 1,Unplayed,3.49,14.00,0.89,,,,,,,0,8.00,7.90,7.80,7.90,7.79,7.88,,Y,N,Y,,,,
ScourgeBringer,"Fighting, Shooter, Platform, Adventure, Indie, Arcade",Action,Single Player,Side View,Digital Download,Drive 1,Unplayed,4.00,33.07,0.45,,,,,,,0,7.60,7.30,8.10,7.60,N/A,7.65,,Y,N,N,,,,
Sea of Solitude,"Adventure, Indie","Action, Fantasy, Drama",Single Player,Third Person,Digital Download,Drive 1,Unplayed,1.75,8.48,1.25,,,,,,,0,6.50,7.00,6.90,6.90,6.74,6.81,0,Y,N,N,,,,
Sea of Stars,"Role-playing (RPG), Turn-based Strategy (TBS), Adventure, Indie","Fantasy, Open World",Single Player,Bird view/Isometric,N/A,N/A,Removed,3.14,43.00,4.39,,,,,,,0,8.00,8.90,8.90,8.70,N/A,8.63,0,N,N,Y,Removed from PS+ after download.,,,
SEASON: A Letter to the Future,"Role-playing (RPG), Adventure, Indie",Sandbox,Single Player,Third Person,Playstation Plus,Drive 4,Unplayed,1.33,15.88,5.75,,,,,,,0,7.80,8.00,7.80,7.60,N/A,7.80,0,Y,N,N,,,,
Sekiro: Shadows Die Twice,Adventure,"Action, Fantasy, Historical, Stealth",Single Player,Third Person,N/A,N/A,N/A,4.49,70.00,12.50,1,1,,1,,,3,9.50,9.00,9.00,9.00,8.82,9.06,0,N,N,Y,,,,
Senran Kagura Burst Re:Newal,Hack and Slash/Beat 'em up,Action,Single Player,Third Person,N/A,N/A,N/A,2.55,74.52,N/A,,,,,,,0,8.50,6.80,6.60,6.50,6.81,7.04,,N,N,Y,,,,
Senran Kagura Peach Beach Splash,Shooter,Action,"Single Player, Multiplayer, Co-operative","Third Person, Virtual Reality",N/A,N/A,N/A,2.68,122.98,N/A,,,,,,,0,6.70,7.60,7.10,7.00,7.00,7.08,,N,N,Y,,,,
Senran Kagura: Estival Versus,Hack and Slash/Beat 'em up,Action,"Single Player, Multiplayer",Third Person,N/A,N/A,N/A,2.73,42.00,9.00,,,,,,,0,7.80,6.80,6.80,6.70,6.73,6.97,0,N,N,Y,,,,
Serial Cleaners,"Simulator, Strategy, Adventure, Indie","Action, Stealth, Educational",Single Player,Bird view/Isometric,N/A,N/A,N/A,1.75,14.93,4.14,,,,,,,0,6.60,6.40,7.00,6.80,N/A,6.70,,N,N,N,,,,
Serious Sam Collection,"Shooter, Puzzle, Indie","Action, Science Fiction, Comedy, Warfare","Single Player, Multiplayer, Co-operative, Split Screen","First Person, Third Person",Playstation Plus,Drive 2,Unplayed,3.90,100.00,7.40,,,,,,,0,7.60,8.40,7.60,7.10,N/A,7.68,,Y,N,N,"Contains the following:
• Serious Sam HD: The First Encounter
• Serious Sam HD: The Second Encounter (with Legend of the Beast DLC)
• Serious Sam 3: BFF (with Jewel of the Nile DLC)",,,
Seven: Enhanced Edition,"Role-playing (RPG), Hack and Slash/Beat 'em up, Adventure, Indie","Action, Science Fiction, Stealth, Open World",Single Player,,Digital Download,Drive 2,Unplayed,3.00,196.20,7.05,,,,,,,0,7.60,9.50,6.30,6.80,6.52,7.34,,Y,N,Y,,,,
Severed Steel,"Shooter, Indie",Action,Single Player,First Person,Digital Download,Drive 2,Unplayed,3.16,21.00,2.95,,,,,,,0,7.90,8.50,7.90,7.30,N/A,7.90,,Y,N,N,,,,
Shadow Blade: Reload,"Platform, Indie",Action,Single Player,Side View,N/A,N/A,N/A,4.00,28.40,N/A,,,,,,,0,7.00,6.90,6.90,7.00,6.20,6.80,,N,N,N,,,,
Shadow Complex Remastered,"Shooter, Platform, Adventure",Action,Single Player,Side View,N/A,N/A,N/A,2.97,22.27,N/A,,,,,,,0,8.00,7.80,7.60,7.40,8.00,7.76,,N,N,N,,,,
Shadow Gambit: The Cursed Crew,"Role-playing (RPG), Strategy, Tactical, Adventure, Indie","Action, Fantasy, Stealth, Sandbox",Single Player,Bird view/Isometric,N/A,N/A,N/A,3.21,80.00,N/A,,,,,,,0,9.00,9.30,8.50,8.50,N/A,8.83,,N,N,N,,,,
Shadow of the Beast,Adventure,Action,,,Playstation Plus,Drive 2,Unplayed,3.59,10.00,8.56,,,,,,,0,5.80,5.50,6.60,6.40,8.54,6.57,,Y,N,Y,,,,
Shadow of the Colossus,"Platform, Puzzle, Adventure","Action, Fantasy, Drama, Open World",Single Player,Third Person,Digital Download,Drive 2,Unplayed,3.07,26.50,13.57,1,1,,,,,2,9.70,9.30,9.20,9.10,9.20,9.30,0,Y,N,Y,,,,
Shadow of the Tomb Raider,"Shooter, Puzzle, Adventure","Action, Survival, Historical, Stealth, Mystery","Single Player, Co-operative",Third Person,Playstation Plus,Drive 1,Unplayed,2.91,38.00,25.91,,,,,,,0,9.00,8.00,8.00,7.50,7.57,8.01,0,Y,N,Y,,,,
Shadow Tactics: Blades of the Shogun,"Real Time Strategy (RTS), Simulator, Strategy, Tactical, Indie","Action, Stealth",Single Player,Bird view/Isometric,Playstation Plus,Drive 2,Unplayed,3.98,55.50,9.01,,,,,,,0,8.20,8.70,8.30,8.50,8.53,8.45,,Y,N,N,,,,
Shadow Warrior,"Shooter, Puzzle, Adventure","Action, Fantasy, Science Fiction, Comedy",Single Player,First Person,Digital Download,Drive 2,Unplayed,3.16,36.00,7.10,,,,,,,0,8.60,7.10,7.60,7.30,7.11,7.54,,Y,N,Y,,,,
Shadow Warrior 2,"Shooter, Puzzle, Role-playing (RPG), Adventure","Action, Science Fiction, Horror, Comedy","Single Player, Multiplayer, Co-operative",First Person,Playstation Plus,Drive 2,Unplayed,3.31,25.00,7.00,,,,,,,0,8.60,7.80,7.70,7.80,6.80,7.74,,Y,N,Y,,,,
Shadow Warrior 3,"Shooter, Role-playing (RPG), Adventure, Indie, Arcade","Action, Fantasy, Science Fiction, Horror, Comedy",Single Player,First Person,Digital Download,Drive 2,Unplayed,3.44,36.00,12.52,,,,,,,0,8.60,5.60,7.20,7.10,N/A,7.13,,Y,N,N,,,,
Shadowrun Returns,"Role-playing (RPG), Strategy, Turn-based Strategy (TBS), Adventure, Indie","Action, Fantasy, Science Fiction, Historical",Single Player,Bird view/Isometric,Playstation Plus,Drive 2,Unplayed,3.50,18.00,3.58,,,,,,,0,7.30,7.30,7.40,7.60,N/A,7.40,,Y,N,Y,,,,
Shadowrun: Dragonfall - Director's Cut,"Role-playing (RPG), Strategy, Turn-based Strategy (TBS), Adventure, Indie","Fantasy, Science Fiction, Sandbox",Single Player,Bird view/Isometric,Playstation Plus,Drive 2,Unplayed,4.33,42.00,3.13,,,,,,,0,7.80,8.00,8.30,8.70,N/A,8.20,,Y,N,Y,,,,
Shadowrun: Hong Kong - Extended Edition,"Role-playing (RPG), Strategy, Adventure, Indie",Science Fiction,Single Player,Bird view/Isometric,Playstation Plus,Drive 2,Unplayed,4.00,47.00,3.39,,,,,,,0,8.00,7.80,8.20,8.10,N/A,8.03,,Y,N,Y,,,,
Shadows of Adam,"Role-playing (RPG), Adventure, Indie",Fantasy,Single Player,Bird view/Isometric,N/A,N/A,N/A,2.83,33.18,N/A,,,,,,,0,7.00,7.80,7.60,7.80,7.57,7.55,,N,N,N,,,,
Shadows of the Damned: Hella Remastered,"Shooter, Puzzle, Adventure","Action, Horror, Comedy",Single Player,Third Person,N/A,N/A,N/A,1.67,20.00,4.00,,,,,,,0,7.00,7.60,7.40,7.00,7.88,7.38,,N,N,N,,,,
Shadows: Awakening,"Role-playing (RPG), Hack and Slash/Beat 'em up","Action, Fantasy",Single Player,Bird view/Isometric,Digital Download,Drive 4,Unplayed,3.15,55.77,13.54,,,,,,,0,6.20,7.10,7.40,7.20,N/A,6.98,,Y,N,Y,,,,
Shady Part of Me,"Platform, Puzzle, Role-playing (RPG), Adventure, Indie",Action,Single Player,Third Person,Digital Download,Drive 4,Unplayed,2.67,9.25,3.59,,,,,,,0,7.10,8.90,7.70,7.80,N/A,7.88,,Y,N,N,,,,
Shantae and the Seven Sirens,"Platform, Adventure","Action, Fantasy, Comedy",Single Player,Side View,N/A,N/A,N/A,2.89,22.53,N/A,,,,,,,0,7.50,7.20,7.50,7.90,N/A,7.53,,N,N,Y,,,,
Shatter: Remastered Deluxe,Arcade,Action,"Single Player, Co-operative",Bird view/Isometric,N/A,N/A,N/A,4.00,3.58,N/A,,,,,,,0,8.00,8.50,8.20,8.00,N/A,8.18,,N,N,N,,,,
Shattered: Tale of the Forgotten King,"Platform, Puzzle, Role-playing (RPG), Adventure, Indie","Action, Fantasy",Single Player,"Third Person, Side View",Digital Download,Drive 4,Unplayed,2.00,40.00,4.58,,,,,,,0,6.00,5.00,6.10,6.80,N/A,5.98,0,Y,N,N,,,,
Sheepo,"Platform, Role-playing (RPG), Adventure, Indie, Arcade",Action,Single Player,Side View,Digital Download,Drive 1,Unplayed,3.36,5.78,0.64,,,,,,,0,7.00,8.00,7.50,7.50,N/A,7.50,,Y,N,N,,,,
Sheltered,"Role-playing (RPG), Simulator, Strategy, Indie",Survival,Single Player,Side View,Digital Download,Drive 1,Unplayed,3.43,49.93,1.01,,,,,,,0,6.60,6.00,6.70,7.00,7.05,6.67,,Y,N,N,,,,
Shenmue,"Role-playing (RPG), Simulator, Hack and Slash/Beat 'em up, Adventure","Fantasy, Historical, Sandbox, Open World",Single Player,Third Person,Digital Download,Drive 3,Unplayed,3.03,23.50,3.14,,,,,,,0,9.70,9.00,7.30,8.80,8.93,8.75,,Y,N,Y,,,,
Shenmue II,"Role-playing (RPG), Simulator, Hack and Slash/Beat 'em up, Adventure","Fantasy, Historical, Sandbox, Open World",Single Player,Third Person,Digital Download,Drive 3,Unplayed,3.03,30.50,9.76,,,,,,1,1,8.30,9.00,7.30,8.00,8.96,8.31,0,Y,N,Y,,,,
Shenmue III,"Fighting, Role-playing (RPG), Hack and Slash/Beat 'em up, Adventure","Action, Fantasy, Historical, Open World, Mystery, Romance",Single Player,Third Person,N/A,N/A,N/A,2.89,59.00,22.00,,,,,,,0,5.90,6.80,6.80,6.70,N/A,6.55,,N,N,Y,,,,
Sherlock Holmes Chapter One,"Adventure, Indie","Action, Thriller, Open World, Mystery",Single Player,Third Person,Digital Download,Drive 3,Unplayed,3.38,30.00,11.76,,,,,,,0,6.00,7.70,7.40,6.90,N/A,7.00,,Y,N,N,,,,
Sherlock Holmes: Crimes and Punishments,"Puzzle, Adventure","Action, Open World, Mystery",Single Player,"First Person, Third Person",Digital Download,Drive 3,Unplayed,2.76,16.00,8.38,,,,,,,0,7.50,7.50,7.60,7.30,7.50,7.48,,Y,N,N,,,,
Sherlock Holmes: The Awakened,"Puzzle, Adventure, Indie","Action, Fantasy, Horror, Mystery",Single Player,Third Person,Digital Download,Drive 3,Unplayed,2.33,10.50,18.75,,,,,,,0,5.00,8.20,7.50,7.50,N/A,7.05,,Y,N,N,,,,
Sherlock Holmes: The Devil's Daughter,"Puzzle, Adventure","Action, Thriller, Open World, Mystery",Single Player,"First Person, Third Person",Digital Download,Drive 3,Unplayed,2.85,13.00,15.37,,,,,,,0,5.00,6.70,6.50,7.10,6.88,6.44,,Y,N,N,,,,
Shin Megami Tensei III Nocturne HD Remaster,"Role-playing (RPG), Turn-based Strategy (TBS)","Fantasy, Drama",Single Player,Third Person,N/A,N/A,N/A,3.56,161.48,N/A,,,,,,,0,8.20,8.10,7.80,7.60,N/A,7.93,,N,N,Y,,,,
Shin Megami Tensei V: Vengeance,"Role-playing (RPG), Adventure","Action, Fantasy, Drama",Single Player,Third Person,N/A,N/A,N/A,3.33,104.00,29.12,,,,,,,0,8.00,9.00,8.80,8.70,N/A,8.63,0,N,N,Y,,,,
Shiness: The Lightning Kingdom,"Fighting, Role-playing (RPG), Adventure, Indie","Action, Fantasy",Single Player,Third Person,Digital Download,Drive 4,Unplayed,3.20,48.30,16.48,,,,,,,0,5.70,6.80,6.80,6.70,6.58,6.52,,Y,N,Y,,,,
Shining Resonance Refrain,"Role-playing (RPG), Adventure","Action, Fantasy",Single Player,Third Person,N/A,N/A,N/A,3.04,81.20,N/A,,,,,,,0,6.90,6.20,6.90,6.70,6.76,6.69,0,N,N,Y,,,,
Shinobi: Art of Vengeance,"Platform, Hack and Slash/Beat 'em up","Action, Fantasy",Single Player,,N/A,N/A,N/A,3.22,27.52,N/A,,,,,,,0,8.00,8.80,8.80,8.70,N/A,8.58,,N,N,Y,,,,
Shu,"Platform, Adventure, Indie, Arcade",Action,Single Player,Side View,Digital Download,Drive 1,Unplayed,3.11,5.87,6.49,,,,,,,0,6.00,7.40,7.60,7.20,7.74,7.19,,Y,N,N,,,,
Sid Meier's Civilization VI - Console Edition,"Simulator, Strategy, Turn-based Strategy (TBS)","Fantasy, Historical, 4X","Single Player, Multiplayer",Bird view/Isometric,Digital Download,Drive 3,Unplayed,3.40,382.00,12.83,,,,,,,0,9.40,8.70,8.80,8.70,N/A,8.90,,Y,N,N,,,,
Sifu,"Fighting, Hack and Slash/Beat 'em up, Indie",Action,Single Player,Third Person,N/A,N/A,N/A,4.38,22.00,19.85,,,,,,,0,9.00,7.90,8.10,8.10,N/A,8.28,,N,N,Y,,,,
Signalis,"Adventure, Indie","Action, Science Fiction, Horror, Survival, Mystery",Single Player,"First Person, Bird view/Isometric",Playstation Plus,Drive 3,Unplayed,3.35,14.00,3.46,,,,,,,0,8.50,8.50,8.20,8.10,N/A,8.33,,Y,N,N,,,,
Signs of the Sojourner,"Role-playing (RPG), Adventure, Indie, Visual Novel, Card & Board Game",,Single Player,Third Person,N/A,N/A,N/A,3.17,14.75,N/A,,,,,,,0,7.20,7.50,7.50,7.70,N/A,7.48,,N,N,N,,,,
Silence,"Point-and-click, Puzzle, Adventure, Indie","Fantasy, Mystery",Single Player,"Third Person, Side View",Digital Download,Drive 4,Unplayed,3.00,13.83,7.36,,,,,,,0,6.90,7.50,7.30,7.50,5.90,7.02,0,Y,N,N,,,,
Silt,"Platform, Puzzle, Adventure, Indie",Fantasy,Single Player,Bird view/Isometric,Digital Download,Drive 4,Unplayed,3.00,6.20,5.42,,,,,,,0,5.40,5.50,7.30,7.10,N/A,6.33,,Y,N,N,,,,
Silver Chains,"Adventure, Indie","Action, Horror, Survival",Single Player,First Person,Digital Download,Drive 4,Unplayed,3.00,5.27,3.09,,,,,,,0,6.00,6.00,5.40,5.10,5.50,5.60,,Y,N,N,,,,
Sine Mora EX,"Shooter, Arcade","Action, Science Fiction","Single Player, Multiplayer, Co-operative",Side View,Digital Download,Drive 1,Unplayed,3.93,34.00,0.81,,,,,,,0,6.80,7.70,7.70,8.10,8.00,7.66,,Y,N,N,,,,
SIREN,"Strategy, Adventure","Horror, Survival, Stealth",Single Player,"First Person, Third Person",N/A,N/A,N/A,4.32,31.43,N/A,,,,,,,0,7.70,7.00,N/A,7.20,7.12,7.26,0,N,N,N,,,,
Sker Ritual,"Shooter, Indie","Action, Horror, Survival","Single Player, Multiplayer, Co-operative",Third Person,N/A,N/A,N/A,2.00,60.05,N/A,,,,,,,0,7.50,6.00,7.20,5.50,N/A,6.55,,N,N,N,,,,
Skul: The Hero Slayer,"Platform, Indie",Action,Single Player,"Side View, Auditory",Digital Download,Drive 4,Unplayed,4.53,94.98,1.88,,,,,,,0,8.00,8.10,8.30,8.00,N/A,8.10,,Y,N,Y,,,,
Skully,"Platform, Puzzle, Adventure, Indie",Fantasy,Single Player,Third Person,Digital Download,Drive 1,Unplayed,3.00,13.23,8.87,,,,,,,0,7.00,6.30,6.30,6.30,N/A,6.48,,Y,N,Y,,,,
Sky: Children of the Light,"Puzzle, Role-playing (RPG), Adventure, Indie",Fantasy,"Single Player, Massively Multiplayer Online (MMO), Co-operative, Multiplayer",Third Person,Playstation Plus,Drive 4,Unplayed,2.22,13.23,4.23,,,,,,,0,8.50,8.20,8.20,8.20,7.93,8.21,0,Y,N,N,,,,
Slain: Back from Hell,"Fighting, Platform, Adventure, Indie, Arcade","Action, Fantasy, Horror",Single Player,Side View,Digital Download,Drive 4,Unplayed,3.96,18.65,0.42,,,,,,,0,6.50,5.00,6.30,6.80,6.71,6.26,,Y,N,Y,,,,
Slave Zero X,"Fighting, Platform, Hack and Slash/Beat 'em up, Arcade","Action, Horror",Single Player,Side View,N/A,N/A,N/A,5.00,10.05,N/A,,,,,,,0,5.30,7.70,6.90,7.00,N/A,6.73,,N,N,N,,,,
Slay the Princess,"Point-and-click, Role-playing (RPG), Adventure, Indie, Visual Novel","Action, Horror, Thriller, Comedy, Drama, Mystery, Romance",Single Player,"First Person, Text",N/A,N/A,N/A,3.00,26.30,8.40,,,,,,,0,9.10,9.50,9.10,9.10,N/A,9.20,,N,N,N,,,,
Sleeping Dogs: Definitive Edition,"Shooter, Racing, Hack and Slash/Beat 'em up, Adventure","Action, Sandbox, Open World",Single Player,Third Person,Digital Download,Drive 2,In-Progress,2.91,41.00,17.89,,,1,,,,1,8.50,7.40,7.70,7.70,7.56,7.77,4,Y,N,Y,,,,
Slender: The Arrival,"Adventure, Indie","Action, Horror, Survival",Single Player,"First Person, Virtual Reality",Digital Download,Drive 2,Unplayed,3.44,10.82,2.61,,,,,,,0,6.50,6.10,5.70,6.50,5.72,6.10,,Y,N,N,,,,
Slime Heroes,"Role-playing (RPG), Hack and Slash/Beat 'em up, Adventure","Action, Fantasy, Comedy, Kids","Single Player, Multiplayer, Co-operative",Bird view/Isometric,N/A,N/A,N/A,3.00,15.00,N/A,,,,,,,0,N/A,N/A,6.40,7.40,N/A,6.90,0,N,N,N,,,,
Slime Rancher,"Shooter, Simulator, Strategy, Adventure, Indie","Action, Science Fiction, Open World",Single Player,First Person,Digital Download,Drive 2,Unplayed,2.36,38.50,1.07,,,,,,,0,7.90,7.80,7.60,8.10,8.24,7.93,,Y,Y,Y,,,,
Slipstream,"Racing, Indie, Arcade",Action,"Single Player, Multiplayer",Third Person,N/A,N/A,N/A,3.00,13.87,N/A,,,,,,,0,7.80,8.50,7.60,7.00,N/A,7.73,,N,N,N,,,,
Slitterhead,Adventure,"Action, Horror",Single Player,Third Person,N/A,N/A,N/A,3.00,23.10,N/A,,,,,,,0,5.00,6.50,6.60,6.20,N/A,6.08,0,N,N,Y,,,,
Sly 2: Band of Thieves,"Platform, Adventure","Action, Stealth, Comedy",Single Player,Third Person,Playstation Plus,Drive 1,Unplayed,2.85,27.07,11.66,,,,,,,0,9.20,8.00,N/A,8.80,8.79,8.70,,Y,N,N,,,,
Sly 3: Honor Among Thieves,"Platform, Adventure","Action, Stealth, Comedy","Single Player, Multiplayer",Third Person,PS+ Stream,Drive 1,Unplayed,2.86,22.67,10.41,,,,,,,0,8.10,8.30,N/A,8.30,8.42,8.28,,Y,N,N,,,,
Sly Cooper and the Thievius Raccoonus,"Platform, Adventure","Action, Stealth, Comedy",Single Player,Third Person,Playstation Plus,Drive 1,Unplayed,3.00,8.50,8.60,,,,,,,0,8.50,8.30,N/A,8.60,N/A,8.47,0,Y,N,N,,,,
Smoke and Sacrifice,"Role-playing (RPG), Adventure, Indie","Action, Fantasy, Survival, Open World, Mystery",Single Player,Bird view/Isometric,Digital Download,Drive 1,Unplayed,3.42,25.63,1.14,,,,,,,0,7.60,7.00,7.10,7.20,6.81,7.14,,Y,N,N,,,,
Snake Pass,"Platform, Puzzle, Simulator, Adventure, Indie, Arcade","Action, Kids",Single Player,Third Person,Digital Download,Drive 1,Unplayed,3.88,19.83,3.47,,,,,,,0,7.20,7.20,7.40,6.90,6.80,7.10,,Y,N,N,,,,
Sniper Elite 4,"Shooter, Tactical, Adventure","Action, Historical, Stealth, Open World, Warfare","Single Player, Multiplayer, Co-operative",Third Person,Playstation Plus,Drive 2,Unplayed,3.31,43.00,42.18,1,,,,,,1,8.30,7.60,7.80,7.70,7.82,7.84,0,Y,N,N,,,,
Sniper Elite III,"Shooter, Simulator, Tactical, Adventure","Action, Historical, Stealth, Warfare","Single Player, Multiplayer, Co-operative","First Person, Third Person",N/A,N/A,N/A,3.14,57.85,15.50,,,,,,,0,8.20,6.80,7.00,6.70,6.80,7.10,,N,N,N,,,,
Sniper Elite: Resistance,Shooter,"Action, Historical, Warfare","Single Player, Multiplayer","First Person, Third Person",N/A,N/A,N/A,3.00,13.60,53.07,,,,,,,0,6.00,8.30,7.40,7.60,N/A,7.33,,N,N,N,,,,
Sniper Ghost Warrior 3 Season Pass Edition,"Shooter, Tactical","Action, Stealth, Warfare","Single Player, Multiplayer",First Person,N/A,N/A,N/A,3.07,35.00,38.80,,,,,,,0,5.50,5.30,5.30,5.50,5.31,5.38,0,N,N,N,,,,
SnowRunner,"Racing, Simulator, Adventure, Arcade","Business, Non-fiction, Sandbox","Single Player, Multiplayer, Co-operative","First Person, Third Person",N/A,N/A,Removed,3.50,218.00,34.98,,,,,,,0,8.00,8.10,8.00,8.10,N/A,8.05,0,N,N,Y,Removed from PS+ after download.,,,
Solar Ash,"Platform, Adventure, Indie","Action, Science Fiction",Single Player,Third Person,N/A,N/A,N/A,3.00,10.00,10.00,,,,,,,0,7.00,8.20,7.70,7.70,N/A,7.65,,N,N,N,,,,
SOMA,"Puzzle, Adventure, Indie","Action, Science Fiction, Horror, Stealth, Mystery",Single Player,First Person,Digital Download,Drive 2,Unplayed,2.96,12.00,12.36,,,,,,,0,8.10,8.10,8.30,8.40,8.03,8.19,,Y,N,N,,,,
Someday You'll Return,"Adventure, Indie",Horror,Single Player,First Person,Digital Download,Drive 4,Unplayed,5.00,31.00,12.32,,,,,,,0,5.00,5.50,6.40,6.60,N/A,5.88,,Y,N,N,,,,
Somerville,"Puzzle, Adventure",Science Fiction,Single Player,"Third Person, Side View",Playstation Plus,Drive 1,Unplayed,2.29,6.65,3.70,,,,,,,0,7.00,6.80,6.90,7.10,N/A,6.95,0,Y,N,N,,,,
Song of Horror,Adventure,"Horror, Survival",Single Player,Third Person,N/A,N/A,N/A,3.83,24.50,14.00,,,,,,,0,8.10,7.00,7.10,7.40,N/A,7.40,,N,N,N,,,,
Song of the Deep,"Puzzle, Adventure",Action,Single Player,Side View,N/A,N/A,N/A,3.20,15.52,N/A,,,,,,,0,6.00,6.90,7.10,6.90,7.05,6.79,,N,N,Y,,,,
Sonic Colors: Ultimate,"Platform, Adventure","Action, Kids","Single Player, Multiplayer, Co-operative","Third Person, Side View",Playstation Plus,Drive 3,Unplayed,2.76,25.53,6.19,,,,,,,0,8.00,7.40,7.40,7.40,N/A,7.55,,Y,N,Y,,,,
Sonic Frontiers,"Platform, Adventure","Action, Science Fiction, Open World",Single Player,"Third Person, Side View",Digital Download,Drive 3,Unplayed,2.98,26.50,36.17,,,,,,,0,7.00,7.20,7.10,7.00,N/A,7.08,,Y,Y,Y,,,,
Sonic Mania,"Platform, Adventure","Action, Kids","Single Player, Multiplayer, Co-operative","Third Person, Side View",Digital Download,Drive 3,Unplayed,3.21,18.00,0.41,,,,,,,0,8.70,8.50,8.70,8.60,8.70,8.64,,Y,N,Y,,,,
Sonic Origins,"Platform, Adventure","Action, Fantasy, Kids","Single Player, Multiplayer, Co-operative, Split Screen","Third Person, Side View",Digital Download,Drive 3,Unplayed,3.09,13.00,4.75,,,,,,,0,8.20,7.50,7.70,7.80,N/A,7.80,,Y,N,N,,,,
Sonic Racing Crossworlds,"Racing, Sport, Adventure","Action, Science Fiction, Party","Single Player, Multiplayer, Co-operative",Third Person,N/A,N/A,N/A,2.43,32.00,N/A,,,,,,,0,9.00,9.40,8.30,8.20,N/A,8.73,,N,N,N,,,,
Sonic Superstars,Platform,"Action, Science Fiction, Kids, Party","Single Player, Multiplayer, Co-operative, Split Screen",Side View,N/A,N/A,N/A,3.53,23.47,N/A,,,,,,,0,7.00,7.70,7.30,7.30,N/A,7.33,,N,N,Y,,,,
Sonic X Shadow Generations,"Platform, Adventure",Action,Single Player,"Third Person, Side View",Playstation Plus,Drive 3,Unplayed,3.57,41.73,25.44,,,,,,,0,9.00,8.30,8.00,8.00,N/A,8.33,,Y,N,Y,,,,
Soul Hackers 2,Role-playing (RPG),"Science Fiction, Mystery",Single Player,Third Person,Playstation Plus,Drive 3,Unplayed,3.36,102.57,17.00,,,,,,,0,7.00,7.20,7.50,7.40,N/A,7.28,,Y,N,Y,,,,
Soulcalibur III,"Fighting, Strategy","Action, Fantasy, Historical","Single Player, Multiplayer",Third Person,Playstation Plus,Drive 3,Unplayed,3.27,58.62,9.43,,,,,,,0,8.50,8.30,N/A,8.60,8.63,8.51,0,Y,N,N,,,,
Soulcalibur: Broken Destiny,Fighting,Action,"Single Player, Multiplayer","Third Person, Side View",Playstation Plus,Drive 3,Unplayed,3.00,27.50,0.40,,,,,,,0,8.00,8.60,N/A,8.00,7.97,8.14,,Y,N,N,,,,
Souldiers,"Platform, Role-playing (RPG), Adventure, Indie","Action, Fantasy",Single Player,Side View,Digital Download,Drive 4,Unplayed,4.22,65.33,1.95,,,,,,,0,6.80,7.80,7.60,7.70,N/A,7.48,,Y,N,Y,,,,
Source of Madness,"Platform, Role-playing (RPG), Adventure","Action, Fantasy, Horror, Mystery","Single Player, Multiplayer",Side View,Playstation Plus,Drive 4,Unplayed,3.33,36.17,5.30,,,,,,,0,5.60,6.00,6.50,6.70,N/A,6.20,0,Y,N,Y,,,,
South of the Circle,"Point-and-click, Adventure","Drama, Warfare, Romance",Single Player,Third Person,Digital Download,Drive 4,Unplayed,1.00,5.32,4.79,,,,,,,0,7.30,9.00,7.50,7.50,N/A,7.83,,Y,N,N,,,,
South Park: The Fractured But Whole,"Role-playing (RPG), Strategy, Adventure","Action, Comedy",Single Player,Side View,Playstation Plus,Drive 1,In-Progress,2.78,28.00,32.44,,,,,,,0,8.50,8.50,8.20,7.90,8.09,8.24,3,Y,N,Y,,,,
South Park: The Stick of Truth,"Role-playing (RPG), Strategy, Adventure","Action, Fantasy, Comedy, Open World",Single Player,"Third Person, Side View",Playstation Plus,Drive 1,Completed,2.58,21.00,5.58,,,,,,,0,9.00,8.00,8.50,8.50,N/A,8.50,3,Y,Y,Y,,,,
Space Engineers,"Shooter, Simulator, Strategy, Adventure, Indie","Action, Science Fiction, Sandbox","Single Player, Multiplayer, Co-operative","First Person, Third Person",Digital Download,Drive 3,Unplayed,3.64,371.00,17.29,,,,,,,0,6.00,8.00,7.10,6.80,N/A,6.98,,Y,N,N,,,,
Space Gladiators,"Fighting, Platform, Role-playing (RPG), Hack and Slash/Beat 'em up, Indie, Arcade","Action, Science Fiction",Single Player,Side View,N/A,N/A,N/A,3.00,11.47,N/A,,,,,,,0,9.00,8.70,7.80,7.00,N/A,8.13,,N,N,N,,,,
Space Hulk: Deathwing - Enhanced Edition,"Shooter, Adventure","Action, Science Fiction","Single Player, Multiplayer, Co-operative",,Playstation Plus,Drive 2,Unplayed,3.50,16.00,19.60,,,,,,,0,6.40,6.60,5.60,5.80,5.10,5.90,0,Y,N,N,,,,
SpellForce III Reforced,"Real Time Strategy (RTS), Role-playing (RPG), Strategy","Action, Fantasy","Single Player, Multiplayer, Co-operative",Bird view/Isometric,Playstation Plus,Drive 1,Unplayed,3.25,84.50,16.05,,,,,,,0,6.50,8.00,7.50,7.00,N/A,7.25,0,Y,N,Y,,,,
Spelunky,"Platform, Adventure, Indie","Action, Fantasy, Survival","Single Player, Multiplayer, Co-operative",Side View,Digital Download,Drive 4,Unplayed,4.26,94.00,0.32,,,,,,,0,9.00,9.10,8.70,8.70,8.60,8.82,,Y,N,N,,,,
Spelunky 2,"Platform, Adventure, Indie","Action, Fantasy, Science Fiction","Single Player, Multiplayer, Co-operative",Side View,N/A,N/A,N/A,4.75,172.00,1.00,,,,,,,0,10.00,8.70,8.80,8.70,N/A,9.05,,N,N,N,,,,
Spike Volleyball,"Simulator, Sport",,"Single Player, Multiplayer, Split Screen","Third Person, Bird view/Isometric",Digital Download,Drive 1,Unplayed,3.50,???,5.45,,,,,,,0,3.50,N/A,3.70,3.40,N/A,3.53,0,Y,N,N,,,,
Spirit Hunter: Death Mark,"Adventure, Visual Novel","Horror, Survival, Mystery",Single Player,"First Person, Text",N/A,N/A,N/A,2.59,38.78,N/A,,,,,,,0,7.00,7.00,7.25,7.70,8.38,7.47,0,N,N,Y,,,,
Spirit Hunter: NG,"Adventure, Visual Novel","Horror, Mystery",Single Player,"Side View, Text",N/A,N/A,N/A,2.90,25.92,N/A,,,,,,,0,8.30,9.00,8.20,7.30,8.83,8.33,,N,N,N,,,,
Spirit of the North,"Puzzle, Adventure, Indie","Action, Mystery",Single Player,Third Person,Digital Download,Drive 4,Unplayed,2.37,13.78,3.72,,,,,,,0,6.50,7.00,6.20,6.40,N/A,6.53,,Y,N,N,,,,
Spiritfarer,"Platform, Simulator, Adventure, Indie","Action, Fantasy","Single Player, Multiplayer, Co-operative",Side View,Digital Download,Drive 4,Unplayed,2.07,43.00,8.37,,,,,,,0,9.00,8.80,8.70,8.40,N/A,8.73,,Y,N,Y,,,,
Spyro Reignited Trilogy,"Platform, Adventure","Action, Comedy",Single Player,"Third Person, Bird view/Isometric",Digital Download,Drive 3,Unplayed,2.84,70.75,36.23,,,,,,,0,8.50,8.40,8.10,8.20,8.32,8.30,,Y,N,N,"Contains the following:
• Spyro the Dragon
• Spyro: Ripto's Rage
• Spyro: Year of the Dragon",,,
STALKER: Call of Prypiat,"Shooter, Role-playing (RPG)","Action, Horror, Survival","Single Player, Multiplayer",First Person,Digital Download,Drive 3,Unplayed,3.50,31.50,10.61,,,,,,,0,8.20,7.90,N/A,8.00,8.07,8.04,,Y,N,N,,,,
STALKER: Clear Sky,"Shooter, Role-playing (RPG)","Action, Horror, Survival, Stealth, Open World","Single Player, Multiplayer",First Person,Digital Download,Drive 3,Unplayed,3.47,35.50,13.52,,,,,,,0,7.30,8.20,N/A,7.50,7.40,7.60,,Y,N,N,,,,
STALKER: Shadow of Chernobyl,"Shooter, Role-playing (RPG)","Action, Science Fiction, Horror, Survival, Stealth, Sandbox, Open World","Single Player, Multiplayer",First Person,Digital Download,Drive 3,Unplayed,4.00,42.00,12.39,,,,,,,0,8.20,8.00,N/A,8.20,8.27,8.17,,Y,N,N,,,,
Star Ocean First Departure R,"Role-playing (RPG), Adventure","Fantasy, Science Fiction",Single Player,Bird view/Isometric,Digital Download,Drive 2,Unplayed,3.15,71.32,4.54,,,,,,,0,7.00,7.40,7.30,7.30,7.69,7.34,,Y,N,Y,,,,
Star Ocean the Second Story R,"Role-playing (RPG), Adventure","Action, Science Fiction, Kids",Single Player,Third Person,N/A,N/A,N/A,3.18,179.95,15.16,,,,,,,0,8.30,8.30,8.50,8.60,7.87,8.31,0,N,N,N,,,,
Star Ocean Till the End of Time,"Role-playing (RPG), Adventure","Action, Science Fiction",Single Player,Third Person,N/A,N/A,N/A,3.41,670.47,N/A,,,,,,,0,9.00,7.50,7.00,8.00,6.67,7.63,,N,N,N,,,,
Star Ocean: Integrity and Faithlessness,"Role-playing (RPG), Adventure","Action, Fantasy, Science Fiction",Single Player,Third Person,N/A,N/A,N/A,2.89,172.33,N/A,,,,,,,0,5.80,6.00,6.00,5.80,5.84,5.89,0,N,N,Y,,,,
Star Ocean: The Divine Force,"Role-playing (RPG), Adventure","Action, Fantasy, Science Fiction",Single Player,Third Person,Digital Download,Drive 2,Unplayed,2.91,84.00,38.00,,,,,,,0,7.00,6.60,7.10,6.90,N/A,6.90,,Y,N,Y,,,,
Star Ocean: The Last Hope 4K and HD Full Remaster,"Role-playing (RPG), Adventure","Action, Science Fiction",Single Player,Third Person,N/A,N/A,N/A,3.19,468.98,N/A,,,,,,,0,8.00,7.00,7.20,7.20,7.25,7.33,,N,N,Y,,,,
Star Renegades,"Role-playing (RPG), Strategy, Turn-based Strategy (TBS), Indie","Fantasy, Science Fiction",Single Player,Side View,Digital Download,Drive 4,Unplayed,4.14,79.87,3.01,,,,,,,0,7.70,7.50,7.70,7.70,N/A,7.65,,Y,N,Y,,,,
Star Trek: Resurgence,Adventure,"Fantasy, Science Fiction, Stealth",Single Player,Third Person,N/A,N/A,N/A,3.14,17.18,N/A,,,,,,,0,7.00,6.90,7.10,7.10,N/A,7.03,,N,N,N,,,,
Star Wars Battlefront,Shooter,"Action, Science Fiction","Single Player, Multiplayer, Co-operative","First Person, Third Person",Digital Download,Drive 3,Unplayed,2.89,129.63,43.86,,,,,,,0,8.00,6.80,7.10,7.30,7.43,7.33,0,Y,N,N,,,,
Star Wars Battlefront II,"Shooter, Adventure","Action, Fantasy, Science Fiction","Single Player, Multiplayer, Co-operative","First Person, Third Person",Digital Download,Drive 3,Unplayed,2.80,66.00,115.90,,,,,,,0,8.80,7.20,6.80,6.80,6.53,7.23,,Y,N,N,,,,
Star Wars Jedi Knight - Jedi Academy,"Shooter, Adventure","Action, Science Fiction","Single Player, Multiplayer","First Person, Third Person",Digital Download,Drive 3,Unplayed,3.08,21.40,3.10,,,,,,,0,8.00,6.90,6.70,8.10,7.52,7.44,,Y,N,N,,,,
Star Wars Jedi Knight II - Jedi Outcast,"Shooter, Adventure","Action, Science Fiction","Single Player, Multiplayer","First Person, Third Person",Digital Download,Drive 3,Unplayed,3.76,27.40,1.96,,,,,,,0,9.00,7.30,6.20,8.90,7.92,7.86,,Y,N,N,,,,
Star Wars Jedi: Survivor,Adventure,"Action, Fantasy, Science Fiction",Single Player,Third Person,Playstation Plus,Drive 3,Unplayed,4.00,54.50,49.14,,1,,,,,1,9.00,8.50,8.40,8.50,N/A,8.60,0,Y,Y,Y,,,,
Star Wars Republic Commando,"Shooter, Tactical, Adventure","Action, Science Fiction","Single Player, Multiplayer",First Person,Digital Download,Drive 3,Unplayed,3.14,11.00,1.76,,,,,,,0,8.20,8.10,7.00,7.80,8.04,7.83,,Y,N,N,,,,
Star Wars: Dark Forces Remaster,"Shooter, Adventure","Action, Science Fiction",Single Player,First Person,N/A,N/A,N/A,3.00,13.50,1.72,,,,,,,0,5.00,8.20,8.20,7.80,5.96,7.03,,N,N,N,,,,
Star Wars: Squadrons,"Shooter, Simulator","Action, Science Fiction, Warfare","Single Player, Multiplayer, Co-operative","First Person, Virtual Reality",Digital Download,Drive 3,Unplayed,3.66,29.00,23.79,,,,,,,0,8.00,8.10,7.90,7.90,N/A,7.98,0,Y,N,N,,,,
Stardew Valley,"Role-playing (RPG), Simulator, Strategy, Indie","Fantasy, Business, Sandbox, Romance","Single Player, Multiplayer, Co-operative",Bird view/Isometric,Digital Download,Drive 3,Unplayed,2.73,166.00,0.53,,,,,,,0,10.00,9.10,9.00,8.90,N/A,9.25,,Y,N,Y,,,,
Starlight Legacy,"Role-playing (RPG), Turn-based Strategy (TBS), Adventure, Indie","Action, Fantasy",Single Player,Bird view/Isometric,N/A,N/A,N/A,3.00,10.60,N/A,,,,,,,0,8.00,N/A,7.90,8.25,N/A,8.05,,N,N,N,,,,
Starlink: Battle for Atlas,"Shooter, Real Time Strategy (RTS), Role-playing (RPG), Simulator, Strategy, Adventure, Arcade","Action, Science Fiction","Single Player, Multiplayer, Co-operative, Split Screen",Third Person,Playstation Plus,Drive 2,Unplayed,3.08,201.13,25.21,,,,,,,0,7.00,7.60,7.60,7.40,6.97,7.31,,Y,N,Y,,,,
Starsand,"Simulator, Adventure","Action, Survival",Single Player,First Person,Digital Download,Drive 4,Unplayed,4.00,58.35,6.69,,,,,,,0,6.00,7.00,7.20,6.00,N/A,6.55,,Y,N,Y,,,,
Starward Rogue,"Shooter, Role-playing (RPG), Adventure, Indie, Arcade","Action, Science Fiction",Single Player,Bird view/Isometric,Digital Download,Drive 3,Unplayed,4.38,3.00,1.17,,,,,,,0,N/A,8.00,8.00,N/A,N/A,8.00,,Y,N,N,,,,
State of Mind,"Puzzle, Adventure, Indie","Action, Science Fiction, Thriller",Single Player,Third Person,Digital Download,Drive 2,Unplayed,4.00,13.00,13.71,,,,,,,0,6.80,6.90,6.80,6.90,6.79,6.84,,Y,N,N,,,,
Stay Out of the House,"Shooter, Puzzle, Simulator, Adventure, Indie","Action, Horror",Single Player,First Person,N/A,N/A,N/A,4.00,16.80,N/A,,,,,,,0,8.60,9.60,8.40,8.00,N/A,8.65,,N,N,N,,,,
Steamworld Dig,"Platform, Puzzle, Adventure, Indie",Action,Single Player,Side View,Digital Download,Drive 4,Unplayed,2.79,19.37,0.12,,,,,,,0,9.50,8.10,8.20,8.20,8.38,8.48,0,Y,N,Y,,,,
Steamworld Dig 2,"Platform, Puzzle, Adventure, Indie","Action, Science Fiction",Single Player,Side View,Digital Download,Drive 4,Unplayed,3.03,21.72,0.27,,,,,,,0,8.80,8.90,8.80,8.80,8.38,8.74,,Y,N,Y,,,,
Steamworld Heist,"Role-playing (RPG), Strategy, Turn-based Strategy (TBS), Adventure, Indie","Action, Science Fiction",Single Player,Side View,Digital Download,Drive 4,Unplayed,3.95,28.25,0.28,,,,,,,0,8.80,8.80,8.60,8.60,8.50,8.66,0,Y,N,N,,,,
Steamworld Heist II,"Role-playing (RPG), Strategy, Adventure, Indie",Action,Single Player,"Bird view/Isometric, Side View",N/A,N/A,N/A,3.50,49.08,N/A,,,,,,,0,8.00,8.70,8.20,8.00,N/A,8.23,,N,N,N,,,,
Steel Assault,"Platform, Adventure, Indie, Arcade","Action, Fantasy",Single Player,Side View,Digital Download,Drive 4,Unplayed,2.91,3.93,0.47,,,,,,,0,6.40,8.10,7.80,7.50,N/A,7.45,0,Y,N,N,,,,
Steel Rats,"Platform, Racing, Arcade","Action, Science Fiction","Single Player, Multiplayer",Side View,Digital Download,Drive 1,Unplayed,3.00,21.00,5.68,,,,,,,0,4.70,5.50,6.80,6.70,6.94,6.13,0,Y,N,Y,,,,
Steins;Gate 0,"Adventure, Visual Novel","Fantasy, Science Fiction, Historical",Single Player,"First Person, Text",N/A,N/A,N/A,1.70,81.85,N/A,,,,,,,0,8.50,8.70,8.30,8.10,8.03,8.33,,N,N,N,,,,
Steins;Gate Elite,"Role-playing (RPG), Adventure, Visual Novel","Action, Science Fiction",Single Player,Text,N/A,N/A,N/A,1.79,110.88,N/A,,,,,,,0,9.00,8.30,8.60,8.60,8.89,8.68,,N,N,N,,,,
Stellaris: Console Edition,"Real Time Strategy (RTS), Simulator, Strategy","Science Fiction, 4X","Single Player, Multiplayer",Bird view/Isometric,Playstation Plus,Drive 3,Unplayed,3.73,337.00,17.69,,,,,,,0,6.30,7.90,8.10,7.80,7.97,7.61,,Y,N,Y,,,,
Stonefly,"Platform, Role-playing (RPG), Adventure, Indie","Action, Fantasy",Single Player,Bird view/Isometric,Digital Download,Drive 4,Unplayed,3.50,14.72,2.01,,,,,,,0,7.00,6.30,6.50,6.40,N/A,6.55,0,Y,N,Y,,,,
Stories: The Path of Destinies,"Role-playing (RPG), Adventure, Indie","Action, Fantasy",Single Player,Bird view/Isometric,N/A,N/A,N/A,2.57,26.52,4.20,,,,,,,0,7.00,7.10,7.40,7.30,7.57,7.27,,N,N,N,,,,
Story of Seasons: Friends of Mineral Town,"Role-playing (RPG), Simulator, Strategy","Fantasy, Business",Single Player,Bird view/Isometric,Playstation Plus,Drive 4,Unplayed,2.40,444.47,1.03,,,,,,,0,8.10,7.60,7.70,6.83,N/A,7.56,0,Y,N,N,,,,
Stranded Deep,"Simulator, Adventure, Indie","Action, Horror, Survival","Single Player, Multiplayer, Co-operative",First Person,Playstation Plus,Drive 1,Completed,3.48,42.00,2.04,1,,,,,,1,5.60,N/A,6.40,6.50,N/A,6.17,2,Y,N,Y,Buggy;  unplayable in some parts.,,,
Stranded: Alien Dawn,"Simulator, Strategy","Science Fiction, Survival",Single Player,Bird view/Isometric,N/A,N/A,Removed,5.00,27.50,16.29,,,,,,,0,9.00,8.40,8.20,8.10,N/A,8.43,0,N,N,N,Removed from PS+ after download.,,,
Strange Brigade,"Shooter, Puzzle, Adventure","Action, Mystery","Single Player, Multiplayer, Co-operative",Bird view/Isometric,Digital Download,Drive 4,Unplayed,3.83,26.00,35.46,,,,,,,0,7.50,7.30,7.40,7.30,7.40,7.38,0,Y,N,Y,,,,
Stranger of Paradise Final Fantasy Origin,"Role-playing (RPG), Adventure","Action, Fantasy","Single Player, Multiplayer, Co-operative",Third Person,N/A,N/A,Removed,3.53,50.50,39.58,,,,,,,0,8.00,7.20,7.20,7.20,N/A,7.40,0,N,N,Y,Removed from PS+ after download,,,
Streets of Rage 4,"Fighting, Hack and Slash/Beat 'em up, Indie, Arcade",Action,"Single Player, Multiplayer, Co-operative",Side View,Digital Download,Drive 2,Unplayed,3.56,26.00,7.98,,,,,,,0,7.00,8.30,8.40,8.40,N/A,8.03,,Y,N,Y,,,,
Strider,"Platform, Hack and Slash/Beat 'em up, Adventure","Action, Science Fiction",Single Player,Side View,Playstation Plus,Drive 4,Unplayed,3.10,27.63,2.92,,,,,,,0,7.50,7.80,7.70,7.70,7.68,7.68,0,Y,N,Y,,,,
"Stubbs the Zombie in ""Rebel without a Pulse""","Hack and Slash/Beat 'em up, Adventure, Indie","Action, Science Fiction, Horror, Comedy","Single Player, Multiplayer, Co-operative",Third Person,Digital Download,Drive 4,Unplayed,3.17,17.07,7.84,,,,,,,0,7.50,6.30,5.70,7.50,7.59,6.92,,Y,N,N,,,,
Styx: Master of Shadows,"Role-playing (RPG), Strategy, Adventure","Action, Fantasy, Stealth",Single Player,Third Person,N/A,N/A,N/A,3.71,42.00,6.50,,,,,,,0,7.20,7.40,6.80,7.10,6.89,7.08,,N,N,Y,,,,
Styx: Shards of Darkness,"Role-playing (RPG), Adventure","Action, Fantasy, Stealth","Single Player, Multiplayer, Co-operative",Third Person,N/A,N/A,N/A,3.42,44.18,9.53,,,,,,,0,7.80,7.10,7.20,7.20,7.13,7.29,,N,N,Y,,,,
Submerged,"Platform, Puzzle, Adventure, Indie","Fantasy, Horror",Single Player,Third Person,Digital Download,Drive 2,Unplayed,2.06,6.00,1.76,,,,,,,0,6.80,5.70,5.40,5.60,6.03,5.91,,Y,N,N,,,,
Submerged: Hidden Depths,"Adventure, Indie",Kids,Single Player,Third Person,Digital Download,Drive 2,Unplayed,1.33,9.00,6.72,,,,,,,0,7.10,7.40,7.30,7.20,N/A,7.25,,Y,N,N,,,,
Submersed,Indie,"Action, Horror, Survival",Single Player,,Digital Download,Drive 4,Unplayed,2.75,6.33,2.37,,,,,,,0,5.60,6.20,5.75,4.40,4.13,5.22,,Y,N,N,,,,
Succubus,Adventure,"Action, Horror, Erotic",Single Player,First Person,Digital Download,Drive 3,Unplayed,3.10,15.00,33.06,,,,,,,0,4.00,6.00,6.10,6.20,N/A,5.58,,Y,N,N,,,,
Sudden Strike 4,"Real Time Strategy (RTS), Simulator, Strategy","Historical, Warfare","Single Player, Multiplayer, Co-operative",Bird view/Isometric,N/A,N/A,N/A,4.00,60.60,6.50,,,,,,,0,6.70,6.60,6.60,7.00,6.69,6.72,,N,N,N,,,,
Suikoden I&II HD Remaster,"Role-playing (RPG), Strategy, Turn-based Strategy (TBS)","Fantasy, Historical",Single Player,Bird view/Isometric,N/A,N/A,N/A,3.14,91.82,N/A,,,,,,,0,9.00,8.50,8.30,8.10,N/A,8.48,,N,N,Y,,,,
Sundered: Eldritch Edition,"Platform, Role-playing (RPG), Adventure, Indie","Action, Fantasy, Horror","Single Player, Multiplayer, Co-operative",Side View,Digital Download,Drive 1,Unplayed,3.61,40.08,4.94,,,,,,,0,7.80,6.10,8.10,7.40,7.15,7.31,,Y,N,Y,,,,
Sunless Skies: Sovereign Edition,"Role-playing (RPG), Strategy, Adventure",Horror,Single Player,Bird view/Isometric,N/A,N/A,N/A,5.00,183.20,N/A,,,,,,,0,6.30,8.60,8.50,8.70,8.73,8.17,,N,N,N,,,,
Super Box Delivery: Beyond the Horizon,"Racing, Simulator, Arcade",Kids,Single Player,Third Person,Digital Download,Drive 1,Unplayed,3.00,4.12,0.34,,,,,,,0,8.40,8.40,7.10,7.00,N/A,7.73,,Y,N,N,,,,
Super Mega Baseball,"Sport, Indie",Comedy,Single Player,Third Person,N/A,N/A,N/A,3.86,18.12,N/A,,,,,,,0,8.10,8.20,8.00,8.50,8.32,8.22,,N,N,N,,,,
SuperEpic: The Entertainment War,"Platform, Adventure, Indie","Action, Comedy",Single Player,Side View,N/A,N/A,N/A,3.33,15.95,N/A,,,,,,,0,6.80,N/A,7.50,7.60,N/A,7.30,0,N,N,N,,,,
Superliminal,"Puzzle, Adventure, Indie","Action, Comedy, Mystery","Single Player, Multiplayer, Co-operative",First Person,N/A,N/A,N/A,3.64,21.48,4.00,,,,,,,0,7.70,8.00,7.50,7.40,6.98,7.52,,N,N,N,,,,
Supraland,"Platform, Puzzle, Adventure, Indie","Action, Comedy, Open World",Single Player,First Person,N/A,N/A,N/A,3.63,36.67,1.56,,,,,,,0,7.50,8.00,7.70,8.20,N/A,7.85,,N,N,N,,,,
Surviving Mars,"Simulator, Strategy","Science Fiction, Survival",Single Player,Bird view/Isometric,N/A,N/A,Removed,3.13,170.00,11.77,,,,,,,0,7.80,7.40,7.70,7.60,7.30,7.56,,N,N,N,Removed from PS+ after download.,,,
Surviving the Aftermath,"Simulator, Strategy","Survival, Open World",Single Player,Bird view/Isometric,Playstation Plus,Drive 2,Unplayed,3.00,42.03,4.96,,,,,,,0,6.60,5.30,7.10,6.90,N/A,6.48,,Y,N,N,,,,
Sword Art Online Alicization Lycoris,"Role-playing (RPG), Adventure","Action, Fantasy, Science Fiction","Single Player, Co-operative",Third Person,N/A,N/A,N/A,3.06,226.27,N/A,,,,,,,0,5.00,5.70,5.40,5.80,N/A,5.48,0,N,N,Y,,,,
Sword Art Online Last Recollection,"Role-playing (RPG), Adventure",Action,"Single Player, Co-operative",,N/A,N/A,N/A,4.00,73.00,N/A,,,,,,,0,7.20,N/A,6.80,6.50,N/A,6.83,0,N,N,Y,,,,
Sword Art Online Re: Hollow Fragment,Role-playing (RPG),Action,"Single Player, Multiplayer, Co-operative",Third Person,N/A,N/A,N/A,3.12,218.88,N/A,,,,,,,0,5.50,6.90,6.50,6.50,6.41,6.36,0,N,N,Y,,,,
Sword Art Online: Fatal Bullet,"Shooter, Role-playing (RPG)","Action, Fantasy, Science Fiction, Warfare","Single Player, Multiplayer, Co-operative",Third Person,Digital Download,Drive 4,Unplayed,3.01,227.03,33.02,,,,,,,0,5.90,6.10,6.70,6.40,6.20,6.26,0,Y,N,Y,,,,
Sword Art Online: Hollow Realization,"Role-playing (RPG), Adventure","Action, Fantasy","Single Player, Multiplayer, Co-operative",Third Person,N/A,N/A,N/A,2.99,270.15,N/A,,,,,,,0,6.70,6.90,6.80,6.90,6.51,6.76,0,N,N,Y,,,,
Sword Art Online: Lost Song,Role-playing (RPG),"Action, Fantasy","Single Player, Multiplayer, Co-operative",Third Person,N/A,N/A,N/A,2.87,65.02,N/A,,,,,,,0,6.00,6.80,6.40,6.30,6.23,6.35,0,N,N,Y,,,,
Sword of the Vagrant,"Fighting, Platform, Role-playing (RPG), Adventure",Action,Single Player,,Digital Download,Drive 2,Unplayed,3.61,28.50,2.47,,,,,,,0,7.00,5.50,6.00,8.50,N/A,6.75,0,Y,N,Y,,,,
Syberia - The World Before,"Point-and-click, Puzzle, Adventure",Mystery,Single Player,Third Person,Digital Download,Drive 3,Unplayed,4.00,15.50,4.84,,,,,,,0,8.70,8.30,8.00,8.10,N/A,8.28,,Y,N,N,,,,
Syphon Filter,Shooter,"Action, Stealth, Warfare",Single Player,Third Person,Playstation Plus,Drive 3,Unplayed,3.40,14.50,2.99,,,,,,,0,9.50,9.00,6.00,9.00,8.69,8.44,,Y,N,N,,,,
Syphon Filter 2,Shooter,"Action, Stealth, Warfare","Single Player, Multiplayer, Split Screen",Third Person,Playstation Plus,Drive 3,Unplayed,3.86,11.00,6.34,,,,,,,0,8.90,8.00,N/A,N/A,8.15,8.35,,Y,N,N,,,,
Syphon Filter 3,Shooter,"Action, Stealth, Warfare","Single Player, Multiplayer",Third Person,Playstation Plus,Drive 3,Unplayed,3.29,9.50,2.73,,,,,,,0,7.50,7.70,N/A,7.30,7.46,7.49,,Y,N,N,,,,
Syphon Filter: Dark Mirror,Shooter,"Action, Thriller, Stealth","Single Player, Multiplayer",Third Person,Playstation Plus,Drive 3,Unplayed,3.20,15.00,2.69,,,,,,,0,9.30,7.40,N/A,8.70,8.71,8.53,,Y,N,Y,,,,
Syphon Filter: Logan's Shadow,Shooter,"Action, Thriller, Stealth","Single Player, Multiplayer",Third Person,Playstation Plus,Drive 3,Unplayed,3.40,13.00,2.65,,,,,,,0,9.50,7.80,N/A,8.50,8.42,8.55,,Y,N,N,,,,
System Shock,"Shooter, Role-playing (RPG), Adventure","Action, Science Fiction, Horror",Single Player,First Person,N/A,N/A,N/A,3.50,32.00,4.36,,,,,,,0,9.00,8.00,7.70,7.80,8.23,8.15,,N,N,N,,,,
System Shock 2: 25th Anniversary Remaster,"Shooter, Puzzle, Role-playing (RPG), Adventure","Action, Science Fiction, Horror, Survival, Stealth, Open World","Single Player, Multiplayer, Co-operative",First Person,N/A,N/A,N/A,3.00,34.50,N/A,,,,,,,0,9.00,8.80,8.10,8.40,N/A,8.58,,N,N,N,,,,
Tacoma,"Adventure, Indie","Science Fiction, Drama, Mystery",Single Player,First Person,N/A,N/A,N/A,1.30,8.78,N/A,,,,,,,0,8.50,7.80,7.70,7.60,8.13,7.95,,N,N,N,,,,
Tails of Iron,"Platform, Role-playing (RPG), Adventure, Indie","Action, Fantasy",Single Player,Side View,Digital Download,Drive 4,Unplayed,3.67,40.35,1.91,,,,,,,0,7.70,9.00,8.30,8.10,N/A,8.28,0,Y,N,Y,,,,
Tails of Iron 2,"Role-playing (RPG), Adventure, Indie",Action,Single Player,Side View,Digital Download,Drive 4,Unplayed,3.75,18.18,2.73,,,,,,,0,7.60,9.00,8.00,7.70,N/A,8.08,0,Y,N,N,,,,
Tails of Iron 2: Whiskers of Winter,"Role-playing (RPG), Adventure, Indie",Action,Single Player,Side View,N/A,N/A,N/A,N/A,17.27,N/A,,,,,,,0,8.20,9.00,8.00,8.10,N/A,8.33,,N,N,N,,,,
Tales from the Borderlands,"Point-and-click, Puzzle, Adventure","Action, Science Fiction, Comedy",Single Player,Third Person,N/A,N/A,N/A,1.51,14.00,25.06,,,,,,,0,7.00,8.80,8.70,8.50,8.65,8.33,,N,N,N,,,,
Tales of Arise,"Role-playing (RPG), Adventure","Action, Fantasy",Single Player,Third Person,N/A,N/A,Removed,3.09,73.50,58.58,1,,,1,,,2,9.00,8.70,8.70,8.70,N/A,8.78,0,N,Y,Y,Removed from PS+ after download,,,
Tales of Berseria,Role-playing (RPG),"Action, Fantasy, Open World","Single Player, Multiplayer, Co-operative",Third Person,N/A,N/A,N/A,2.95,154.00,12.60,,,,,,,0,8.80,8.20,8.00,7.90,8.05,8.19,,N,N,Y,,,,
Tales of Graces F Remastered,"Role-playing (RPG), Adventure","Action, Fantasy, Science Fiction",Single Player,Third Person,N/A,N/A,N/A,4.60,91.40,N/A,,,,,,,0,8.00,8.00,8.30,8.20,7.88,8.08,0,N,N,N,,,,
Tales of Symphonia Remastered,"Role-playing (RPG), Adventure","Action, Fantasy",Single Player,Third Person,Digital Download,Drive 4,Unplayed,3.21,186.00,10.38,,,,,,,0,8.70,6.10,6.60,6.30,N/A,6.93,0,Y,N,Y,Removed from PS+ after download.,,,
Tales of Vesperia: Definitive Edition,"Role-playing (RPG), Adventure",Action,"Single Player, Multiplayer, Co-operative",Third Person,Digital Download,Drive 4,Unplayed,3.10,41.00,30.98,,,,1,,,1,7.90,8.20,8.30,8.10,8.05,8.11,0,Y,N,Y,Removed from PS+ after download.,,,
Tales of Zestiria,Role-playing (RPG),"Action, Fantasy, Open World","Single Player, Multiplayer",Third Person,Digital Download,Drive 4,Unplayed,3.03,134.00,12.22,,,,,,,0,7.80,7.70,7.10,7.20,7.37,7.43,0,Y,N,Y,Removed from PS+ after download.,,,
Tangle Tower,"Point-and-click, Puzzle, Adventure, Indie, Visual Novel","Comedy, Mystery",Single Player,,Digital Download,Drive 4,Unplayed,2.00,10.60,0.84,,,,,,,0,8.10,8.00,7.90,8.50,N/A,8.13,,Y,N,N,,,,
Tannenberg,"Shooter, Simulator, Strategy, Indie","Action, Historical, Warfare","Single Player, Multiplayer, Co-operative, Massively Multiplayer Online (MMO)",First Person,Digital Download,Drive 4,Unplayed,4.00,23.00,14.44,,,,,,,0,7.80,6.60,6.90,6.90,N/A,7.05,,Y,N,N,,,,
Tanuki Justice,"Platform, Adventure, Indie, Arcade","Action, Fantasy","Single Player, Co-operative",Side View,Digital Download,Drive 1,Unplayed,4.00,5.00,0.04,,,,,,,0,7.00,8.00,7.30,7.20,N/A,7.38,,Y,N,N,,,,
Tchia,"Adventure, Indie","Action, Open World",Single Player,Third Person,N/A,N/A,N/A,2.57,31.25,N/A,,,,,,,0,7.10,8.60,7.80,7.70,N/A,7.80,,N,N,N,,,,
Team Sonic Racing,"Racing, Arcade",Science Fiction,"Single Player, Multiplayer, Co-operative, Split Screen",Third Person,N/A,N/A,N/A,3.24,44.98,N/A,,,,,,,0,8.50,7.10,7.40,7.20,7.25,7.49,,N,N,Y,,,,
Tearaway Unfolded,"Platform, Adventure","Action, Comedy, Kids",Single Player,Third Person,Playstation Plus,Drive 1,Unplayed,2.19,18.00,8.24,1,,,,,,1,7.60,8.60,8.30,8.10,8.16,8.15,0,Y,N,N,,,,
Teenage Mutant Ninja Turtles Arcade: Wrath of the Mutants,"Fighting, Hack and Slash/Beat 'em up, Arcade",Action,"Single Player, Multiplayer, Co-operative",Third Person,N/A,N/A,N/A,1.00,3.63,N/A,,,,,,,0,6.00,6.30,5.20,5.30,N/A,5.70,,N,N,Y,,,,
Teenage Mutant Ninja Turtles: Shredder's Revenge,"Hack and Slash/Beat 'em up, Adventure, Arcade","Action, Science Fiction","Single Player, Multiplayer, Co-operative",Side View,Playstation Plus,N/A,Removed,3.18,20.00,1.90,,,,,,,0,8.00,8.50,8.60,8.50,N/A,8.40,,N,N,Y,Removed from PS+ after download.,,,
Teenage Mutant Ninja Turtles: The Cowabunga Collection,"Fighting, Platform, Hack and Slash/Beat 'em up, Adventure, Arcade","Action, Science Fiction","Single Player, Multiplayer, Co-operative","Bird view/Isometric, Side View",Playstation Plus,Drive 2,Unplayed,3.79,20.67,9.34,,,,,,,0,7.00,7.90,8.10,7.90,N/A,7.73,0,Y,N,Y,,,,
Telling Lies,"Point-and-click, Simulator, Indie","Thriller, Mystery",Single Player,First Person,N/A,N/A,N/A,1.82,9.50,N/A,,,,,,,0,9.00,8.50,7.90,8.40,8.22,8.40,,N,N,N,,,,
Telltale Batman Shadows Edition,"Point-and-click, Adventure","Action, Mystery",Single Player,Third Person,N/A,N/A,N/A,1.47,9.00,7.00,,,,,,,0,7.50,7.90,7.10,7.40,6.92,7.36,,N,N,N,,,,
Terminator 2D: No Fate,"Shooter, Platform, Arcade",Action,Single Player,Side View,N/A,N/A,N/A,4.00,N/A,N/A,,,,,,,0,N/A,N/A,7.60,7.80,N/A,7.70,0,N,N,N,,,,
Terraria,"Platform, Role-playing (RPG), Simulator, Strategy, Adventure, Indie","Action, Fantasy, Science Fiction, Horror, Survival, Sandbox, Open World","Single Player, Multiplayer, Co-operative",Side View,Playstation Plus,Drive 1,Unplayed,3.30,62.00,0.45,,,,,,,0,9.00,8.10,7.90,8.10,8.22,8.26,0,Y,N,N,,,,
TEVI,"Shooter, Platform, Role-playing (RPG), Adventure, Indie","Action, Fantasy",Single Player,Side View,N/A,N/A,N/A,3.17,90.15,N/A,,,,,,,0,8.00,8.00,8.20,8.30,N/A,8.13,,N,N,N,,,,
Thank Goodness You're Here,"Platform, Puzzle, Adventure, Indie","Action, Comedy, Open World",Single Player,Side View,Playstation Plus,Drive 4,Unplayed,1.67,5.63,1.72,,,,,,,0,8.20,9.00,8.50,9.00,N/A,8.68,,Y,N,N,,,,
The Alliance Alive HD Remastered,"Role-playing (RPG), Adventure","Action, Fantasy",Single Player,Third Person,N/A,N/A,N/A,3.00,52.27,5.58,,,,,,,0,7.00,8.40,7.70,7.40,7.93,7.69,,N,N,Y,,,,
The Artful Escape,"Music, Platform, Puzzle, Role-playing (RPG), Adventure, Indie","Action, Science Fiction",Single Player,Side View,N/A,N/A,N/A,2.44,7.63,N/A,,,,,,,0,8.00,8.30,8.00,8.00,N/A,8.08,,N,N,N,,,,
The Backrooms 1998,"Puzzle, Simulator, Adventure, Indie","Action, Horror, Survival","Single Player, Multiplayer, Co-operative",First Person,N/A,N/A,N/A,2.50,2.33,N/A,,,,,,,0,N/A,N/A,5.65,6.00,N/A,5.83,0,N,N,N,,,,
The Bard's Tale IV: Director's Cut,"Role-playing (RPG), Turn-based Strategy (TBS)",Fantasy,Single Player,,Digital Download,Drive 4,Unplayed,3.86,90.63,30.75,,,,,,,0,7.90,5.00,6.50,7.10,7.13,6.73,,Y,N,N,,,,
The Bard's Tale: Remastered and Resnarkled,"Role-playing (RPG), Adventure",Action,Single Player,,Digital Download,Drive 4,Unplayed,3.13,40.78,3.62,,,,,,,0,8.20,7.70,6.70,7.50,7.79,7.58,,Y,N,N,,,,
The Beast Inside,"Adventure, Indie","Action, Horror, Thriller",Single Player,First Person,Digital Download,Drive 3,Unplayed,3.00,12.50,12.10,,,,,,,0,7.30,N/A,6.80,7.40,N/A,7.17,,Y,N,N,,,,
The Bluecoats - North and South,"Shooter, Real Time Strategy (RTS), Strategy, Arcade","Action, Historical","Single Player, Multiplayer, Co-operative",,Digital Download,Drive 2,Unplayed,3.00,3.00,4.47,,,,,,,0,7.00,N/A,5.00,5.50,6.00,5.88,,Y,N,N,,,,
The Bookwalker: Thief of Tales,"Puzzle, Role-playing (RPG), Turn-based Strategy (TBS), Adventure, Indie","Action, Fantasy, Mystery",Single Player,"First Person, Bird view/Isometric",Digital Download,Drive 4,Unplayed,2.00,18.00,8.65,,,,,,,0,7.60,8.00,6.90,8.00,N/A,7.63,,Y,N,N,,,,
The Bridge Curse 2: The Extracation,"Puzzle, Adventure","Action, Horror, Survival",Single Player,First Person,N/A,N/A,N/A,N/A,7.67,N/A,,,,,,,0,8.20,8.00,7.50,7.20,N/A,7.73,,N,N,N,,,,
The Caligula Effect 2,"Role-playing (RPG), Strategy",Science Fiction,Single Player,Third Person,N/A,N/A,N/A,2.72,75.07,7.50,,,,,,,0,6.40,N/A,6.70,6.50,N/A,6.53,,N,N,Y,,,,
The Caligula Effect: Overdose,"Role-playing (RPG), Adventure","Action, Science Fiction",Single Player,Third Person,N/A,N/A,N/A,2.57,90.92,12.71,,,,,,,0,6.70,5.60,6.00,6.40,6.06,6.15,,N,N,Y,,,,
The Callisto Protocol,"Shooter, Adventure","Action, Science Fiction, Horror, Survival",Single Player,Third Person,Digital Download,Drive 4,Unplayed,3.81,16.00,58.43,,,,,,,0,7.00,6.50,6.70,6.90,N/A,6.78,,Y,N,Y,,,,
The Centennial Case: A Shijima Story,Adventure,"Historical, Mystery",Single Player,,N/A,N/A,N/A,2.75,20.55,11.89,,,,,,,0,6.80,8.00,7.30,7.10,N/A,7.30,,N,N,N,,,,
The Coma 2: Vicious Sisters,"Strategy, Adventure, Indie, Visual Novel","Action, Horror, Survival",Single Player,Side View,Digital Download,Drive 4,Unplayed,3.00,13.52,2.22,,,,,,,0,9.20,6.00,7.80,7.40,N/A,7.60,,Y,N,N,,,,
The Complex,Adventure,"Science Fiction, Thriller",Single Player,,N/A,N/A,N/A,1.86,11.47,N/A,,,,,,,0,6.20,7.20,6.00,6.00,N/A,6.35,,N,N,N,,,,
The Council - The Complete Season,"Role-playing (RPG), Adventure","Action, Thriller, Historical, Mystery",Single Player,,Digital Download,Drive 4,Unplayed,2.62,19.00,14.79,,,,,,,0,7.10,7.00,7.50,7.40,7.33,7.27,,Y,N,N,,,,
The Crew 2,Racing,"Action, Open World","Single Player, Multiplayer, Co-operative",Third Person,Playstation Plus,Drive 3,Unplayed,3.22,79.50,63.65,,,,,,,0,7.00,6.20,6.60,6.40,6.39,6.52,,Y,N,N,,,,
The Cub,"Platform, Puzzle, Adventure, Indie, Arcade",Science Fiction,Single Player,Side View,Digital Download,Drive 4,Unplayed,2.00,4.53,3.37,,,,,,,0,7.00,7.50,7.50,7.40,N/A,7.35,,Y,N,N,,,,
The Dark Pictures Anthology: House of Ashes,Adventure,"Horror, Survival, Mystery","Single Player, Multiplayer, Co-operative",Third Person,N/A,N/A,Removed,2.65,16.50,55.56,,,,,,,0,8.00,N/A,7.30,7.10,N/A,7.47,0,N,N,N,Removed from PS+ after download.,,,
The Dark Pictures Anthology: Little Hope,Adventure,"Horror, Survival, Mystery","Single Player, Multiplayer, Co-operative",Third Person,Playstation Plus,Drive 1,Unplayed,2.22,25.00,62.95,,,,,,,0,5.00,7.60,7.40,7.10,N/A,6.78,,Y,N,N,,,,
The Dark Pictures Anthology: Man of Medan,Adventure,"Horror, Survival, Mystery","Single Player, Multiplayer, Co-operative",Third Person,Playstation Plus,Drive 1,Unplayed,2.21,35.32,50.21,,,,,,,0,7.00,7.10,7.10,6.90,7.11,7.04,0,Y,N,N,,,,
The Dark Pictures Anthology: The Devil in Me,Adventure,"Horror, Thriller, Survival","Single Player, Co-operative",Third Person,N/A,N/A,Removed,2.91,23.48,84.38,,,,,,,0,5.00,7.40,7.20,6.90,N/A,6.63,0,N,N,N,Removed from PS+ after download.,,,
The Darkside Detective,"Point-and-click, Puzzle, Adventure, Indie","Comedy, Mystery",Single Player,Third Person,N/A,N/A,N/A,3.50,11.37,0.30,,,,,,,0,7.40,5.50,7.60,7.70,8.13,7.27,,N,N,N,,,,
The Deadly Tower of Monsters,"Shooter, Adventure, Indie","Action, Science Fiction, Comedy","Single Player, Multiplayer, Co-operative",Bird view/Isometric,Digital Download,Drive 4,Unplayed,2.30,14.02,1.92,,,,,,,0,7.10,7.50,7.10,7.20,7.59,7.30,,Y,N,Y,,,,
The DioField Chronicle,"Role-playing (RPG), Simulator, Strategy, Turn-based Strategy (TBS)",Fantasy,Single Player,Third Person,N/A,N/A,N/A,2.83,65.35,22.23,,,,,,,0,7.00,6.60,7.10,7.10,N/A,6.95,,N,N,Y,,,,
The Dungeon of Naheulbeuk: The Amulet of Chaos - Chicken Edition,"Role-playing (RPG), Strategy, Turn-based Strategy (TBS), Tactical, Adventure, Indie","Action, Fantasy, Comedy",Single Player,Bird view/Isometric,Digital Download,Drive 4,Unplayed,3.20,77.18,12.12,,,,,,,0,8.20,9.20,6.80,7.20,N/A,7.85,,Y,N,Y,,,,
The Elder Scrolls IV: Oblivion,"Role-playing (RPG), Adventure","Action, Fantasy, Historical, Sandbox, Open World",Single Player,"First Person, Third Person",PS+ Stream,Online Stream,Unplayed,3.05,332.07,N/A,,,,,,,0,9.30,8.10,N/A,9.40,9.30,9.02,,Y,Y,N,,,,
The Entropy Centre,"Puzzle, Adventure","Science Fiction, Thriller, Mystery",Single Player,First Person,N/A,N/A,N/A,3.00,18.25,6.45,,,,,,,0,7.00,8.40,8.10,8.00,N/A,7.88,,N,N,N,,,,
The Escapists,"Puzzle, Role-playing (RPG), Simulator, Strategy, Tactical, Adventure, Indie","Action, Stealth, Comedy, Sandbox",Single Player,Bird view/Isometric,Digital Download,Drive 3,Unplayed,3.96,50.50,0.32,,,,,,,0,7.60,6.90,7.30,7.40,6.89,7.22,,Y,N,N,,,,
The Escapists 2,"Puzzle, Role-playing (RPG), Simulator, Strategy, Tactical, Adventure, Indie","Action, Stealth, Sandbox","Single Player, Multiplayer, Co-operative",Bird view/Isometric,Digital Download,Drive 3,Unplayed,4.13,60.00,3.58,,,,,,,0,7.10,7.50,7.50,7.50,7.48,7.42,,Y,N,N,,,,
The Eternal Cylinder,Adventure,"Action, Survival, Open World",Single Player,Third Person,N/A,N/A,N/A,3.00,27.95,11.00,,,,,,,0,8.30,7.40,8.10,7.90,N/A,7.93,,N,N,N,,,,
The Evil Within,"Shooter, Puzzle, Adventure","Action, Horror, Survival, Stealth",Single Player,Third Person,Digital Download,Drive 1,Unplayed,3.85,40.50,41.82,,,,,,,0,8.70,7.50,7.30,7.50,7.54,7.71,0,Y,N,Y,,,,
The Evil Within 2,"Shooter, Role-playing (RPG), Adventure","Action, Horror, Survival, Stealth",Single Player,"First Person, Third Person",Playstation Plus,Drive 1,Unplayed,3.14,28.00,31.81,,,,,,,0,8.00,8.10,8.00,7.60,7.58,7.86,0,Y,N,Y,,,,
The Exit 8,"Puzzle, Simulator, Adventure, Indie","Horror, Mystery",Single Player,First Person,Playstation Plus,Drive 4,Unplayed,2.33,2.00,1.18,,,,,,,0,7.20,9.30,6.70,6.90,N/A,7.53,0,Y,N,N,,,,
The Expanse: A Telltale Series,"Role-playing (RPG), Adventure","Action, Science Fiction, Mystery",Single Player,Third Person,N/A,N/A,N/A,3.00,12.43,N/A,,,,,,,0,7.00,8.50,7.50,8.00,N/A,7.75,,N,N,N,,,,
The Expanse: A Telltale Series,"Role-playing (RPG), Adventure","Action, Science Fiction, Mystery",Single Player,Third Person,N/A,N/A,N/A,3.00,12.43,N/A,,,,,,,0,7.00,8.50,7.50,8.00,N/A,7.75,,N,N,N,,,,
The Flame in the Flood,"Simulator, Adventure, Indie","Action, Survival",Single Player,Third Person,Digital Download,Drive 4,Unplayed,4.13,74.62,5.23,,,,,,,0,7.30,8.00,7.50,7.30,7.84,7.59,0,Y,N,N,,,,
The Forest,"Puzzle, Simulator, Adventure, Indie","Action, Horror, Survival, Open World","Single Player, Multiplayer, Co-operative","First Person, Virtual Reality",Digital Download,Drive 3,Unplayed,3.65,58.50,2.29,,,,,,,0,8.40,8.60,8.10,8.30,7.89,8.26,,Y,Y,N,,,,
The Forgotten City,"Role-playing (RPG), Adventure, Indie","Fantasy, Historical, Drama, Mystery",Single Player,First Person,Playstation Plus,Drive 1,Unplayed,3.00,10.50,11.37,,,,,,,0,9.00,9.00,8.40,8.50,N/A,8.73,0,Y,N,N,,,,
The Gardens Between,"Puzzle, Adventure, Indie","Fantasy, Mystery",Single Player,"Third Person, Side View",Playstation Plus,Drive 1,Unplayed,3.27,5.52,3.23,,,,,,,0,7.10,8.10,7.90,7.90,7.46,7.69,,Y,N,N,,,,
The Great Ace Attorney Chronicles,"Puzzle, Adventure, Visual Novel","Historical, Mystery",Single Player,"First Person, Text",N/A,N/A,N/A,2.92,80.00,4.21,,,,,,,0,8.70,8.60,8.50,8.60,N/A,8.60,,N,N,N,,,,
The Hong Kong Massacre,"Fighting, Shooter, Indie, Arcade",Action,Single Player,Bird view/Isometric,Digital Download,Drive 4,Unplayed,4.00,11.00,4.87,,,,,,,0,7.90,5.50,6.50,7.10,6.56,6.71,0,Y,N,N,,,,
The House in Fata Morgana: Dreams of the Revenants Edition,"Indie, Visual Novel","Horror, Thriller, Drama, Mystery",Single Player,Text,Digital Download,Drive 3,Unplayed,1.00,47.50,6.17,,,,,,,0,9.00,8.00,8.90,9.60,N/A,8.88,,Y,N,N,,,,
The House of the Dead 2: Remake,"Shooter, Arcade","Action, Horror, Survival","Single Player, Multiplayer, Co-operative",First Person,N/A,N/A,N/A,3.75,1.50,N/A,,,,,,,0,N/A,7.00,5.60,6.80,N/A,6.47,0,N,N,N,,,,
The House of the Dead Remake,"Shooter, Indie, Arcade","Action, Horror, Survival","Single Player, Co-operative",First Person,Digital Download,Drive 3,Unplayed,3.27,6.00,2.12,,,,,,,0,6.00,6.90,6.10,5.70,N/A,6.18,,Y,N,N,,,,
The Incredible Adventures of Van Helsing: Complete Trilogy,"Role-playing (RPG), Hack and Slash/Beat 'em up, Adventure","Action, Fantasy","Single Player, Multiplayer, Co-operative",Bird view/Isometric,Digital Download,Drive 3,Unplayed,3.33,52.00,37.80,,,,,,,0,7.60,6.50,6.40,7.10,6.08,6.74,0,Y,N,Y,"Contains the following:
• The Incredible Adventures of Van Helsing Extended Edition
• The Incredible Adventures of Van Helsing II
• The Incredible Adventures of Van Helsing III",,,
The Invisible Hours,"Puzzle, Adventure","Thriller, Mystery",Single Player,Virtual Reality,N/A,N/A,N/A,1.50,9.83,N/A,,,,,,,0,5.00,7.30,7.50,7.10,8.38,7.06,,N,N,N,,,,
The Knight Witch,"Shooter, Adventure, Indie, Card & Board Game",Action,Single Player,"Side View, Text",Digital Download,Drive 4,Unplayed,4.33,17.37,4.32,,,,,,,0,7.30,8.00,7.30,7.90,N/A,7.63,,Y,N,Y,,,,
The Last Campfire,"Puzzle, Role-playing (RPG), Adventure, Indie","Action, Fantasy",Single Player,Third Person,Digital Download,Drive 4,Unplayed,2.94,14.18,3.42,,,,,,,0,9.00,8.80,7.90,8.30,N/A,8.50,,Y,N,N,,,,
The Last Faith,"Fighting, Platform, Role-playing (RPG), Hack and Slash/Beat 'em up, Adventure, Indie","Action, Fantasy, Horror, Mystery",Single Player,Side View,N/A,N/A,N/A,4.67,42.00,2.27,,,,,,,0,7.00,7.60,7.40,7.20,N/A,7.30,,N,N,Y,,,,
The Last Guardian,"Platform, Puzzle, Adventure",Action,Single Player,Third Person,Playstation Plus,Drive 1,Unplayed,2.98,25.50,13.77,,,,,,,0,7.00,8.00,8.10,8.20,8.20,7.90,0,Y,N,N,,,,
The Last Hero of Nostalgaia,"Role-playing (RPG), Adventure","Action, Fantasy, Comedy","Single Player, Multiplayer, Co-operative",Third Person,N/A,N/A,N/A,3.00,30.00,N/A,,,,,,,0,7.00,6.80,7.00,7.50,N/A,7.08,,N,N,N,,,,
The Last of Us Left Behind Remastered,"Shooter, Adventure","Action, Horror, Survival",Single Player,Third Person,Playstation Plus,Drive 4,Unplayed,3.00,6.08,14.85,,,,,,,0,9.00,8.70,N/A,8.80,N/A,8.83,0,Y,N,Y,,,,
The Last Remnant Remastered,"Role-playing (RPG), Adventure","Action, Fantasy",Single Player,Third Person,Digital Download,Drive 4,Unplayed,4.02,184.05,12.01,,,,,,,0,8.00,6.20,6.90,7.00,7.14,7.05,0,Y,N,Y,,,,
The Last Stand: Aftermath,"Shooter, Adventure, Indie","Action, Horror, Survival",Single Player,Bird view/Isometric,Digital Download,Drive 4,Unplayed,3.50,45.00,9.27,,,,,,,0,5.70,7.50,7.80,7.30,N/A,7.08,,Y,N,N,,,,
The Legend of Dragoon,Role-playing (RPG),"Action, Fantasy, Historical, Drama",Single Player,Third Person,Playstation Plus,Drive 2,Unplayed,3.06,63.50,9.15,,,,,,,0,7.00,8.40,7.00,7.40,N/A,7.45,,Y,N,Y,,,,
The Legend of Heroes: Trails from Zero,"Role-playing (RPG), Turn-based Strategy (TBS)","Action, Fantasy, Science Fiction, Drama",Single Player,Third Person,N/A,N/A,N/A,2.96,109.22,N/A,,,,,,,0,8.80,8.70,8.30,8.00,N/A,8.45,,N,N,Y,,,,
The Legend of Heroes: Trails into Reverie Deluxe Edition,"Role-playing (RPG), Turn-based Strategy (TBS)","Action, Fantasy, Science Fiction, Drama",Single Player,"Third Person, Virtual Reality",N/A,N/A,N/A,3.11,173.37,N/A,,,,,,,0,8.00,7.20,8.00,8.10,N/A,7.83,,N,N,Y,,,,
The Legend of Heroes: Trails of Cold Steel,"Role-playing (RPG), Turn-based Strategy (TBS)",Fantasy,Single Player,Third Person,N/A,N/A,N/A,2.98,108.00,4.00,,,,,,,0,8.20,8.20,7.90,8.10,8.05,8.09,,N,N,Y,,,,
The Legend of Heroes: Trails of Cold Steel 4,"Role-playing (RPG), Turn-based Strategy (TBS)","Action, Fantasy",Single Player,Third Person,N/A,N/A,N/A,2.95,229.25,N/A,,,,,,,0,8.60,8.30,8.10,8.10,N/A,8.28,0,N,N,Y,,,,
The Legend of Heroes: Trails of Cold Steel II,"Role-playing (RPG), Turn-based Strategy (TBS)",Fantasy,Single Player,Third Person,N/A,N/A,N/A,3.01,150.03,N/A,,,,,,,0,8.30,8.10,8.20,8.00,7.77,8.07,,N,N,Y,,,,
The Legend of Heroes: Trails of Cold Steel III,"Role-playing (RPG), Turn-based Strategy (TBS)","Action, Fantasy",Single Player,Third Person,N/A,N/A,N/A,2.80,186.68,N/A,,,,,,,0,8.50,8.40,8.30,8.20,8.33,8.35,,N,N,Y,,,,
The Legend of Heroes: Trails through Daybreak,"Role-playing (RPG), Turn-based Strategy (TBS)","Action, Fantasy",Single Player,Third Person,N/A,N/A,N/A,2.90,182.75,12.67,,,,,,,0,8.00,8.40,8.50,8.40,N/A,8.33,0,N,N,Y,,,,
The Legend of Heroes: Trails through Daybreak 2,"Role-playing (RPG), Turn-based Strategy (TBS), Adventure","Action, Fantasy, Science Fiction, Drama",Single Player,Third Person,N/A,N/A,N/A,3.00,113.28,N/A,,,,,,,0,7.00,8.20,7.70,7.70,N/A,7.65,,N,N,N,,,,
The Legend of Heroes: Trails to Azure,"Role-playing (RPG), Turn-based Strategy (TBS)","Action, Fantasy, Science Fiction, Drama",Single Player,Third Person,N/A,N/A,N/A,2.97,130.10,N/A,,,,,,,0,9.00,8.30,8.30,8.10,N/A,8.43,0,N,N,Y,,,,
The Legend of Nayuta: Boundless Trails,"Role-playing (RPG), Adventure","Action, Fantasy",Single Player,Third Person,N/A,N/A,N/A,2.96,52.15,N/A,,,,,,,0,7.40,8.10,7.90,7.50,N/A,7.73,,N,N,Y,,,,
The Legend of Tian Ding,"Fighting, Platform, Role-playing (RPG), Hack and Slash/Beat 'em up, Adventure, Indie, Arcade","Action, Fantasy, Historical, Drama",Single Player,Side View,N/A,N/A,N/A,3.50,16.97,N/A,,,,,,,0,7.10,8.40,8.10,8.10,N/A,7.93,0,N,N,N,,,,
The Life and Suffering of Sir Brante,"Role-playing (RPG), Simulator, Strategy, Adventure, Indie, Visual Novel",Fantasy,Single Player,First Person,N/A,N/A,N/A,2.00,32.00,5.01,,,,,,,0,7.30,8.50,8.30,8.20,N/A,8.08,,N,N,N,,,,
The Magic Circle: Gold Edition,"Simulator, Strategy, Adventure, Indie","Science Fiction, Comedy, Sandbox",Single Player,First Person,N/A,N/A,N/A,2.33,10.67,N/A,,,,,,,0,7.80,8.40,7.30,7.90,7.42,7.76,,N,N,N,,,,
The Medium,Adventure,"Action, Horror, Thriller, Mystery",Single Player,Third Person,N/A,N/A,N/A,2.92,10.00,26.09,,,,,,,0,8.00,7.50,7.50,7.10,N/A,7.53,,N,N,N,PS5 only,,,
The Messenger,"Platform, Adventure, Indie, Arcade","Action, Comedy",Single Player,Side View,Digital Download,Drive 4,Unplayed,3.47,29.92,0.70,,,,,,,0,8.00,8.70,8.60,8.60,8.33,8.45,,Y,N,Y,,,,
The Mortuary Assistant,"Puzzle, Simulator, Adventure, Indie","Horror, Thriller, Mystery",Single Player,First Person,N/A,N/A,N/A,3.13,31.02,N/A,,,,,,,0,7.60,7.50,7.50,7.50,N/A,7.53,,N,N,N,,,,
The Mummy Demastered,"Shooter, Platform, Puzzle, Adventure","Action, Fantasy, Science Fiction",Single Player,Side View,N/A,N/A,N/A,3.67,10.52,N/A,,,,,,,0,7.20,7.40,7.50,7.50,7.51,7.42,,N,N,Y,,,,
The Ninja Saviors: Return of the Warriors,"Fighting, Hack and Slash/Beat 'em up, Arcade",Action,"Single Player, Multiplayer, Co-operative, Split Screen",Side View,N/A,N/A,N/A,3.64,6.50,N/A,,,,,,,0,7.90,7.40,7.80,7.90,7.70,7.74,,N,N,Y,,,,
The Occupation,"Adventure, Indie","Thriller, Stealth, Mystery",Single Player,First Person,N/A,N/A,N/A,3.67,14.00,N/A,,,,,,,0,5.90,7.00,6.70,6.30,6.62,6.50,,N,N,N,,,,
The Order: 1886,"Shooter, Adventure","Action, Fantasy, Horror, Historical","Single Player, Multiplayer",Third Person,Digital Download,Drive 4,Unplayed,2.53,10.50,31.64,1,,,,,,1,6.50,6.30,6.20,6.30,6.27,6.31,0,Y,N,N,,,,
The Outer Worlds,"Shooter, Role-playing (RPG), Adventure","Action, Science Fiction, Open World",Single Player,First Person,Digital Download,Drive 3,Unplayed,2.76,39.50,48.39,1,,,,,,1,7.00,8.60,8.30,8.50,8.75,8.23,0,Y,Y,Y,,,,
The Park,Adventure,"Horror, Mystery",Single Player,First Person,Digital Download,Drive 1,Unplayed,1.72,3.50,5.46,,,,,,,0,7.00,6.60,6.70,6.70,5.53,6.51,,Y,N,N,,,,
The Pathless,"Role-playing (RPG), Adventure, Indie","Action, Fantasy, Open World, Mystery",Single Player,Third Person,N/A,N/A,N/A,2.83,13.00,4.33,,,,,,,0,8.00,8.10,7.80,7.70,N/A,7.90,,N,N,N,,,,
The Pedestrian,"Platform, Puzzle, Adventure, Indie",,Single Player,Side View,Playstation Plus,Drive 1,Unplayed,3.00,8.12,2.72,,,,,,,0,7.20,7.30,7.90,8.10,N/A,7.63,,Y,N,N,,,,
The Persistence,"Adventure, Indie","Action, Science Fiction, Horror, Survival",Single Player,"First Person, Virtual Reality",N/A,N/A,N/A,3.00,29.90,N/A,,,,,,,0,7.30,7.70,7.40,7.50,7.79,7.54,0,N,N,Y,,,,
The Princess Guide,"Role-playing (RPG), Strategy",Action,Single Player,Bird view/Isometric,Digital Download,Drive 4,Unplayed,2.60,8.62,1.61,,,,,,,0,4.00,5.50,6.00,5.70,5.69,5.38,,Y,N,Y,,,,
The Quiet Man,Hack and Slash/Beat 'em up,Action,Single Player,Third Person,Digital Download,Drive 2,Unplayed,2.61,6.42,38.25,,,,,,,0,5.50,3.10,2.90,2.80,N/A,3.58,0,Y,N,N,,,,
The Sexy Brutale,"Puzzle, Adventure, Indie",Mystery,Single Player,Bird view/Isometric,N/A,N/A,N/A,2.71,14.95,N/A,,,,,,,0,8.20,8.00,8.10,8.30,7.93,8.11,,N,N,N,,,,
The Sinking City,"Shooter, Puzzle, Role-playing (RPG), Adventure","Action, Horror, Open World, Mystery",Single Player,Third Person,Digital Download,Drive 2,Unplayed,3.21,33.00,13.25,,,,,,,0,7.80,7.00,6.90,7.10,6.57,7.07,,Y,N,Y,,,,
The Sly Collection,"Platform, Adventure","Action, Stealth","Single Player, Co-operative, Split Screen",Third Person,PS+ Stream,Online Stream,Unplayed,2.81,68.65,N/A,,,,,,,0,8.50,8.10,N/A,8.50,8.74,8.46,0,Y,N,N,"Contains the following:
• Sly Cooper and the Thievus Raccoonus
• Sly 2: Band of Thieves
• Sly 3: Honor Among Thieves",,,
The Stanley Parable: Ultra Deluxe,"Simulator, Adventure","Comedy, Mystery",Single Player,First Person,Playstation Plus,Drive 3,Unplayed,2.78,11.00,5.41,,,,,,,0,8.80,8.30,9.00,9.00,N/A,8.78,,Y,N,N,,,,
The Suicide of Rachel Foster,"Adventure, Indie","Horror, Mystery",Single Player,First Person,N/A,N/A,N/A,2.17,7.20,8.56,,,,,,,0,6.80,6.50,6.80,6.30,N/A,6.60,0,N,N,N,,,,
The Surge,"Role-playing (RPG), Adventure","Action, Science Fiction",Single Player,Third Person,Playstation Plus,Drive 1,Unplayed,3.97,48.50,9.99,,,,,,,0,7.50,7.20,7.30,7.30,7.22,7.30,0,Y,N,Y,,,,
The Surge 2,"Role-playing (RPG), Adventure","Action, Science Fiction",Single Player,Third Person,Playstation Plus,Drive 1,Unplayed,3.74,37.50,10.38,,,,,,,0,7.60,7.40,7.70,7.50,7.39,7.52,0,Y,N,Y,,,,
The Survivalists,"Role-playing (RPG), Simulator, Strategy, Adventure, Indie",Action,"Single Player, Multiplayer, Co-operative",,Digital Download,Drive 3,Unplayed,3.17,47.00,0.66,,,,,,,0,7.20,6.00,7.20,7.60,N/A,7.00,,Y,N,N,,,,
The Swapper,"Platform, Puzzle, Strategy, Adventure, Indie","Action, Science Fiction, Mystery",Single Player,Side View,Digital Download,Drive 1,Unplayed,3.25,13.20,0.43,,,,,,,0,9.30,8.80,8.50,8.70,8.24,8.71,,Y,N,N,,,,
The Swords of Ditto,"Role-playing (RPG), Adventure, Arcade",Action,"Single Player, Co-operative",Bird view/Isometric,Digital Download,Drive 4,Unplayed,3.33,41.62,1.98,,,,,,,0,6.60,7.00,8.50,7.60,7.50,7.44,0,Y,N,Y,,,,
The Talos Principle,"Puzzle, Adventure, Indie","Action, Science Fiction",Single Player,"First Person, Third Person",Digital Download,Drive 4,Unplayed,3.74,60.88,4.83,,,,,,,0,8.30,8.70,8.70,8.50,8.81,8.60,0,Y,N,N,,,,
The Technomancer,"Role-playing (RPG), Adventure","Action, Science Fiction",Single Player,Third Person,Playstation Plus,Drive 2,Unplayed,3.35,46.00,7.83,,,,,,,0,5.70,6.20,5.80,6.00,6.01,5.94,,Y,N,Y,,,,
The Tomorrow Children: Phoenix Edition,"Strategy, Adventure, Indie","Action, Science Fiction, Sandbox, Open World",,,N/A,N/A,N/A,3.44,27.00,N/A,,,,,,,0,5.20,4.90,6.50,6.20,5.39,5.64,,N,N,N,,,,
The Touryst,"Platform, Puzzle, Adventure, Indie, Arcade","Action, Sandbox, Open World",Single Player,Bird view/Isometric,N/A,N/A,N/A,3.00,12.22,N/A,,,,,,,0,7.30,8.30,7.90,7.90,N/A,7.85,,N,N,Y,,,,
The Town of Light,"Adventure, Indie","Action, Horror, Drama, Open World, Mystery",Single Player,"First Person, Virtual Reality",Digital Download,Drive 4,Unplayed,1.59,8.58,13.53,,,,,,,0,6.60,5.80,6.30,6.70,6.53,6.39,,Y,N,N,,,,
The Turing Test,"Puzzle, Adventure",Science Fiction,Single Player,First Person,N/A,N/A,N/A,2.93,13.12,N/A,,,,,,,0,7.00,7.60,7.80,7.40,7.38,7.44,0,N,N,N,,,,
The Unfinished Swan,"Puzzle, Adventure",Fantasy,Single Player,First Person,N/A,N/A,N/A,2.01,6.25,N/A,,,,,,,0,9.00,7.70,8.00,7.90,8.83,8.29,,N,N,N,,,,
The Vanishing of Ethan Carter,"Puzzle, Adventure, Indie","Horror, Thriller, Mystery",Single Player,First Person,Digital Download,Drive 3,Completed,2.72,4.50,4.91,,,,,,,0,8.50,8.20,7.90,8.20,8.24,8.21,3,Y,N,N,,,,
The Walking Dead: A New Frontier,"Point-and-click, Adventure","Action, Horror, Thriller, Survival, Drama",Single Player,Third Person,N/A,N/A,N/A,1.39,12.98,15.74,,,,,,,0,7.30,7.50,7.10,6.90,7.83,7.33,,N,N,N,,,,
The Walking Dead: A Telltale Games Series - The Complete First Season,Adventure,"Action, Horror",Single Player,Third Person,Digital Download,Drive 3,Unplayed,1.54,13.50,48.25,,,,,,,0,9.30,8.40,8.50,8.20,8.39,8.56,,Y,N,N,,,,
The Walking Dead: Saints and Sinners,"Role-playing (RPG), Simulator, Strategy, Adventure, Indie","Action, Horror, Survival",Single Player,First Person,N/A,N/A,N/A,3.50,33.78,19.00,,,,,,,0,9.00,8.40,8.30,8.10,N/A,8.45,,N,N,N,,,,
The Warriors,"Fighting, Hack and Slash/Beat 'em up","Action, Stealth","Single Player, Split Screen",Third Person,Digital Download,Drive 3,Unplayed,3.11,16.00,3.10,,,,,,,0,8.70,8.20,7.50,8.50,8.33,8.25,,Y,N,N,,,,
The Wild at Heart,"Puzzle, Strategy, Adventure, Indie","Action, Kids",Single Player,Bird view/Isometric,N/A,N/A,N/A,2.67,39.22,N/A,,,,,,,0,7.60,8.30,8.00,7.60,N/A,7.88,,N,N,Y,,,,
The Wild Eight,"Role-playing (RPG), Simulator, Adventure, Indie","Action, Science Fiction, Horror, Survival, Mystery","Single Player, Multiplayer, Co-operative",Bird view/Isometric,Digital Download,Drive 1,Unplayed,3.33,41.60,2.37,,,,,,,0,8.70,7.00,7.20,6.30,N/A,7.30,,Y,N,N,,,,
The Witch and the Hundred Knight 2,"Role-playing (RPG), Hack and Slash/Beat 'em up","Action, Fantasy",Single Player,Bird view/Isometric,Digital Download,Drive 3,Unplayed,3.56,69.45,3.79,,,,,,,0,7.60,6.30,6.10,6.10,5.50,6.32,0,Y,N,Y,,,,
The Witch and the Hundred Knight: Revival Edition,Role-playing (RPG),Action,Single Player,Bird view/Isometric,Playstation Plus,Drive 1,Unplayed,3.37,111.82,3.32,,,,,,,0,5.80,5.90,6.40,6.30,6.24,6.13,0,Y,N,Y,,,,
The Witness,"Puzzle, Adventure, Indie","Science Fiction, Open World, Mystery",Single Player,First Person,N/A,N/A,N/A,4.04,39.00,3.75,,,,,,,0,10.00,8.80,8.60,8.70,8.53,8.93,,N,N,N,,,,
The Wolf Among Us,"Point-and-click, Adventure","Action, Fantasy, Thriller, Drama, Mystery",Single Player,"Third Person, Bird view/Isometric",Digital Download,Drive 4,Unplayed,1.61,11.00,4.81,,,,,,,0,8.40,8.00,8.00,8.00,8.17,8.11,,Y,N,N,,,,
theHunter: Call of the Wild,"Shooter, Simulator, Sport, Strategy, Adventure",Action,"Single Player, Multiplayer, Co-operative",First Person,Digital Download,Drive 3,Unplayed,2.96,163.00,66.88,,,,,,,0,7.40,7.40,6.80,6.40,7.13,7.03,,Y,N,N,,,,
They Always Run,"Fighting, Platform, Hack and Slash/Beat 'em up, Adventure, Indie, Arcade","Action, Science Fiction",Single Player,Side View,Digital Download,Drive 4,Unplayed,2.67,9.22,2.31,,,,,,,0,8.00,8.60,7.50,7.30,N/A,7.85,,Y,N,N,,,,
They Are Billions,"Real Time Strategy (RTS), Role-playing (RPG), Strategy, Indie","Science Fiction, Survival",Single Player,Bird view/Isometric,N/A,N/A,N/A,4.25,161.00,1.00,,,,,,,0,7.30,7.60,7.50,7.20,7.14,7.35,,N,N,Y,,,,
Thief,"Shooter, Adventure","Action, Stealth, Sandbox",Single Player,First Person,Playstation Plus,Drive 2,Unplayed,3.03,45.00,20.46,,,,,,,0,6.80,6.40,6.50,6.70,6.66,6.61,,Y,N,N,,,,
Thimbleweed Park,"Point-and-click, Puzzle, Adventure, Indie","Comedy, Mystery",Single Player,Side View,N/A,N/A,N/A,3.78,23.48,2.00,,,,,,,0,8.50,8.30,8.30,8.40,8.33,8.37,,N,N,N,,,,
This Bed We Made,"Adventure, Indie","Historical, Drama",Single Player,Third Person,N/A,N/A,N/A,2.00,11.82,N/A,,,,,,,0,7.50,8.20,8.40,8.60,N/A,8.18,0,N,N,N,,,,
This is the Police,"Simulator, Strategy, Adventure, Indie","Action, Drama",Single Player,"Bird view/Isometric, Text",Digital Download,Drive 1,Unplayed,3.53,53.60,2.13,,,,,,,0,6.90,6.10,6.40,6.60,6.45,6.49,,Y,N,N,,,,
This War of Mine: The Little Ones,"Simulator, Strategy, Adventure, Indie","Action, Horror, Survival, Stealth, Drama, Warfare",Single Player,Side View,Digital Download,Drive 2,Unplayed,3.85,22.00,1.30,,,,,,,0,7.70,8.20,7.90,6.70,7.53,7.61,,Y,N,Y,,,,
Those Who Remain,"Adventure, Indie","Action, Horror, Thriller, Mystery",Single Player,First Person,Digital Download,Drive 4,Unplayed,3.00,19.15,8.53,,,,,,,0,6.00,5.50,5.10,4.90,N/A,5.38,,Y,N,N,,,,
Through the Nightmares,"Platform, Puzzle, Adventure, Indie",Action,Single Player,"Side View, Third Person",N/A,N/A,N/A,N/A,10.00,N/A,,,,,,,0,9.00,N/A,7.00,7.80,N/A,7.93,,N,N,N,,,,
Thumper,"Music, Adventure, Indie, Arcade","Action, Horror, Thriller",Single Player,"Third Person, Virtual Reality",Digital Download,Drive 3,Unplayed,4.02,18.00,2.07,,,,,,,0,9.00,8.40,8.40,8.40,8.54,8.55,,Y,N,N,,,,
Time Crisis,"Shooter, Arcade",Action,Single Player,First Person,N/A,N/A,N/A,3.45,4.65,N/A,,,,,,,0,8.00,7.40,N/A,N/A,8.55,7.98,0,N,N,N,,,,
Time Splitters,Shooter,"Fantasy, Science Fiction, Horror, Historical, Warfare","Single Player, Co-operative, Split Screen",First Person,Playstation Plus,Drive 2,Unplayed,3.33,20.00,1.01,,,,,,,0,8.60,8.00,N/A,8.10,8.44,8.29,,Y,N,Y,,,,
Time Splitters 2,Shooter,"Fantasy, Science Fiction, Horror, Historical, Comedy, Warfare","Single Player, Multiplayer, Co-operative, Split Screen",First Person,Playstation Plus,Drive 2,Unplayed,3.00,33.00,4.91,,,,,,,0,9.10,9.50,N/A,9.00,9.17,9.19,,Y,N,Y,,,,
Time Splitters: Future Perfect,Shooter,"Science Fiction, Horror, Comedy, Warfare","Single Player, Multiplayer, Co-operative, Split Screen",First Person,Playstation Plus,Drive 2,Unplayed,3.00,36.00,7.02,,,,,,,0,9.00,8.00,N/A,8.30,8.57,8.47,,Y,N,Y,,,,
Timespinner,"Platform, Role-playing (RPG), Adventure, Indie","Action, Fantasy","Single Player, Co-operative",Side View,N/A,N/A,N/A,3.13,17.12,N/A,,,,,,,0,7.70,8.00,8.00,8.40,8.29,8.08,,N,N,N,,,,
Timespinner,"Platform, Role-playing (RPG), Adventure, Indie","Action, Fantasy","Single Player, Co-operative",Side View,N/A,N/A,N/A,3.13,17.10,N/A,,,,,,,0,7.70,8.00,8.00,8.40,8.29,8.08,,N,N,N,,,,
Tin Can,"Simulator, Strategy, Indie","Science Fiction, Survival",Single Player,First Person,Digital Download,Drive 3,Unplayed,N/A,4.50,2.26,,,,,,,0,N/A,N/A,7.50,6.30,N/A,6.90,,Y,N,N,,,,
Tinykin,"Platform, Puzzle, Adventure, Indie, Arcade","Action, Science Fiction",Single Player,Third Person,Digital Download,Drive 4,Unplayed,1.33,16.35,5.43,,,,,,,0,8.00,8.30,8.20,7.80,N/A,8.08,0,Y,N,N,,,,
Titan Quest,"Role-playing (RPG), Hack and Slash/Beat 'em up","Action, Fantasy","Single Player, Multiplayer, Co-operative",Bird view/Isometric,Digital Download,Drive 4,Unplayed,3.76,108.25,23.89,,,,,,,0,8.10,7.70,6.40,7.70,6.44,7.27,,Y,N,Y,,,,
Titan Souls,"Role-playing (RPG), Adventure, Indie","Action, Fantasy, Thriller, Survival",Single Player,Bird view/Isometric,N/A,N/A,N/A,4.30,15.07,0.17,,,,,,,0,8.00,7.20,7.50,7.40,7.35,7.49,,N,N,N,,,,
Titanfall 2,"Shooter, Adventure","Action, Science Fiction","Single Player, Multiplayer, Co-operative",First Person,Digital Download,Drive 3,Unplayed,3.00,16.00,55.21,1,,,,,1,2,9.00,8.90,8.70,8.90,8.91,8.88,0,Y,N,N,,,,
Toby: The Secret Mine,"Platform, Puzzle, Adventure, Indie",Action,Single Player,Side View,N/A,N/A,N/A,3.43,4.38,N/A,,,,,,,0,5.90,5.90,5.20,6.20,3.88,5.42,,N,N,N,,,,
ToeJam and Earl: Back in the Groove,"Music, Adventure, Indie","Action, Fantasy, Science Fiction, Comedy","Single Player, Multiplayer, Co-operative, Split Screen",Bird view/Isometric,N/A,N/A,N/A,2.74,42.00,N/A,,,,,,,0,7.20,7.00,7.20,7.50,7.13,7.21,,N,N,N,,,,
Tokyo 42,"Shooter, Adventure, Indie","Action, Science Fiction, Stealth","Single Player, Multiplayer",Bird view/Isometric,N/A,N/A,N/A,4.00,25.15,0.68,,,,,,,0,6.50,6.90,6.80,7.00,7.36,6.91,,N,N,N,,,,
Tokyo Xanadu eX+,"Role-playing (RPG), Hack and Slash/Beat 'em up","Action, Fantasy",Single Player,Third Person,N/A,N/A,N/A,3.01,158.65,N/A,,,,,,,0,7.80,7.70,7.30,7.50,7.23,7.51,,N,N,Y,,,,
Tom Clancy's Ghost Recon Breakpoint ,"Shooter, Tactical, Adventure","Action, Stealth, Open World, Warfare","Single Player, Multiplayer, Co-operative",Third Person,Playstation Plus,Drive 3,Unplayed,2.94,102.00,49.92,,,,,,,0,6.00,5.30,5.70,5.60,5.70,5.66,,Y,N,N,,,,
Tom Clancy's Ghost Recon Wildlands,"Shooter, Tactical, Adventure","Action, Stealth, Open World","Single Player, Multiplayer, Co-operative","First Person, Third Person",Playstation Plus,Drive 3,Unplayed,3.03,84.00,71.54,,,,,,,0,7.90,7.30,7.20,7.00,7.15,7.31,,Y,N,Y,,,,
Tom Clancy's The Division,"Shooter, Role-playing (RPG), Strategy, Tactical, Adventure","Action, Science Fiction, Survival, Sandbox, Open World, Warfare","Single Player, Multiplayer, Co-operative, Massively Multiplayer Online (MMO)",Third Person,Playstation Plus,Drive 3,Unplayed,3.07,83.00,54.78,,,,,,,0,6.70,8.00,7.90,8.00,7.99,7.72,0,Y,N,N,,,,
Tom Clancy's The Division 2,"Shooter, Role-playing (RPG), Tactical, Adventure","Action, Science Fiction, Open World","Single Player, Multiplayer, Co-operative, Massively Multiplayer Online (MMO)",Third Person,Playstation Plus,Drive 3,Unplayed,3.20,95.50,121.90,1,,,,,,1,8.50,8.50,8.30,8.20,8.16,8.33,0,Y,Y,N,,,,
Tomb Raider: Definitive Edition,"Shooter, Platform, Puzzle, Adventure","Survival, Stealth, Action","Single Player, Multiplayer",Third Person,Playstation Plus,Drive 1,Unplayed,2.93,21.00,15.56,1,,,,,,1,9.10,8.90,8.50,8.50,8.55,8.71,0,Y,N,Y,,,,
Tony Hawk's Pro Skater 1 + 2,"Simulator, Sport","Action, Sandbox","Single Player, Multiplayer",Third Person,N/A,N/A,N/A,3.19,34.00,25.00,,,,,,,0,9.00,8.90,8.90,8.90,N/A,8.93,,N,N,Y,,,,
Tooth and Tail,"Real Time Strategy (RTS), Strategy, Indie, Arcade","Action, Fantasy, Warfare, Party","Single Player, Multiplayer, Split Screen",Bird view/Isometric,N/A,N/A,N/A,4.00,22.68,N/A,,,,,,,0,6.30,8.20,8.00,8.00,7.94,7.69,,N,N,N,,,,
Torchlight II,"Role-playing (RPG), Hack and Slash/Beat 'em up, Adventure, Indie","Action, Fantasy","Single Player, Multiplayer, Co-operative",Bird view/Isometric,Digital Download,Drive 4,Unplayed,2.69,77.00,2.03,,,,,,,0,9.10,8.60,8.30,8.80,8.38,8.64,,Y,N,Y,,,,
Tormented Souls,"Shooter, Puzzle, Adventure, Indie","Action, Horror, Thriller, Survival, Mystery",Single Player,Third Person,Digital Download,Drive 4,Unplayed,3.71,18.68,16.76,,,,,,,0,7.70,8.20,7.40,7.20,N/A,7.63,0,Y,N,Y,,,,
Touhou Genso Wanderer,"Role-playing (RPG), Adventure, Indie","Action, Fantasy",Single Player,Bird view/Isometric,N/A,N/A,N/A,3.84,268.68,N/A,,,,,,,0,8.00,7.80,7.10,7.00,7.02,7.38,,N,N,Y,,,,
Touhou Luna Nights,"Platform, Hack and Slash/Beat 'em up, Adventure, Indie","Action, Fantasy",Single Player,Side View,N/A,N/A,N/A,4.50,15.58,N/A,,,,,,,0,8.30,8.80,8.29,7.75,N/A,8.28,,N,N,N,,,,
Touhou: Scarlet Curiosity,"Platform, Role-playing (RPG), Adventure, Indie","Action, Fantasy",Single Player,"Third Person, Bird view/Isometric",N/A,N/A,N/A,2.60,10.63,N/A,,,,,,,0,3.50,5.90,6.00,5.80,5.90,5.42,0,N,N,Y,,,,
Toukiden 2,Role-playing (RPG),"Action, Fantasy, Historical","Single Player, Multiplayer, Co-operative",Third Person,Playstation Plus,Drive 1,Unplayed,2.95,69.00,15.77,,,,,,,0,8.10,7.50,7.60,7.70,7.73,7.73,0,Y,N,Y,,,,
Toukiden: Kiwami,Role-playing (RPG),"Action, Fantasy, Historical","Single Player, Multiplayer, Co-operative",Third Person,N/A,N/A,Removed,3.02,123.00,19.70,,,,,,,0,7.00,8.10,7.70,7.40,7.69,7.58,0,N,N,Y,Removed from PS+ after download.,,,
Towerfall Ascension,"Platform, Indie","Action, Fantasy","Single Player, Multiplayer, Co-operative",Side View,N/A,N/A,N/A,3.97,76.22,N/A,,,,,,,0,8.90,8.70,8.40,8.70,8.76,8.69,,N,N,Y,,,,
Trackmania Turbo,"Racing, Arcade",Action,"Single Player, Multiplayer, Co-operative, Split Screen, Massively Multiplayer Online (MMO)","First Person, Third Person, Virtual Reality",Playstation Plus,Drive 4,Unplayed,3.88,213.33,4.27,,,,,,,0,8.40,8.00,7.80,8.10,8.05,8.07,,Y,N,N,,,,
Transformers: Battlegrounds,"Strategy, Arcade","Action, Kids","Single Player, Co-operative",Bird view/Isometric,N/A,N/A,N/A,3.80,18.73,N/A,,,,,,,0,6.30,7.40,6.80,7.10,N/A,6.90,,N,N,Y,,,,
Transistor,"Role-playing (RPG), Strategy, Turn-based Strategy (TBS), Adventure, Indie","Action, Science Fiction",Single Player,"Bird view/Isometric, Side View",Digital Download,Drive 4,Unplayed,3.11,16.00,2.73,,,,,,,0,9.00,8.50,8.60,8.30,8.45,8.57,,Y,N,N,,,,
Trek to Yomi,"Hack and Slash/Beat 'em up, Adventure, Indie","Action, Historical, Drama",Single Player,"Third Person, Side View",Digital Download,Drive 4,Unplayed,3.19,17.75,12.93,,,,,,,0,7.00,6.80,7.20,7.10,N/A,7.03,0,Y,N,Y,,,,
Trials of Mana,"Role-playing (RPG), Adventure","Action, Fantasy",Single Player,Third Person,N/A,N/A,Removed,2.67,43.50,15.69,,,,,,,0,8.00,7.80,7.50,7.60,N/A,7.73,0,N,N,Y,Removed from PS+ after download.,,,
Tribes of Midgard,"Fighting, Role-playing (RPG), Adventure, Indie","Action, Survival","Single Player, Multiplayer, Co-operative",Bird view/Isometric,N/A,N/A,N/A,3.57,82.63,N/A,,,,,,,0,7.00,7.80,7.50,7.30,N/A,7.40,,N,N,N,,,,
Trine 2: Complete Story,"Platform, Puzzle, Adventure, Indie","Action, Fantasy","Single Player, Multiplayer, Co-operative",Side View,Digital Download,Drive 1,Unplayed,3.08,60.45,2.74,,,,,,,0,9.00,9.30,8.70,8.40,8.63,8.81,,Y,N,N,,,,
Trine 3: The Artifacts of Power,"Platform, Puzzle, Adventure, Indie",Action,"Single Player, Multiplayer, Co-operative",Side View,Digital Download,Drive 1,Unplayed,2.10,17.00,2.40,,,,,,,0,6.70,6.20,6.70,6.80,6.68,6.62,0,Y,N,N,,,,
Trine 4: The Nightmare Prince,"Platform, Puzzle, Adventure, Indie","Action, Fantasy","Single Player, Multiplayer, Co-operative, Split Screen",Side View,Playstation Plus,Drive 1,Unplayed,2.73,15.50,6.61,,,,,,,0,8.50,7.80,8.00,8.00,8.16,8.09,0,Y,N,N,,,,
Trine 5: A Clockwork Conspiracy,"Platform, Puzzle, Role-playing (RPG), Adventure, Indie","Action, Fantasy, Kids","Single Player, Multiplayer, Co-operative",Side View,N/A,N/A,N/A,3.00,44.87,7.45,,,,,,,0,8.00,8.40,7.70,7.80,N/A,7.98,,N,N,N,,,,
Trine Enchanted Edition,"Platform, Puzzle, Role-playing (RPG), Adventure, Indie","Action, Fantasy","Single Player, Multiplayer, Co-operative",Side View,Digital Download,Drive 1,Unplayed,2.63,24.38,1.31,,,,,,,0,7.40,9.20,8.10,8.00,7.67,8.07,,Y,N,N,,,,
Trinity Fusion,"Fighting, Platform, Role-playing (RPG), Indie","Action, Science Fiction",Single Player,Side View,Digital Download,Drive 4,Unplayed,3.00,13.20,9.19,,,,,,,0,8.30,8.50,7.70,7.50,N/A,8.00,,Y,N,Y,,,,
Trinity Trigger,"Role-playing (RPG), Adventure","Action, Fantasy","Single Player, Multiplayer, Co-operative",Bird view/Isometric,N/A,N/A,N/A,3.38,39.12,N/A,,,,,,,0,7.40,8.00,7.10,7.30,N/A,7.45,,N,N,Y,,,,
Tropico 5,"Role-playing (RPG), Simulator, Strategy","Historical, Comedy, Sandbox","Single Player, Multiplayer, Co-operative",Bird view/Isometric,Playstation Plus,Drive 1,Unplayed,3.29,138.18,2.66,,,,,,,0,7.20,7.20,7.60,7.50,7.63,7.43,,Y,N,N,,,,
TSUKIHIME - A Piece of Blue Glass Moon,"Adventure, Visual Novel","Horror, Drama",Single Player,Text,N/A,N/A,N/A,3.00,92.47,N/A,,,,,,,0,8.40,9.50,9.30,9.00,N/A,9.05,,N,N,N,,,,
Turbo Overkill,"Shooter, Indie","Action, Science Fiction",Single Player,First Person,N/A,N/A,N/A,3.33,26.22,N/A,,,,,,,0,8.30,8.50,8.90,8.70,N/A,8.60,,N,N,N,,,,
Turok Trilogy Bundle,"Shooter, Adventure",Action,"Single Player, Multiplayer",,N/A,N/A,N/A,3.20,46.00,N/A,,,,,,,0,7.60,7.70,7.20,6.70,6.87,7.21,0,N,N,N,"Contains the following:
• Turok: Dinosaur Hunter
• Turok 2: Seeds of Evil
• Turok 3: Shadow of Oblivion",,,
Twelve Minutes,"Point-and-click, Puzzle, Adventure, Indie","Action, Thriller, Mystery",Single Player,Bird view/Isometric,N/A,N/A,N/A,4.00,11.98,N/A,,,,,,,0,8.00,7.90,7.40,7.60,N/A,7.73,,N,N,N,,,,
Twin Mirror,Adventure,"Action, Thriller, Drama, Mystery",Single Player,Third Person,N/A,N/A,N/A,2.38,12.00,14.57,,,,,,,0,5.00,5.70,6.10,6.50,N/A,5.83,,N,N,N,,,,
Twisted Metal,"Shooter, Racing","Action, Thriller, Survival, Comedy","Single Player, Multiplayer, Split Screen",Bird view/Isometric,Playstation Plus,Drive 3,Unplayed,3.73,24.50,0.57,,,,,,,0,9.00,8.10,N/A,7.60,7.64,8.08,,Y,N,N,,,,
Twisted Metal 2,"Fighting, Shooter, Racing","Action, Horror, Thriller, Survival, Comedy","Single Player, Multiplayer",Third Person,Playstation Plus,Drive 3,Unplayed,3.63,19.50,1.32,,,,,,,0,6.00,7.30,N/A,N/A,8.64,7.31,,Y,N,N,,,,
Ultra Age,"Hack and Slash/Beat 'em up, Adventure, Indie","Action, Science Fiction",Single Player,Third Person,Digital Download,Drive 4,Unplayed,3.33,10.00,10.34,,,,,,,0,7.10,5.50,6.90,6.70,N/A,6.55,,Y,N,Y,,,,
Ultros,"Platform, Indie","Action, Science Fiction, Mystery",Single Player,Side View,Playstation Plus,Drive 4,Unplayed,4.50,41.25,8.05,,,,,,,0,7.10,7.80,7.90,8.10,N/A,7.73,,Y,N,N,,,,
Umbraclaw,"Platform, Adventure",Action,Single Player,Side View,N/A,N/A,N/A,4.00,18.67,N/A,,,,,,,0,7.00,N/A,7.10,6.80,N/A,6.97,,N,N,N,,,,
Umbrella Corps,"Shooter, Strategy","Action, Science Fiction, Horror","Single Player, Multiplayer","First Person, Third Person",Digital Download,Drive 1,Unplayed,3.30,12.80,6.46,,,,,,,0,3.80,4.00,3.60,3.80,3.85,3.81,,Y,N,N,,,,
Umihara Kawase Fresh!,"Platform, Adventure",Action,Single Player,Third Person,N/A,N/A,N/A,3.67,32.75,N/A,,,,,,,0,8.60,8.00,7.33,6.40,7.75,7.62,,N,N,Y,,,,
Uncharted: The Nathan Drake Collection,"Shooter, Platform, Adventure","Action, Fantasy, Historical","Single Player, Multiplayer, Co-operative",Third Person,Playstation Plus,Drive 1,Unplayed,3.13,113.00,42.35,,,,,,,0,9.00,8.50,8.60,8.60,8.67,8.67,,Y,N,Y,"Contains the following:
• Uncharted 2: Among Thieves Remastered
• Uncharted 3: Drake's Deception Remastered
• Uncharted: Drake's Fortune Remastered",,,
Under the Waves,"Adventure, Indie","Action, Science Fiction",Single Player,Third Person,Playstation Plus,Drive 4,Unplayed,3.25,17.25,8.74,,,,,,,0,7.00,7.00,7.20,7.00,N/A,7.05,,Y,N,N,,,,
Undernauts: Labyrinth of Yomi,"Role-playing (RPG), Strategy, Adventure",Fantasy,Single Player,First Person,N/A,N/A,N/A,3.11,65.12,1.70,,,,,,,0,8.50,8.80,8.50,8.50,N/A,8.58,,N,N,Y,,,,
Undertale,"Puzzle, Role-playing (RPG), Turn-based Strategy (TBS), Adventure, Indie","Fantasy, Horror, Comedy, Drama",Single Player,Bird view/Isometric,Playstation Plus,Drive 1,Unplayed,3.02,20.50,0.35,,,,,,1,1,10.00,9.50,9.30,9.20,9.13,9.43,0,Y,N,Y,,,,
Unicorn Overlord,"Real Time Strategy (RTS), Role-playing (RPG), Strategy","Fantasy, Warfare",Single Player,"Bird view/Isometric, Side View",Playstation Plus,Drive 4,Unplayed,3.50,75.00,7.39,,,,,,,0,9.00,8.60,8.80,8.60,N/A,8.75,,Y,N,Y,,,,
Unknown 9: Awakening,Adventure,Action,Single Player,Third Person,N/A,N/A,N/A,3.00,16.30,N/A,,,,,,,0,5.00,6.30,6.20,5.90,N/A,5.85,0,N,N,Y,,,,
Unravel Yarny Bundle,"Platform, Puzzle, Adventure","Action, Kids","Single Player, Co-operative","Third Person, Side View",N/A,N/A,N/A,3.00,10.00,3.50,,,,,,,0,8.40,8.10,7.80,7.70,7.81,7.96,0,N,N,N,,,,
Unsighted,"Shooter, Platform, Role-playing (RPG), Hack and Slash/Beat 'em up, Adventure, Indie","Action, Science Fiction","Single Player, Multiplayer, Co-operative",Bird view/Isometric,N/A,N/A,N/A,3.43,48.50,N/A,,,,,,,0,8.40,8.30,8.50,8.40,N/A,8.40,,N,N,N,,,,
Untitled Goose Game,"Puzzle, Simulator, Adventure, Indie","Action, Stealth, Comedy, Sandbox, Kids","Single Player, Multiplayer, Co-operative, Split Screen",Bird view/Isometric,Playstation Plus,Drive 1,Unplayed,2.45,14.22,1.73,,,,,,,0,8.00,8.20,8.00,8.10,8.46,8.15,,Y,N,N,,,,
Utawarerumono: Prelude to the Fallen,"Role-playing (RPG), Strategy, Turn-based Strategy (TBS), Tactical, Visual Novel","Action, Fantasy, Drama, Warfare",Single Player,"Bird view/Isometric, Text",N/A,N/A,N/A,2.79,73.92,N/A,,,,,,,0,7.70,7.10,7.80,7.60,N/A,7.55,,N,N,Y,,,,
Utawarerumono: ZAN,"Role-playing (RPG), Hack and Slash/Beat 'em up, Adventure","Action, Fantasy","Single Player, Multiplayer, Co-operative",Third Person,N/A,N/A,N/A,2.86,27.80,N/A,,,,,,,0,N/A,5.90,6.00,5.90,5.93,5.93,,N,N,Y,,,,
Vagrus: The Riven Realms,"Role-playing (RPG), Strategy, Turn-based Strategy (TBS), Adventure, Indie","Fantasy, Open World",Single Player,"Side View, Text",N/A,N/A,N/A,4.00,311.00,N/A,,,,,,,0,8.00,7.00,7.70,6.30,N/A,7.25,,N,N,N,,,,
Valfaris,"Shooter, Platform, Indie, Arcade","Action, Science Fiction, Horror",Single Player,Side View,Digital Download,Drive 4,Unplayed,3.40,17.20,1.64,,,,,,,0,7.20,8.50,8.10,7.90,7.63,7.87,,Y,N,N,,,,
Valiant Hearts: The Great War,"Platform, Puzzle, Adventure","Historical, Educational, Warfare",Single Player,Side View,Playstation Plus,Drive 2,Unplayed,2.09,9.00,1.28,,,,,,,0,7.70,7.60,8.00,7.70,8.12,7.82,,Y,N,N,,,,
Valkyria Chronicles 4,"Role-playing (RPG), Simulator, Strategy, Turn-based Strategy (TBS), Tactical","Action, Fantasy, Historical, Warfare",Single Player,"Third Person, Bird view/Isometric",Digital Download,Drive 2,Unplayed,3.31,72.00,28.95,,,,,,,0,8.70,8.40,8.40,8.50,8.48,8.50,,Y,N,Y,,,,
Valkyria Chronicles Remastered,"Role-playing (RPG), Strategy, Turn-based Strategy (TBS), Tactical","Action, Fantasy, Drama, Warfare",Single Player,Third Person,Digital Download,Drive 2,Unplayed,3.34,59.00,28.96,,,,,,,0,9.00,8.50,8.60,8.40,8.66,8.63,,Y,N,Y,,,,
Valkyrie Elysium,"Hack and Slash/Beat 'em up, Role-playing (RPG)","Action, Fantasy",Single Player,Third Person,N/A,N/A,N/A,3.27,29.00,25.00,,,,,,,0,6.00,6.50,6.60,6.50,N/A,6.40,,N,N,Y,,,,
Valkyrie Profile: Lenneth,"Platform, Role-playing (RPG), Simulator",Fantasy,Single Player,Side View,N/A,N/A,N/A,3.75,80.65,N/A,,,,,,,0,8.50,8.50,8.40,8.00,8.06,8.29,,N,N,Y,,,,
Valley,"Platform, Puzzle, Adventure, Indie","Action, Science Fiction, Thriller",Single Player,First Person,Digital Download,Drive 1,Unplayed,3.06,15.38,8.26,,,,,,,0,5.00,6.80,7.10,7.20,7.47,6.71,,Y,N,N,,,,
Vampire Hunters,"Shooter, Indie, Arcade",Action,Single Player,First Person,Digital Download,Drive 3,Unplayed,4.00,19.33,5.32,,,,,,,0,9.00,N/A,7.63,8.00,N/A,8.21,0,Y,N,Y,,,,
Vampire Survivors,"Role-playing (RPG), Adventure, Indie, Arcade","Action, Fantasy, Survival","Single Player, Multiplayer, Co-operative, Split Screen",Bird view/Isometric,Digital Download,Drive 3,Unplayed,2.50,121.80,1.34,,,,,,,0,8.00,9.10,8.80,8.60,N/A,8.63,0,Y,N,Y,,,,
Vampire: The Masquerade - Swansong,"Role-playing (RPG), Simulator, Adventure","Thriller, Mystery",Single Player,,N/A,N/A,Removed,3.00,27.00,25.74,,,,,,,0,5.00,6.30,6.70,6.60,N/A,6.15,,N,N,N,Removed from PS+ after download.,,,
Vampyr,"Role-playing (RPG), Adventure","Action, Horror",Single Player,Third Person,Playstation Plus,Drive 1,In-Progress,3.18,41.50,22.62,,,,,,,0,7.00,6.80,7.20,7.00,6.95,6.99,3,Y,Y,Y,,,,
Vane,"Puzzle, Adventure, Indie","Action, Fantasy, Historical, Open World",Single Player,Third Person,N/A,N/A,N/A,2.33,5.00,2.51,,,,,,,0,3.80,4.80,5.10,4.90,6.00,4.92,,N,N,N,,,,
Vanquish,"Shooter, Adventure","Action, Science Fiction",Single Player,Third Person,Digital Download,Drive 3,Unplayed,3.58,17.00,18.61,,,,,,,0,8.50,8.10,7.90,8.40,8.34,8.25,,Y,N,Y,,,,
Velocity 2X: Critical Mass Edition,"Shooter, Platform, Puzzle, Arcade","Action, Science Fiction",Single Player,"Bird view/Isometric, Side View",N/A,N/A,N/A,3.56,9.12,N/A,,,,,,,0,9.00,8.10,8.50,8.60,8.75,8.59,,N,N,N,,,,
Vengeful Guardians: Moonrider,"Platform, Hack and Slash/Beat 'em up, Adventure, Indie, Arcade","Action, Science Fiction",Single Player,Side View,N/A,N/A,N/A,3.25,14.27,N/A,,,,,,,0,8.00,7.80,7.90,7.70,N/A,7.85,,N,N,N,,,,
Venture to the Vile,"Platform, Adventure, Indie",Action,Single Player,Side View,N/A,N/A,N/A,N/A,19.15,N/A,,,,,,,0,5.00,7.00,8.00,7.60,N/A,6.90,0,N,N,N,,,,
Vernal Edge,"Platform, Adventure, Indie","Action, Fantasy",Single Player,Side View,N/A,N/A,N/A,4.00,22.98,N/A,,,,,,,0,7.00,8.50,8.80,7.60,N/A,7.98,,N,N,Y,,,,
Victor Vran,"Role-playing (RPG), Hack and Slash/Beat 'em up, Adventure, Indie","Action, Fantasy, Historical","Single Player, Multiplayer, Co-operative",Bird view/Isometric,N/A,N/A,N/A,3.84,86.82,4.99,,,,,,,0,7.00,7.20,7.50,7.60,7.69,7.40,0,N,N,N,,,,
Viewfinder,"Platform, Puzzle, Adventure, Indie",Science Fiction,Single Player,First Person,Playstation Plus,Drive 4,Unplayed,2.80,9.33,14.04,,,,,,,0,8.00,8.90,8.30,8.40,N/A,8.40,0,Y,N,N,,,,
Vikings: Wolves of Midgard,"Role-playing (RPG), Hack and Slash/Beat 'em up","Action, Fantasy","Single Player, Multiplayer, Co-operative",Bird view/Isometric,Playstation Plus,Drive 2,Unplayed,3.17,36.00,9.86,,,,,,,0,6.60,6.80,6.70,6.60,6.44,6.63,,Y,N,Y,,,,
Virginia,"Indie, Adventure, Visual Novel","Thriller, Drama, Mystery",Single Player,First Person,Digital Download,Drive 2,Unplayed,1.48,4.00,8.11,,,,,,,0,8.50,6.80,7.30,7.40,7.49,7.50,,Y,N,N,,,,
Virgo Versus the Zodiac,"Role-playing (RPG), Turn-based Strategy (TBS), Indie","Action, Fantasy, Science Fiction",Single Player,Side View,N/A,N/A,N/A,3.00,34.02,N/A,,,,,,,0,8.00,7.00,7.80,8.00,N/A,7.70,,N,N,N,,,,
Visage,"Puzzle, Simulator, Adventure, Indie","Action, Horror",Single Player,First Person,N/A,N/A,N/A,4.36,14.00,9.04,,,,,,,0,8.00,8.70,7.80,8.10,N/A,8.15,,N,N,N,,,,
Visions of Mana,"Role-playing (RPG), Adventure","Action, Fantasy",Single Player,Third Person,N/A,N/A,N/A,3.33,56.00,20.00,,,,,,,0,8.00,7.60,7.70,7.50,N/A,7.70,,N,N,Y,,,,
Void Bastards,"Shooter, Strategy, Arcade","Action, Science Fiction",Single Player,First Person,N/A,N/A,N/A,4.50,29.00,2.00,,,,,,,0,7.50,8.10,8.10,8.10,7.83,7.93,,N,N,N,,,,
"Walden, A Game","Role-playing (RPG), Simulator, Adventure, Indie","Historical, Educational, Kids, Open World",Single Player,First Person,N/A,N/A,N/A,2.00,8.82,N/A,,,,,,,0,8.00,7.00,4.20,4.60,N/A,5.95,,N,N,N,,,,
Wallachia: Reign of Dracula,"Shooter, Platform, Adventure, Indie, Arcade","Action, Fantasy",Single Player,Side View,Digital Download,Drive 1,Unplayed,3.00,8.75,0.16,,,,,,,0,7.00,8.00,6.50,6.80,N/A,7.08,,Y,N,N,,,,
Wanderstop,"Simulator, Adventure, Indie","Fantasy, Business",Single Player,Third Person,N/A,N/A,N/A,N/A,17.22,N/A,,,,,,,0,9.00,8.40,8.00,8.00,N/A,8.35,,N,N,N,,,,
Wanted: Dead,"Shooter, Hack and Slash/Beat 'em up, Adventure","Action, Science Fiction",Single Player,Third Person,N/A,N/A,N/A,4.30,16.00,20.43,,,,,,,0,4.00,6.40,5.90,5.80,N/A,5.53,0,N,N,Y,,,,
War of the Monsters,Fighting,"Action, Science Fiction, Open World","Single Player, Split Screen",Third Person,Playstation Plus,Drive 3,Unplayed,3.33,8.00,0.71,,,,,,,0,8.90,8.00,N/A,8.00,7.90,8.20,,Y,N,N,,,,
Warhammer 40000 : Inquisitor - Martyr,"Role-playing (RPG), Adventure, Indie","Action, Science Fiction","Single Player, Multiplayer, Co-operative",Bird view/Isometric,Playstation Plus,Drive 3,Unplayed,3.11,103.00,48.22,,,,,,,0,6.00,6.20,6.60,6.70,6.48,6.40,,Y,N,N,,,,
Warhammer: Vermintide 2,"Shooter, Role-playing (RPG), Adventure, Indie",Action,"Single Player, Multiplayer, Co-operative",First Person,Playstation Plus,Drive 3,Unplayed,3.75,25.00,98.27,,,,,,,0,8.00,8.10,8.30,8.20,8.54,8.23,,Y,N,N,,,,
Warriors All-Stars,Hack and Slash/Beat 'em up,"Action, Fantasy, Historical","Single Player, Multiplayer",Third Person,N/A,N/A,N/A,2.94,74.47,N/A,,,,,,,0,6.50,7.20,7.00,7.00,6.95,6.93,,N,N,Y,,,,
Wasteland 2: Director's Cut,"Role-playing (RPG), Simulator, Strategy, Turn-based Strategy (TBS), Adventure, Indie",Science Fiction,Single Player,Bird view/Isometric,N/A,N/A,N/A,3.82,150.18,N/A,,,,,,,0,8.40,8.00,8.10,8.00,8.10,8.12,,N,N,N,,,,
Wasteland 3,"Role-playing (RPG), Strategy, Turn-based Strategy (TBS), Tactical, Adventure","Action, Science Fiction, Survival","Single Player, Multiplayer, Co-operative",Bird view/Isometric,Digital Download,Drive 3,Unplayed,3.50,73.00,27.64,,,,,,,0,8.00,8.70,8.60,8.50,N/A,8.45,,Y,N,Y,,,,
Watch Dogs,"Shooter, Adventure","Action, Science Fiction, Stealth, Sandbox, Open World","Single Player, Multiplayer, Co-operative",Third Person,Playstation Plus,Drive 1,Unplayed,2.93,62.50,16.08,1,,,,,,1,8.40,8.10,7.90,8.00,8.11,8.10,0,Y,N,N,,,,
Watch Dogs 2,"Shooter, Adventure","Action, Science Fiction, Stealth, Sandbox, Open World","Single Player, Multiplayer, Co-operative",Third Person,Playstation Plus,Drive 1,Unplayed,2.93,46.50,33.59,,,1,,,,1,8.50,8.10,8.20,8.20,8.31,8.26,0,Y,N,Y,,,,
Wattam,"Adventure, Indie",Action,"Single Player, Multiplayer, Co-operative",Third Person,N/A,N/A,N/A,1.33,9.23,N/A,,,,,,,0,8.00,7.70,7.40,7.20,N/A,7.58,,N,N,N,,,,
Wavetale,"Platform, Adventure",Action,Single Player,Third Person,Digital Download,Drive 3,Unplayed,3.00,7.00,4.74,,,,,,,0,7.50,7.80,7.50,7.60,N/A,7.60,,Y,N,N,,,,
We Happy Few,"Shooter, Adventure, Indie","Action, Fantasy, Horror, Survival, Historical, Stealth, Open World",Single Player,First Person,N/A,N/A,N/A,3.55,107.75,9.28,,,,,,,0,7.30,6.30,6.30,6.20,6.30,6.48,,N,N,Y,,,,
We. The Revolution,"Point-and-click, Puzzle, Role-playing (RPG), Simulator, Strategy, Adventure, Indie",Historical,Single Player,,Digital Download,Drive 4,Unplayed,4.50,26.02,4.29,,,,,,,0,6.10,7.40,7.50,7.50,N/A,7.13,,Y,N,N,,,,
Weed Drug Empire,,,,,N/A,N/A,N/A,N/A,N/A,N/A,,,,,,,0,N/A,N/A,N/A,N/A,N/A,#DIV/0!,,N,N,N,,,,
Weird West,"Role-playing (RPG), Simulator, Adventure, Indie","Action, Fantasy",Single Player,Bird view/Isometric,Digital Download,Drive 3,Unplayed,3.47,36.50,4.60,,,,,,,0,8.00,6.80,7.50,7.60,N/A,7.48,,Y,N,Y,,,,
Welcome to Hanwell,"Fighting, Shooter, Adventure, Indie","Action, Horror, Open World",Single Player,,N/A,N/A,N/A,3.00,9.17,N/A,,,,,,,0,N/A,5.00,6.50,N/A,N/A,5.75,0,N,N,N,,,,
Welcome to Hanwell,"Fighting, Shooter, Adventure, Indie","Action, Horror, Open World",Single Player,,N/A,N/A,N/A,3.00,8.92,N/A,,,,,,,0,6.00,5.00,6.50,7.00,N/A,6.13,,N,N,N,,,,
Werewolf: The Apocalypse - Earthblood,"Fighting, Role-playing (RPG), Adventure","Action, Fantasy, Stealth",Single Player,Third Person,Playstation Plus,Drive 1,Unplayed,2.79,14.50,15.00,,,,,,,0,4.00,5.20,5.30,5.40,N/A,4.98,,Y,N,Y,,,,
West of Dead,"Shooter, Tactical, Adventure, Indie, Arcade",Action,Single Player,Bird view/Isometric,Playstation Plus,Drive 3,Unplayed,4.17,36.70,1.20,,,,,,,0,6.20,7.40,7.10,6.90,N/A,6.90,0,Y,N,Y,,,,
Where the Heart Leads,"Simulator, Adventure, Indie",Drama,Single Player,Third Person,N/A,N/A,N/A,3.00,14.65,N/A,,,,,,,0,6.00,7.90,7.50,6.80,N/A,7.05,,N,N,N,,,,
Where the Water Tastes Like Wine,"Puzzle, Role-playing (RPG), Adventure, Indie",Historical,Single Player,"First Person, Third Person",Digital Download,Drive 1,Unplayed,1.00,22.00,1.65,,,,,,,0,6.20,7.00,7.20,7.40,7.32,7.02,,Y,N,N,,,,
White Day: A Labyrinth Named School,"Adventure, Indie","Action, Horror, Survival, Stealth",Single Player,"First Person, Virtual Reality",Digital Download,Drive 4,Unplayed,3.83,19.40,8.87,,,,,,,0,7.20,7.20,6.90,6.70,6.92,6.98,,Y,N,N,,,,
Wild Arms,Role-playing (RPG),"Fantasy, Science Fiction",Single Player,Bird view/Isometric,Playstation Plus,Drive 3,Unplayed,3.10,37.50,2.73,,,,,,,0,8.00,8.00,8.00,N/A,7.89,7.97,,Y,N,Y,,,,
Wild Arms 2,"Puzzle, Role-playing (RPG)","Fantasy, Science Fiction",Single Player,Third Person,Playstation Plus,Drive 3,Unplayed,3.00,98.00,0.77,,,,,,,0,6.00,7.40,N/A,N/A,6.77,6.72,,Y,N,Y,,,,
Wild Arms 3,"Role-playing (RPG), Sport",Fantasy,Single Player,Third Person,Playstation Plus,Drive 3,Unplayed,3.08,78.50,2.29,,,,,,,0,7.90,7.00,N/A,7.80,7.76,7.61,,Y,N,N,,,,
Windbound,"Role-playing (RPG), Adventure, Indie","Action, Survival",Single Player,"Third Person, Bird view/Isometric",Digital Download,Drive 2,Unplayed,4.67,17.00,2.04,,,,,,,0,5.00,5.80,6.50,6.40,N/A,5.93,,Y,N,N,,,,
Wings of Endless,"Platform, Role-playing (RPG), Adventure, Indie, Arcade","Action, Fantasy",Single Player,Side View,N/A,N/A,N/A,N/A,22.50,N/A,,,,,,,0,4.00,N/A,7.20,7.50,N/A,6.23,,N,N,N,,,,
Wipeout Omega Collection,Racing,"Action, Science Fiction","Single Player, Multiplayer, Split Screen","Third Person, Virtual Reality",Playstation Plus,Drive 4,Unplayed,3.89,38.23,30.27,,,,,,,0,7.30,8.80,8.50,8.50,8.65,8.35,,Y,N,Y,,,,
Wizard of Legend,"Role-playing (RPG), Hack and Slash/Beat 'em up, Adventure, Indie, Arcade","Action, Fantasy","Single Player, Multiplayer, Co-operative",Bird view/Isometric,Digital Download,Drive 4,Unplayed,4.32,57.65,1.22,,,,,,,0,7.20,7.40,7.70,7.60,7.38,7.46,,Y,N,Y,,,,
Wizardry: Proving Grounds of the Mad Overlord,"Role-playing (RPG), Adventure","Action, Fantasy",Single Player,First Person,N/A,N/A,N/A,3.50,41.50,N/A,,,,,,,0,9.00,7.00,7.50,7.30,N/A,7.70,0,N,N,Y,,,,
Wolcen: Lords of Mayhem,"Role-playing (RPG), Hack and Slash/Beat 'em up, Adventure, Indie","Action, Fantasy, Horror, Historical, Open World","Single Player, Multiplayer, Co-operative",Bird view/Isometric,N/A,N/A,N/A,2.95,100.30,N/A,,,,,,,0,5.00,5.80,5.90,6.00,N/A,5.68,0,N,N,Y,,,,
Wolfenstein II: The New Colossus,"Shooter, Adventure","Action, Fantasy, Science Fiction, Historical",Single Player,First Person,Playstation Plus,Drive 1,Unplayed,3.72,33.00,58.83,1,,,,,,1,9.10,8.70,8.70,8.70,8.75,8.79,0,Y,N,N,,,,
Wolfenstein Youngblood,"Shooter, Adventure","Action, Science Fiction","Single Player, Multiplayer, Co-operative",First Person,Playstation Plus,Drive 1,Unplayed,2.82,32.00,43.47,,,,,,,0,6.50,7.10,6.70,6.90,6.01,6.64,0,Y,N,Y,,,,
Wolfenstein: The New Order,"Shooter, Adventure","Action, Fantasy, Science Fiction, Historical, Stealth, Warfare",Single Player,First Person,Playstation Plus,Drive 1,Unplayed,3.11,24.50,51.85,1,,,,,,1,7.80,7.70,8.10,7.90,8.10,7.92,0,Y,N,N,,,,
Wolfenstein: The Old Blood,"Shooter, Adventure","Action, Fantasy, Science Fiction, Horror, Historical, Stealth",Single Player,First Person,Playstation Plus,Drive 1,Unplayed,3.15,44.43,39.03,,,,,,,0,7.00,7.60,7.80,7.60,7.71,7.54,0,Y,N,N,,,,
Wonder Boy Anniversary Collection,"Platform, Arcade",Action,,,N/A,N/A,N/A,4.00,N/A,N/A,,,,,,,0,7.50,7.20,7.30,7.20,N/A,7.30,,N,N,N,,,,
Woodle Tree Adventure Deluxe,"Platform, Adventure, Indie","Action, Kids","Single Player, Multiplayer, Co-operative",Third Person,Playstation Plus,Drive 4,Unplayed,1.43,5.65,0.32,,,,,,,0,4.00,4.30,3.80,2.80,3.33,3.65,0,Y,N,N,,,,
World of Final Fantasy,"Role-playing (RPG), Tactical, Adventure",Fantasy,Single Player,Third Person,Digital Download,Drive 1,Unplayed,2.83,106.77,13.24,,,,,,,0,7.00,7.60,7.80,7.70,7.92,7.60,,Y,N,Y,,,,
World of Horror,"Point-and-click, Role-playing (RPG), Turn-based Strategy (TBS), Adventure, Indie","Horror, Survival, Mystery",Single Player,Text,N/A,N/A,N/A,3.43,57.85,N/A,,,,,,,0,7.90,8.80,7.90,7.70,N/A,8.08,,N,N,N,,,,
World to the West,"Puzzle, Role-playing (RPG), Adventure, Indie","Action, Fantasy",Single Player,Bird view/Isometric,N/A,N/A,N/A,3.25,22.73,N/A,,,,,,,0,N/A,7.80,7.20,7.30,7.67,7.49,0,N,N,Y,,,,
World War Z (with Aftermath Expansion Pack),"Shooter, Adventure","Action, Horror, Survival","Single Player, Multiplayer, Co-operative","First Person, Third Person",Digital Download,Drive 3,Unplayed,3.50,43.50,49.65,,,,,,,0,7.40,7.40,7.20,8.00,7.03,7.41,,Y,N,Y,,,,
Worldless,"Fighting, Platform, Role-playing (RPG), Strategy, Turn-based Strategy (TBS), Adventure","Action, Fantasy, Science Fiction",Single Player,Side View,N/A,N/A,N/A,4.00,21.15,N/A,,,,,,,0,8.20,8.50,8.10,8.50,N/A,8.33,,N,N,N,,,,
Wrath: Aeon of Ruin,"Shooter, Adventure","Action, Fantasy, Horror, Open World",Single Player,First Person,Digital Download,Drive 4,Unplayed,3.13,34.32,13.32,,,,,,,0,7.50,6.00,7.10,7.20,N/A,6.95,,Y,N,Y,,,,
WRC Generations,"Racing, Simulator, Sport",,"Single Player, Multiplayer, Co-operative",,Playstation Plus,Drive 4,Unplayed,3.00,69.85,64.24,,,,,,,0,8.00,8.00,7.40,7.40,N/A,7.70,,Y,N,N,,,,
Wreckfest,"Racing, Sport, Indie",Action,"Single Player, Multiplayer","First Person, Third Person, Bird view/Isometric, Side View",N/A,N/A,N/A,3.33,175.63,10.48,,,,,,,0,9.00,7.80,8.00,8.10,8.15,8.21,,N,N,Y,,,,
Wulverblade,"Fighting, Hack and Slash/Beat 'em up, Adventure, Indie, Arcade","Action, Fantasy, Historical","Single Player, Multiplayer, Co-operative",Side View,N/A,N/A,N/A,4.39,10.82,N/A,,,,,,,0,5.00,6.80,7.70,7.60,7.67,6.95,,N,N,N,,,,
WWE 2K15,"Simulator, Sport",Non-fiction,"Single Player, Multiplayer",Side View,Physical Media,Drive 1,Unplayed,2.75,83.50,23.57,,,,,,,0,7.00,5.30,6.00,6.20,6.10,6.12,0,Y,N,N,,,,
Wytchwood,"Puzzle, Role-playing (RPG), Simulator, Adventure, Indie","Fantasy, Open World",Single Player,Third Person,N/A,N/A,N/A,2.80,20.67,N/A,,,,,,,0,7.60,7.00,8.00,7.80,N/A,7.60,,N,N,N,,,,
X-Morph: Defense Complete Edition,"Shooter, Simulator, Strategy, Indie, Arcade","Action, Science Fiction","Single Player, Multiplayer, Co-operative, Split Screen",Bird view/Isometric,Digital Download,Drive 1,Unplayed,3.91,40.07,3.76,,,,,,,0,8.00,8.20,7.80,7.50,8.00,7.90,,Y,N,Y,,,,
XCOM 2,"Role-playing (RPG), Simulator, Strategy, Turn-based Strategy (TBS), Tactical",Science Fiction,"Single Player, Multiplayer",Bird view/Isometric,Playstation Plus,Drive 1,Unplayed,4.17,79.00,21.21,,,,,,,0,9.30,8.50,8.70,8.80,8.53,8.77,0,Y,N,N,,,,
XCOM: Enemy Within,"Strategy, Turn-based Strategy (TBS)","Action, Science Fiction","Single Player, Multiplayer",Bird view/Isometric,PS+ Stream,Online Stream,Unplayed,3.85,85.17,N/A,,,,,,,0,9.00,8.90,8.60,8.80,8.67,8.79,,Y,N,N,,,,
XEL,"Role-playing (RPG), Adventure, Indie","Action, Fantasy, Science Fiction",Single Player,Third Person,Digital Download,Drive 1,Unplayed,4.00,12.83,16.88,,,,,,,0,7.00,5.90,4.50,4.30,N/A,5.43,,Y,N,N,,,,
Xeno Crisis,"Shooter, Arcade","Action, Science Fiction","Single Player, Multiplayer, Co-operative",Bird view/Isometric,N/A,N/A,N/A,4.63,12.35,N/A,,,,,,,0,6.80,6.90,6.60,7.40,N/A,6.93,,N,N,N,,,,
XIII Remake,"Shooter, Adventure","Action, Thriller","Single Player, Multiplayer",First Person,Digital Download,Drive 2,Unplayed,3.00,13.00,7.50,,,,,,,0,6.00,4.80,3.80,4.10,7.66,5.27,,Y,N,Y,,,,
Xuan Yuan Sword 7,"Role-playing (RPG), Adventure","Action, Fantasy",Single Player,Third Person,N/A,N/A,N/A,3.00,22.50,24.00,,,,,,,0,7.20,6.50,7.60,7.10,N/A,7.10,,N,N,Y,,,,
Yaga,"Role-playing (RPG), Adventure, Indie","Action, Comedy",Single Player,,N/A,N/A,N/A,3.00,27.58,N/A,,,,,,,0,5.70,5.00,6.40,7.20,N/A,6.08,,N,N,N,,,,
Yakuza 0,"Role-playing (RPG), Simulator, Hack and Slash/Beat 'em up, Adventure","Action, Historical, Drama, Open World","Single Player, Multiplayer",Third Person,Digital Download,Drive 3,Unplayed,3.01,143.00,24.17,1,,,1,,,2,8.50,8.60,8.60,8.50,8.56,8.55,0,Y,N,Y,,,,
Yakuza 3,"Role-playing (RPG), Simulator, Hack and Slash/Beat 'em up, Quiz/Trivia, Adventure","Action, Drama, Sandbox, Open World","Single Player, Multiplayer","First Person, Third Person",Digital Download,Drive 3,Unplayed,3.26,104.00,16.07,,,,,,,0,8.50,8.00,7.90,7.90,7.99,8.06,,Y,N,Y,,,,
Yakuza 4,"Role-playing (RPG), Simulator, Sport, Hack and Slash/Beat 'em up, Adventure","Action, Sandbox, Open World",Single Player,Third Person,Digital Download,Drive 3,Unplayed,3.00,93.50,22.54,,,,,,,0,6.50,8.00,7.70,7.80,8.00,7.60,,Y,N,Y,,,,
Yakuza 5,Adventure,"Action, Open World",Single Player,Third Person,Digital Download,Drive 3,Unplayed,3.06,157.00,28.39,,,,,,,0,7.70,8.40,8.20,8.20,8.43,8.19,,Y,N,Y,,,,
Yakuza 6: The Song of Life,"Role-playing (RPG), Hack and Slash/Beat 'em up, Adventure","Action, Drama, Open World",Single Player,Third Person,Digital Download,Drive 3,Unplayed,2.94,55.00,36.55,,,,,1,,1,7.50,8.20,8.50,8.30,8.44,8.19,0,Y,N,Y,,,,
Yakuza: Kiwami,"Role-playing (RPG), Hack and Slash/Beat 'em up, Adventure","Action, Open World","Single Player, Multiplayer",Third Person,Digital Download,Drive 3,Unplayed,3.15,82.50,20.63,,,,,,,0,7.90,8.20,8.20,8.00,7.98,8.06,,Y,N,Y,,,,
Yakuza: Kiwami 2,"Role-playing (RPG), Adventure",Action,Single Player,Third Person,Digital Download,Drive 3,Unplayed,2.94,77.50,38.80,,1,,,1,,2,8.00,8.60,8.60,8.50,8.50,8.44,0,Y,N,Y,,,,
Yars Rising,"Shooter, Platform, Adventure, Arcade","Action, Science Fiction, Stealth, Mystery",Single Player,Side View,N/A,N/A,N/A,3.40,17.12,N/A,,,,,,,0,8.00,6.00,6.80,6.30,N/A,6.78,,N,N,N,,,,
Yasha: Legends of the Demon Blade,"Role-playing (RPG), Adventure, Indie","Action, Fantasy, Drama",Single Player,"Third Person, Bird view/Isometric",N/A,N/A,N/A,4.00,17.00,N/A,,,,,,,0,5.00,7.74,6.80,6.20,N/A,6.44,0,N,N,N,,,,
YesterMorrow,"Platform, Adventure, Indie",Action,Single Player,Side View,Digital Download,Drive 1,Unplayed,5.00,15.67,1.32,,,,,,,0,6.00,6.20,5.80,4.90,N/A,5.73,,Y,N,N,,,,
Yohane the Parhelion - BLAZE in the DEEPBLUE,Adventure,"Action, Fantasy",Single Player,"Side View, Text",N/A,N/A,N/A,3.00,29.20,N/A,,,,,,,0,9.00,N/A,7.10,7.50,N/A,7.87,,N,N,N,,,,
Yoku's Island Express,"Platform, Puzzle, Pinball, Adventure, Indie, Arcade","Action, Fantasy, Open World",Single Player,Side View,Digital Download,Drive 1,Unplayed,3.35,20.47,1.73,,,,,,,0,8.00,8.50,8.30,8.30,8.25,8.27,,Y,N,N,,,,
Yomawari: Lost in the Dark,"Puzzle, Strategy, Adventure","Horror, Survival",Single Player,Bird view/Isometric,N/A,N/A,N/A,3.00,21.40,N/A,,,,,,,0,6.30,9.00,7.50,7.20,N/A,7.50,0,N,N,N,,,,
Yomawari: Midnight Shadows,"Puzzle, Strategy, Adventure","Action, Fantasy, Horror, Survival",Single Player,Bird view/Isometric,Digital Download,Drive 4,Unplayed,3.16,16.13,1.52,,,,,,,0,8.00,8.30,7.80,7.70,7.96,7.95,0,Y,N,Y,,,,
Yonder: The Cloud Catcher Chronicles,"Puzzle, Adventure, Indie","Action, Kids, Open World, Mystery",Single Player,Third Person,N/A,N/A,N/A,2.45,25.00,4.00,,,,,,,0,7.40,6.80,6.90,6.40,6.69,6.84,,N,N,N,,,,
Yooka-Laylee,"Platform, Adventure, Indie","Action, Fantasy, Open World","Single Player, Multiplayer, Co-operative, Split Screen",Third Person,Digital Download,Drive 2,Unplayed,3.08,24.50,5.92,,,,,,1,1,7.00,7.00,7.20,6.80,6.72,6.94,0,Y,N,Y,,,,
Yooka-Laylee and the Impossible Lair,"Platform, Adventure, Indie",Action,Single Player,"Third Person, Bird view/Isometric, Side View",N/A,N/A,N/A,3.65,45.83,N/A,,,,,,,0,8.70,8.60,8.20,8.20,8.33,8.41,0,N,N,Y,,,,
Young Souls,"Fighting, Role-playing (RPG), Hack and Slash/Beat 'em up, Adventure, Indie","Action, Fantasy","Single Player, Multiplayer, Co-operative",Side View,N/A,N/A,N/A,3.67,20.63,1.50,,,,,,,0,7.50,8.50,7.90,8.10,N/A,8.00,,N,N,N,,,,
Ys IX: Monstrum Nox,"Role-playing (RPG), Adventure","Action, Fantasy","Single Player, Co-operative",Third Person,Playstation Plus,Drive 1,Unplayed,2.94,53.00,7.11,,,,,,,0,8.00,8.40,8.00,8.00,N/A,8.10,0,Y,N,Y,,,,
YS Memoire: The Oath in Felgana,"Role-playing (RPG), Hack and Slash/Beat 'em up, Adventure","Action, Fantasy",Single Player,Bird view/Isometric,N/A,N/A,N/A,3.50,52.72,N/A,,,,,,,0,6.70,8.00,8.20,7.90,N/A,7.70,0,N,N,N,,,,
Ys Origin,"Platform, Role-playing (RPG), Adventure","Action, Fantasy",Single Player,Third Person,Digital Download,Drive 1,Unplayed,3.29,93.57,2.98,,,,,,,0,7.90,8.00,8.00,8.20,7.45,7.91,,Y,N,Y,,,,
Ys VIII: Lacrimosa of Dana,"Role-playing (RPG), Adventure","Action, Fantasy","Single Player, Multiplayer, Co-operative",Third Person,Playstation Plus,Drive 1,Unplayed,3.03,69.50,16.94,,,,1,,,1,8.70,8.50,8.40,8.50,8.53,8.53,0,Y,N,Y,,,,
Ys X: Nordics,"Role-playing (RPG), Adventure","Action, Fantasy",Single Player,Third Person,N/A,N/A,N/A,3.75,88.40,40.00,,,,,,,0,8.50,7.80,7.80,8.00,N/A,8.03,,N,N,Y,,,,
Ys: Memories of Celceta,"Role-playing (RPG), Adventure","Action, Fantasy, Open World",Single Player,"Third Person, Bird view/Isometric",N/A,N/A,N/A,2.90,77.97,N/A,,,,,,,0,7.50,8.00,7.60,8.20,8.36,7.93,,N,N,Y,,,,
Yuoni,"Shooter, Adventure, Indie","Action, Horror, Survival",Single Player,First Person,N/A,N/A,N/A,3.00,5.00,N/A,,,,,,,0,6.00,4.90,5.80,5.60,N/A,5.58,,N,N,N,,,,
Yuppie Psycho: Executive Edition,"Adventure, Indie","Horror, Mystery",Single Player,Bird view/Isometric,N/A,N/A,N/A,3.11,24.95,1.29,,,,,,,0,8.50,8.50,8.20,8.10,8.13,8.29,,N,N,N,,,,
Zanki Zero: Last Beginning,"Role-playing (RPG), Adventure","Fantasy, Science Fiction, Drama",Single Player,First Person,Digital Download,Drive 4,Unplayed,3.17,100.38,8.97,,,,,,,0,8.30,7.00,7.40,7.20,7.03,7.39,,Y,N,Y,,,,
Zero Escape: The Nonary Games,"Puzzle, Adventure, Visual Novel","Science Fiction, Horror, Thriller, Survival, Mystery",Single Player,"First Person, Text",Digital Download,Drive 4,Unplayed,3.21,79.47,2.74,,,,,,,0,8.90,8.90,8.50,8.70,8.70,8.74,,Y,N,N,,,,
Zero Strain,"Shooter, Strategy, Indie, Arcade",Action,Single Player,Bird view/Isometric,Digital Download,Drive 4,Unplayed,3.00,1.83,0.61,,,,,,,0,6.70,8.00,7.33,7.00,N/A,7.26,,Y,N,N,,,,
ZOMBI,"Shooter, Adventure","Action, Horror, Survival",Single Player,First Person,Playstation Plus,Drive 3,Unplayed,3.77,20.50,22.24,,,,,,,0,7.50,6.30,6.70,7.10,7.13,6.95,,Y,N,Y,,,,
Zombie Army 4: Dead War,"Shooter, Arcade","Action, Fantasy, Horror","Single Player, Multiplayer, Co-operative",Third Person,Playstation Plus,Drive 2,Unplayed,3.19,57.00,35.07,,,,,,,0,7.00,7.30,7.50,7.20,N/A,7.25,,Y,N,N,,,,
Zombie Army Trilogy,"Shooter, Tactical, Adventure","Action, Horror","Single Player, Multiplayer, Co-operative","First Person, Third Person",Digital Download,Drive 2,Unplayed,3.26,31.00,10.14,,,,,,,0,6.80,7.10,6.60,6.20,6.16,6.57,0,Y,N,N,,,,
Zombie Vikings,"Hack and Slash/Beat 'em up, Adventure, Indie","Action, Fantasy, Horror, Comedy","Single Player, Multiplayer, Co-operative",Side View,Digital Download,Drive 4,Unplayed,3.38,20.50,9.20,,,,,,,0,6.50,6.10,6.60,6.40,6.73,6.47,,Y,N,N,,,,
Zone of the Enders: The 2nd Runner - MARS,"Shooter, Simulator, Hack and Slash/Beat 'em up","Action, Science Fiction","Single Player, Multiplayer",Virtual Reality,Digital Download,Drive 4,Unplayed,3.49,15.58,12.41,,,,,,,0,7.90,7.00,7.10,8.20,6.81,7.40,,Y,N,Y,,,,
Zoochosis,"Simulator, Adventure, Indie",Horror,Single Player,First Person,N/A,N/A,N/A,2.50,3.95,N/A,,,,,,,0,N/A,6.10,N/A,N/A,N/A,6.10,0,N,N,N,,,,