IGDB ID,OpenCritic_ID,Title,Genre,Theme,Mode,Perspective,Source,File Location,Status,Difficulty (1–5),Base Length (hrs),Game Length (hrs),File Size (GB),Release Date,OpenCritic,Metacritic,IGDB Critic Score,IGN,GameSpot,Critic Confidence (0-1),IGDB User Score,Curated User Score,Suggested Uaer Score,Critic Composite (0–10),User Composite (0–10),Overall Score (0–10),Confidence Band,Bias Indicator,Volatility Score (0-1 scale),Bias Band,Volatility Band,Wishlist,Owned?,MapGenie?,Save Wizard?,Comments,IGDB Critic Count (helper),RowKey,FetchStatus,LastIGDB,LastOpenCritic
275688,17343,#DRIVE Rally,,,,,,N/A,,,,"0 h,  00 m",,,7.00,7,,,,0.00,,,0.00,0.00,0,0.00,Low,0,0.00,Neutral,Stable,Yes,No,No,,,#NAME?,,OK,,5/30/2026
141114,19224,007 First Light,Adventure,"Action, Stealth",Single player,Third person,,N/A,,3,,"0 h,  00 m",,10/26/2025,-0.10,8.8,,,,0.00,,,0.00,0.00,0,0.00,Low,0,0.00,Neutral,Stable,Yes,No,No,,,#NAME?,4f12a3f7-1fa7-4f84-a52b-406754b53d96,OK,2/13/2026,1/23/2026
404693,8048,1666: Amsterdam,,,,,,N/A,,,,"0 h,  00 m",,10/29/2025,6.80,6.2,,,,0.00,,,0.00,0.00,0,0.00,Low,0,0.00,Neutral,Stable,No,No,No,,,#NAME?,,OK,,6/20/2026
27316,7547,A Plague Tale: Innocence,,,,,,Extended Storage,,,,"0 h,  00 m",33.80,12/30/2026,8.30,7.7,,,,0.00,,,0.00,0.00,0,0.00,Low,0,0.00,Neutral,Stable,N/A,Yes,No,,Significant enhancements for PS5 Pro.,#NAME?,,OK,,2/15/2026
152242,13346,A Plague Tale: Requiem,"Role-playing (RPG), Adventure","Action, Historical, Stealth, Drama, Mystery",Single player,Third person,,Extended Storage,,3,,"0 h,  00 m",51.23,9/17/2025,8.50,8.2,85.50,8,7,0.00,8.40,,0.00,0.00,0,0.00,Low,0,0.00,Neutral,Stable,N/A,Yes,No,,,#NAME?,91264496-d8a5-4c2e-ac74-4e7d174bca95,OK,1/23/2026,1/23/2026
294453,17489,A Quiet Place: The Road Ahead,Adventure,"Action, Horror, Survival",Single player,First person,,Extended Storage,,,,"0 h,  00 m",31.31,,7.00,6.3,70.00,,,0.00,7.00,,0.00,0.00,0,0.00,Low,0,0.00,Neutral,Stable,N/A,Yes,No,,,#NAME?,06733e91-4d31-4142-993d-95fa5905c1e4,OK,2/1/2026,2/1/2026
219126,18961,Abiotic Factor,"Shooter, Role-playing (RPG), Simulator, Adventure, Indie","Action, Science fiction, Survival, Sandbox","Single player, Multiplayer, Co-operative",First person,,SSD,,,,"0 h,  00 m",2.02,,8.80,8.5,92.00,,,0.00,7.10,,0.00,0.00,0,0.00,Low,0,0.00,Neutral,Stable,N/A,Yes,No,,,#NAME?,a4b1855d-89d0-4fad-8766-483f1de7f94c,OK,2/1/2026,2/1/2026
380410,17044,About Fishing,,,,,,N/A,,,,"0 h,  00 m",,,-0.10,5.1,,,,0.00,,,0.00,0.00,0,0.00,Low,0,0.00,Neutral,Stable,No,No,No,,,#NAME?,,OK,,6/20/2026
305550,17234,Acts of Blood,"Fighting, Hack and slash/Beat 'em up, Adventure, Indie",Action,Single player,Third person,,N/A,,,,"0 h,  00 m",,,-0.10,6.4,,,,0.00,,,0.00,0.00,0,0.00,Low,0,0.00,Neutral,Stable,N/A,No,No,,,#NAME?,bc8ac706-c84c-4f64-aa8d-e82afad9eff4,OK,2/13/2026,1/24/2026
358534,20344,Adventures of Elliot: The Millenium Tales,,,,,,N/A,,,,"0 h,  00 m",,,-0.10,7.9,,,,0.00,,,0.00,0.00,0,0.00,Low,0,0.00,Neutral,Stable,Yes,No,No,,,#NAME?,,OK,,4/23/2026
356188,21159,Agefield High: Rock the School,,,,,,N/A,,,,"0 h,  00 m",,,2.00,4,,,,0.00,,,0.00,0.00,0,0.00,Low,0,0.00,Neutral,Stable,No,No,No,,,#NAME?,,OK,,8/16/2026
185246,15022,Alan Wake II,"Shooter, Adventure","Action, Horror, Survival",Single player,Third person,,SSD,,4,,"0 h,  00 m",100.60,,9.00,8.9,92.60,9,10,0.00,8.70,,0.00,0.00,0,0.00,Low,0,0.00,Neutral,Stable,N/A,Yes,No,,,#NAME?,21a9e926-77d1-4f86-9f36-0e6bff35709e,OK,1/23/2026,1/23/2026
167611,12067,Alan Wake Remastered,,,,,,Extended Storage,,,,"0 h,  00 m",29.52,,8.00,7.6,,,,0.00,,,0.00,0.00,0,0.00,Low,0,0.00,Neutral,Stable,N/A,Yes,No,,Significant enhancements for PS5 Pro,#NAME?,,OK,,2/15/2026
198385,14449,Alice Gear Aegis CS: Concerto of Simultrax,,,,,,SSD,,,,"0 h,  00 m",2.59,,7.00,6.6,,,,0.00,,,0.00,0.00,0,0.00,Low,0,0.00,Neutral,Stable,N/A,Yes,No,,,#NAME?,,OK,,3/9/2026
319082,195,Alien: Isolation 2,,,,,,N/A,,,,"0 h,  00 m",,,8.00,7.7,,,,0.00,,,0.00,0.00,0,0.00,Low,0,0.00,Neutral,Stable,Yes,No,No,,,#NAME?,,OK,,6/20/2026
306919,10996,Alkahest,"Role-playing (RPG), Adventure","Action, Fantasy, Open world",Single player,First person,,N/A,,,,"0 h,  00 m",,,-0.10,3,,,,0.00,,,0.00,0.00,0,0.00,Low,0,0.00,Neutral,Stable,Yes,No,No,,,#NAME?,48fdc20f-6c91-46ab-ae8b-8e94dc56dda5,OK,2/13/2026,2/11/2026
213237,16050,Alone in the Dark,"Puzzle, Adventure","Action, Horror, Thriller, Mystery",Single player,Third person,,N/A,,3,,"0 h,  00 m",,3/19/2025,7.00,6.3,75.25,6,4,0.00,7.30,,0.00,0.00,0,0.00,Low,0,0.00,Neutral,Stable,Yes,No,No,,,#NAME?,7f28d00f-c05a-4001-b4b7-b5ba69bb0273,OK,1/23/2026,1/23/2026
9667,2186,American Truck Simulator,"Racing, Simulator, Indie","Business, Non-fiction, Open world","Single player, Multiplayer, Co-operative","First person, Third person",,N/A,,3,,"0 h,  00 m",,11/9/2020,8.00,7.6,81.00,,,0.00,8.10,,0.00,0.00,0,0.00,Low,0,0.00,Neutral,Stable,Yes,No,Yes,,,#NAME?,42d54db8-1dc1-4e6b-8dc3-2158ad3b657f,OK,1/23/2026,1/23/2026
262712,9074,Ananta,"Role-playing (RPG), Adventure","Action, Fantasy, Science fiction, Open world, Party",Single player,Third person,,N/A,,,,"0 h,  00 m",,9/5/2024,-0.10,5,,,,0.00,,,0.00,0.00,0,0.00,Low,0,0.00,Neutral,Stable,No,No,No,,,#NAME?,f1b838e0-a46a-406b-938c-2a55431c0a8f,OK,2/13/2026,1/22/2026
321054,11303,Animal Use Protocol,"Adventure, Indie","Action, Horror",Single player,First person,,N/A,,,,"0 h,  00 m",,,3.00,4.2,,,,0.00,,,0.00,0.00,0,0.00,Low,0,0.00,Neutral,Stable,No,No,No,,,#NAME?,169f5390-9b53-465c-9962-2bfb5cb2ae18,OK,2/13/2026,2/7/2026
191435,16663,Animal Well,"Platform, Puzzle, Adventure, Indie","Action, Horror, Survival, Mystery",Single player,Side view,,N/A,,4,,"0 h,  00 m",,11/11/2020,9.00,9,89.00,9,9,0.00,8.20,,0.00,0.00,0,0.00,Low,0,0.00,Neutral,Stable,Yes,No,Yes,,,#NAME?,a5847447-7302-420b-a87e-076f5486aa87,OK,1/23/2026,1/23/2026
200903,16589,Another Crab's Treasure,"Platform, Role-playing (RPG), Adventure, Indie",Action,Single player,Third person,,Extended Storage,,,,"0 h,  00 m",3.19,,8.00,7.8,76.67,8,7,0.00,8.00,,0.00,0.00,0,0.00,Low,0,0.00,Neutral,Stable,N/A,Yes,No,,,#NAME?,3510979c-892a-4879-a474-a76fc7c87af5,OK,1/23/2026,1/23/2026
348192,11942,Aphelion,Adventure,"Action, Science fiction, Stealth, Drama",Single player,Third person,,N/A,,,,"0 h,  00 m",,,-0.10,5,,,,0.00,,,0.00,0.00,0,0.00,Low,0,0.00,Neutral,Stable,Yes,No,No,,,#NAME?,0796f5ce-e776-4f93-9a2d-80564a85fda8,OK,2/13/2026,1/24/2026
111130,8240,Apsulov: End of Gods,,,,,,SSD,,,,"0 h,  00 m",3.05,,7.00,6.9,,,,0.00,,,0.00,0.00,0,0.00,Low,0,0.00,Neutral,Stable,N/A,Yes,No,,,#NAME?,,OK,,3/9/2026
185258,19023,ARC Raiders,Shooter,"Action, Science fiction","Multiplayer, Co-operative",Third person,,N/A,,,,"0 h,  00 m",2.90,,9.00,8.6,90.33,9,9,0.00,8.90,,0.00,0.00,0,0.00,Low,0,0.00,Neutral,Stable,Yes,No,Yes,,,#NAME?,68eb9141-79b0-45b1-9eff-7ab01a1c52e6,OK,1/23/2026,1/23/2026
145319,13520,Arcade Paradise,,,,,,Extended Storage,,,,"0 h,  00 m",,,8.00,7.7,,,,0.00,,,0.00,0.00,0,0.00,Low,0,0.00,Neutral,Stable,N/A,Yes,No,,,#NAME?,,OK,,3/9/2026
317622,516,ArcheAge Chronicles,"Role-playing (RPG), Adventure","Action, Fantasy, Sandbox, Open world","Multiplayer, Co-operative, Massively Multiplayer Online (MMO)",Third person,,N/A,,,,"0 h,  00 m",,,8.30,7.1,,,,0.00,,,0.00,0.00,0,0.00,Low,0,0.00,Neutral,Stable,Yes,No,No,,,#NAME?,68a48aa9-9e42-49d5-92c3-6e6a7004ecd2,OK,2/13/2026,2/10/2026
145041,19168,Arctic Awakening,"Adventure, Indie","Science fiction, Survival, Drama, Open world, Mystery",Single player,First person,,N/A,,4,,"0 h,  00 m",,,6.50,6.1,,,,0.00,,,0.00,0.00,0,0.00,Low,0,0.00,Neutral,Stable,Yes,No,No,,,#NAME?,1c5dbeb2-ac41-43dc-8a7a-402e6920a44b,OK,2/13/2026,1/23/2026
378225,4532,Armatus,,,,,,N/A,,,,"0 h,  00 m",,,-0.10,7.8,,,,0.00,,,0.00,0.00,0,0.00,Low,0,0.00,Neutral,Stable,Yes,No,No,,,#NAME?,,OK,,4/28/2026
135995,13424,As Dusk Falls,,,,,,Extended Storage,,,,"0 h,  00 m",62.28,2/17/2025,8.00,7.6,,,,0.00,,,0.00,0.00,0,0.00,Low,0,0.00,Neutral,Stable,N/A,Yes,No,,,#NAME?,,OK,,3/9/2026
216321,15866,Assassin's Creed Codename Hexe,,,,,,N/A,,,,"0 h,  00 m",,2/12/2024,8.10,8.3,,,,0.00,,,0.00,0.00,0,0.00,Low,0,0.00,Neutral,Stable,No,No,No,,,#NAME?,,OK,,4/23/2026
215060,15005,Assassin's Creed Mirage,,,,,,Extended Storage,,,,"0 h,  00 m",58.35,5/24/2021,8.00,7.5,,,,0.00,,,0.00,0.00,0,0.00,Low,0,0.00,Neutral,Stable,N/A,Yes,Yes,,,#NAME?,,OK,,2/15/2026
300976,16792,Assassin's Creed Shadows,"Role-playing (RPG), Adventure","Action, Historical, Stealth, Open world",Single player,Third person,,N/A,,3,,"0 h,  00 m",,8/19/2024,8.00,8.1,85.83,8,8,0.00,7.00,,0.00,0.00,0,0.00,Low,0,0.00,Neutral,Stable,Yes,No,Yes,,,#NAME?,cb94cc40-c5eb-4b3e-a33c-c7477c81f2e5,OK,1/23/2026,1/23/2026
133004,9439,Assassin's Creed Valhalla,"Role-playing (RPG), Adventure","Action, Historical, Stealth, Open world",Single player,Third person,,SSD,,,,"0 h,  00 m",85.42,,8.50,8.2,85.08,,,0.00,7.40,,0.00,0.00,0,0.00,Low,0,0.00,Neutral,Stable,N/A,Yes,Yes,,Enhanced for PS5.,#NAME?,820e18df-8a4c-40f4-9633-6c26f0eaba90,OK,2/6/2026,2/6/2026
303811,17118,Astro Bot,"Platform, Adventure","Action, Science fiction",Single player,Third person,,N/A,,,,"0 h,  00 m",,,9.50,9.4,94.14,9,9,0.00,9.20,,0.00,0.00,0,0.00,Low,0,0.00,Neutral,Stable,Yes,No,No,,,#NAME?,3098b07c-9472-4fe3-88f8-eebd5f1529e6,OK,1/23/2026,1/23/2026
134597,10482,Astro's Playroom,"Platform, Adventure","Action, Science fiction",Single player,Third person,,SSD,,,,"0 h,  00 m",,,8.50,8.2,80.83,,,0.00,8.40,,0.00,0.00,0,0.00,Low,0,0.00,Neutral,Stable,N/A,Yes,No,,,#NAME?,33181234-fd5b-43e2-a739-a7f541501a42,OK,2/5/2026,2/5/2026
13205,7268,Astroneer,,,,,,SSD,,,,"0 h,  00 m",1.61,12/14/2022,7.80,7.4,,,,0.00,,,0.00,0.00,0,0.00,Low,0,0.00,Neutral,Stable,N/A,Yes,No,,,#NAME?,,OK,,3/17/2026
217558,14460,Atelier Ryza 3: Alchemist of the End & the Secret Key,,,,,,Extended Storage,,,,"0 h,  00 m",21.76,8/24/2023,8.30,8.2,,,,0.00,,,0.00,0.00,0,0.00,Low,0,0.00,Neutral,Stable,N/A,Yes,No,,,#NAME?,,OK,,3/9/2026
214409,15002,Atlas Fallen: Reign of Sand,"Role-playing (RPG), Adventure","Action, Fantasy, Mystery","Single player, Multiplayer, Co-operative",Third person,,SSD,,,,"0 h,  00 m",16.42,,7.00,6.4,71.75,7,,0.00,7.00,,0.00,0.00,0,0.00,Low,0,0.00,Neutral,Stable,N/A,Yes,No,,,#NAME?,e7e61c06-fbc4-4b48-af5b-7ab319ed9560,OK,1/23/2026,1/23/2026
347639,14171,Atomic Heart 2,"Role-playing (RPG), Adventure","Action, Open world",Single player,First person,,N/A,,,,"0 h,  00 m",,12/30/2026,7.50,7.1,,,,0.00,,,0.00,0.00,0,0.00,Low,0,0.00,Neutral,Stable,No,No,No,,,#NAME?,030ee95e-f689-4a29-9769-f039a3b9d998,OK,2/13/2026,1/24/2026
152202,15397,Avatar: Frontiers of Pandora,Adventure,"Action, Science fiction, Open world","Single player, Multiplayer, Co-operative",First person,,SSD,,,,"0 h,  00 m",91.39,4/9/2025,7.50,7.2,73.33,7,8,0.00,7.20,,0.00,0.00,0,0.00,Low,0,0.00,Neutral,Stable,N/A,Yes,Yes,,,#NAME?,0e2f9fca-60e7-4b69-af71-57af832db9f8,OK,1/23/2026,1/23/2026
135994,17747,Avowed,"Role-playing (RPG), Adventure","Action, Fantasy",Single player,"First person, Third person",,N/A,,,,"0 h,  00 m",,9/12/2019,8.10,8,85.00,7,6,0.00,7.60,,0.00,0.00,0,0.00,Low,0,0.00,Neutral,Stable,Yes,No,Yes,,,#NAME?,cfb88af8-3f13-43ca-8eaf-095332992fee,OK,1/23/2026,1/23/2026
252502,19357,Baby Steps,"Adventure, Indie","Action, Comedy",Single player,Third person,,N/A,,,,"0 h,  00 m",,,8.00,7.7,79.33,9,,0.00,5.60,,0.00,0.00,0,0.00,Low,0,0.00,Neutral,Stable,Yes,No,Yes,,,#NAME?,a171380f-ad31-47d0-bf35-ddd9a1a7298d,OK,1/23/2026,1/23/2026
116200,12078,Back 4 Blood,,,,,,SSD,,,,"0 h,  00 m",62.41,9/10/2025,8.00,7.8,,,,0.00,,,0.00,0.00,0,0.00,Low,0,0.00,Neutral,Stable,N/A,Yes,No,,Significant enhancements for PS5 Pro,#NAME?,,OK,,2/15/2026
119171,9136,Baldur's Gate III,"Role-playing (RPG), Strategy, Turn-based strategy (TBS)","Action, Fantasy","Single player, Multiplayer, Co-operative, Split screen",Bird view / Isometric,,N/A,,4,,"0 h,  00 m",,1/15/2026,9.80,9.6,94.50,10,10,0.00,9.60,,0.00,0.00,0,0.00,Low,0,0.00,Neutral,Stable,Yes,No,Yes,,,#NAME?,de0cede7-6ad7-4e4d-aac7-01933fbc3d8e,OK,1/23/2026,1/23/2026
303809,17799,Ballad of Antara,Role-playing (RPG),Action,Single player,Third person,,N/A,,,,"0 h,  00 m",,12/30/2026,-0.10,,,,,0.00,,,0.00,0.00,0,0.00,Low,0,0.00,Neutral,Stable,Yes,No,No,,,#NAME?,b4997e35-ffa9-47db-a0ce-cce4a96f1b38,OK,2/13/2026,1/22/2026
228539,15909,Banishers: Ghosts of New Eden,"Role-playing (RPG), Adventure","Action, Fantasy",Single player,Third person,,Extended Storage,,,,"0 h,  00 m",53.92,,8.00,7.8,78.33,7,7,0.00,7.90,,0.00,0.00,0,0.00,Low,0,0.00,Neutral,Stable,N/A,Yes,No,,,#NAME?,8c348c4a-fbdd-46cd-9c32-0ae5a29e5b7c,OK,1/23/2026,1/23/2026
348180,561,Beast of Reincarnation,"Role-playing (RPG), Adventure",Action,Single player,Third person,,N/A,,,,"0 h,  00 m",,,4.00,5.6,,,,0.00,,,0.00,0.00,0,0.00,Low,0,0.00,Neutral,Stable,Yes,No,No,,,#NAME?,e5ab6ba0-9550-427e-a9a5-6b0cd372734f,OK,2/13/2026,1/24/2026
362043,20846,Beastro,,,,,,N/A,,,,"0 h,  00 m",,,7.80,8.1,,,,0.00,,,0.00,0.00,0,0.00,Low,0,0.00,Neutral,Stable,No,No,No,,,#NAME?,,OK,,8/16/2026
54842,11380,Biomutant,"Role-playing (RPG), Adventure","Action, Open world",Single player,Third person,,Extended Storage,,,,"0 h,  00 m",12.35,,6.80,6.6,73.05,,,0.00,5.90,,0.00,0.00,0,0.00,Low,0,0.00,Neutral,Stable,N/A,Yes,No,,Significant enhancements for PS5 Pro.,#NAME?,f8576ab6-e457-4f4c-9328-fa8fc9c0073d,OK,2/10/2026,2/10/2026
136879,17160,Black Myth: Wukong,"Role-playing (RPG), Hack and slash/Beat 'em up, Adventure","Action, Fantasy",Single player,Third person,,N/A,,,,"0 h,  00 m",,,8.50,8.1,88.00,8,8,0.00,8.90,,0.00,0.00,0,0.00,Low,0,0.00,Neutral,Stable,Yes,No,Yes,,,#NAME?,d2c0128d-34ce-44dc-8d09-d2af27876d67,OK,1/23/2026,1/23/2026
361900,17160,Black Myth: Zhong Kui,Role-playing (RPG),Action,Single player,,,N/A,,,,"0 h,  00 m",,,8.50,7.6,,,,0.00,,,0.00,0.00,0,0.00,Low,0,0.00,Neutral,Stable,No,No,No,,,#NAME?,1a4ef74a-b23e-478b-8ea5-60459e27afc0,OK,2/13/2026,2/7/2026
152129,14117,Blacktail,"Role-playing (RPG), Adventure, Indie","Action, Fantasy",Single player,First person,,Extended Storage,,,,"0 h,  00 m",11.74,,8.00,8,80.00,,,0.00,8.10,,0.00,0.00,0,0.00,Low,0,0.00,Neutral,Stable,N/A,Yes,No,,,#NAME?,3256a5d2-cf18-4eeb-af77-ce52db4aaf9d,OK,1/23/2026,1/23/2026
333600,18521,Blades of Fire,,,,,,SSD,,,,"0 h,  00 m",48.21,,7.40,7.1,,,,0.00,,,0.00,0.00,0,0.00,Low,0,0.00,Neutral,Stable,N/A,Yes,No,,,#NAME?,,OK,,7/1/2026
165390,8241,Blasphemous II,"Platform, Role-playing (RPG), Hack and slash/Beat 'em up, Adventure, Indie","Action, Fantasy",Single player,Side view,,Extended Storage,,,,"0 h,  00 m",2.78,,8.00,7.7,88.75,,,0.00,8.40,,0.00,0.00,0,0.00,Low,0,0.00,Neutral,Stable,N/A,Yes,Yes,,,#NAME?,fee3f34b-a1ad-4dda-a15c-8d5aea47b982,OK,2/10/2026,2/10/2026
122200,14424,Bleak Faith: Forsaken,,,,,,N/A,,,,"0 h,  00 m",,4/23/2025,6.00,5.3,,,,0.00,,,0.00,0.00,0,0.00,Low,0,0.00,Neutral,Stable,Yes,No,No,,,#NAME?,,OK,,5/13/2026
350503,13078,Blood Message,Adventure,"Action, Historical, Drama",,Third person,,N/A,,,,"0 h,  00 m",,,-0.10,7.5,,,,0.00,,,0.00,0.00,0,0.00,Low,0,0.00,Neutral,Stable,No,No,No,,,#NAME?,d8db702a-2f2d-43b8-8c83-c9be6aa36cc8,OK,2/13/2026,2/7/2026
347120,6139,Bloodstained: The Scarlet Engagement,"Platform, Role-playing (RPG), Adventure","Action, Horror",Single player,Side view,,N/A,,,,"0 h,  00 m",,,8.00,8,,,,0.00,,,0.00,0.00,0,0.00,Low,0,0.00,Neutral,Stable,Yes,No,No,,,#NAME?,448470de-cd9a-4abe-abb6-9df92dee2a5c,OK,2/13/2026,2/9/2026
149657,18352,Blue Prince,"Puzzle, Strategy, Adventure, Indie",Mystery,Single player,First person,,SSD,,4,,"0 h,  00 m",2.32,12/3/2025,9.00,9.2,90.80,9,9,0.00,8.60,,0.00,0.00,0,0.00,Low,0,0.00,Neutral,Stable,N/A,Yes,Yes,,,#NAME?,7642e3ae-d33c-442e-901c-87e86c03ecc3,OK,1/23/2026,1/23/2026
396199,4912,Blue Reflection Quartet,,,,,,N/A,,,,"0 h,  00 m",,1/28/2026,7.00,6.7,,,,0.00,,,0.00,0.00,0,0.00,Low,0,0.00,Neutral,Stable,Yes,No,No,,,#NAME?,,OK,,4/23/2026
19164,7656,Borderlands 3,"Shooter, Role-playing (RPG), Adventure","Action, Fantasy, Comedy, Open world","Single player, Multiplayer, Co-operative, Split screen","First person, Third person",,SSD,,,,"0 h,  00 m",52.93,,8.00,7.9,81.00,,,0.00,7.60,,0.00,0.00,0,0.00,Low,0,0.00,Neutral,Stable,N/A,Yes,Yes,,Significant enhancements on PS5 Pro.,#NAME?,5134031e-b1ec-4045-ab88-f5a206f97611,OK,2/10/2026,2/10/2026
314246,18111,Borderlands 4,"Shooter, Role-playing (RPG), Adventure","Action, Science fiction","Single player, Multiplayer, Co-operative",First person,,N/A,,,,"0 h,  00 m",,3/27/2023,8.20,8.1,86.50,8,7,0.00,7.20,,0.00,0.00,0,0.00,Low,0,0.00,Neutral,Stable,Yes,No,Yes,,,#NAME?,63d96fdc-a788-4dfb-9363-ac1c908ca0b7,OK,1/23/2026,1/23/2026
113739,12303,Bright Memory: Infinite,,,,,,N/A,,,,"0 h,  00 m",,,7.00,6.1,,,,0.00,,,0.00,0.00,0,0.00,Low,0,0.00,Neutral,Stable,Yes,No,No,,,#NAME?,,OK,,2/25/2026
370708,18463,BrokenLore Don't Lie,,,,,,N/A,,,,"0 h,  00 m",,,8.00,,,,,0.00,,,0.00,0.00,0,0.00,Low,0,0.00,Neutral,Stable,No,No,No,,,#NAME?,,OK,,8/16/2026
235085,19676,BrokenLore: UNFOLLOW,Adventure,"Action, Horror, Thriller",Single player,First person,,N/A,,,,"0 h,  00 m",,,-0.10,6.8,70.00,,,0.00,,,0.00,0.00,0,0.00,Low,0,0.00,Neutral,Stable,Yes,No,No,,,#NAME?,ee467a20-b248-4624-bfab-5334d5d86a0b,OK,2/13/2026,1/24/2026
305017,19608,Cairn,"Simulator, Adventure, Indie","Action, Survival",Single player,Third person,,N/A,,,,"0 h,  00 m",,,-0.10,7,91.00,,,0.00,7.00,,0.00,0.00,0,0.00,Low,0,0.00,Neutral,Stable,Yes,No,No,,,#NAME?,777717ea-b094-4381-9518-320a064f25b4,OK,2/2/2026,1/24/2026
347882,10651,Call of the Elder Gods,,,,,,N/A,,,,"0 h,  00 m",,,8.00,7.7,,,,0.00,,,0.00,0.00,0,0.00,Low,0,0.00,Neutral,Stable,Yes,No,No,,,#NAME?,,OK,,4/28/2026
145029,17290,Caravan SandWitch,,,,,,N/A,,,,"0 h,  00 m",,,7.90,7.3,,,,0.00,,,0.00,0.00,0,0.00,Low,0,0.00,Neutral,Stable,Yes,No,No,,,#NAME?,,OK,,6/20/2026
389434,13808,Castlevania: Belmont's Curse,Role-playing (RPG),"Action, Horror",Single player,,,N/A,,,,"0 h,  00 m",,,8.00,7.7,,,,0.00,,,0.00,0.00,0,0.00,Low,0,0.00,Neutral,Stable,Yes,No,No,,,#NAME?,125e5d5c-617a-44bc-bbc8-203a66e2621b,OK,2/13/2026,2/12/2026
250622,17070,Cat Quest III,,,,,,Extended Storage,,,,"0 h,  00 m",1.38,,8.00,8.2,,,,0.00,,,0.00,0.00,0,0.00,Low,0,0.00,Neutral,Stable,N/A,Yes,No,,Significant enhancements for PS5 Pro.,#NAME?,,OK,,2/15/2026
313433,11731,Chernobylite 2: Exclusion Zone,,,,,,N/A,,,,"0 h,  00 m",,,7.50,7.4,,,,0.00,,,0.00,0.00,0,0.00,Low,0,0.00,Neutral,Stable,No,No,No,,,#NAME?,,OK,,4/23/2026
115054,11731,Chernobylite Complete Edition,,,,,,Extended Storage,,,,"0 h,  00 m",23.55,12/31/2026,7.50,7.4,,,,0.00,,,0.00,0.00,0,0.00,Low,0,0.00,Neutral,Stable,N/A,Yes,No,,Significant enhancements for PS5 Pro.,#NAME?,,OK,,2/15/2026
347635,10000,Chronicles Medieval,"Role-playing (RPG), Strategy, Indie",Action,"Single player, Multiplayer, Co-operative",,,N/A,,,,"0 h,  00 m",,3/30/2026,-0.10,9,,,,0.00,,,0.00,0.00,0,0.00,Low,0,0.00,Neutral,Stable,No,No,No,,,#NAME?,c844ac65-64fa-4f0a-973e-43dae5237b98,OK,2/13/2026,1/24/2026
141444,18511,Chrono Odyssey,"Role-playing (RPG), Adventure","Action, Fantasy, Science fiction, Open world","Co-operative, Massively Multiplayer Online (MMO)",Third person,,N/A,,,,"0 h,  00 m",,9/4/2025,8.00,7.7,,,,0.00,,,0.00,0.00,0,0.00,Low,0,0.00,Neutral,Stable,Yes,No,No,,,#NAME?,d50eab36-36a9-4bc2-af6f-df3e14dbff8f,OK,2/13/2026,1/24/2026
361814,7315,Cinder City,Shooter,"Action, Science fiction, Open world","Multiplayer, Massively Multiplayer Online (MMO)",Third person,,N/A,,,,"0 h,  00 m",,12/9/2020,7.30,7.2,,,,0.00,,,0.00,0.00,0,0.00,Low,0,0.00,Neutral,Stable,No,No,No,,,#NAME?,40ee25b4-eed8-4fe9-8100-357a82977ea2,OK,2/13/2026,1/24/2026
252853,18052,Citizen Sleeper 2: Starward Vector,"Role-playing (RPG), Adventure, Indie",Science fiction,Single player,Text,,SSD,,,,"0 h,  00 m",0.61,,9.00,8.5,80.00,8,,0.00,8.20,,0.00,0.00,0,0.00,Low,0,0.00,Neutral,Stable,N/A,Yes,No,,,#NAME?,dd110ab3-b594-4872-80ec-cadd6a9b4937,OK,1/23/2026,1/23/2026
305152,18026,Clair Obscur: Expedition 33,"Role-playing (RPG), Adventure","Action, Fantasy",Single player,Third person,,N/A,,,,"0 h,  00 m",,11/13/2025,9.50,9.2,87.00,9,9,0.00,9.30,,0.00,0.00,0,0.00,Low,0,0.00,Neutral,Stable,Yes,No,Yes,,,#NAME?,53148ac6-caf5-479d-aaca-eb4410bd2efe,OK,1/23/2026,1/23/2026
356552,10746,Clive Barker's Hellraiser: Revival,,,,,,N/A,,,,"0 h,  00 m",,,-0.10,7,,,,0.00,,,0.00,0.00,0,0.00,Low,0,0.00,Neutral,Stable,Yes,No,No,,,#NAME?,,OK,,4/28/2026
252840,3421,Clockwork Revolution,Role-playing (RPG),Action,Single player,First person,,N/A,,,,"0 h,  00 m",,,6.00,6.6,,,,0.00,,,0.00,0.00,0,0.00,Low,0,0.00,Neutral,Stable,No,No,No,,,#NAME?,98337d4a-fb8a-4c32-b2bf-66015673945b,OK,2/13/2026,1/23/2026
330328,19657,Cloudheim,"Role-playing (RPG), Adventure, Indie","Action, Sandbox, Open world","Single player, Multiplayer, Co-operative",Third person,,N/A,,,,"0 h,  00 m",,6/25/2025,-0.10,7.6,,,,0.00,,,0.00,0.00,0,0.00,Low,0,0.00,Neutral,Stable,Yes,No,Yes,,,#NAME?,3c91783c-ce8a-41c1-be09-ff7ec5a2994e,OK,2/13/2026,2/1/2026
347636,19371,Code Vein 2,Role-playing (RPG),Action,Single player,Third person,,N/A,,,,"0 h,  00 m",,,-0.10,7,69.00,,,0.00,,,0.00,0.00,0,0.00,Low,0,0.00,Neutral,Stable,Yes,No,No,,,#NAME?,6595dd53-5cf3-4f31-b5ab-d1682b65fa20,OK,2/13/2026,1/24/2026
258950,19641,Constance,,,,,,N/A,,,,"0 h,  00 m",,1/26/2023,8.50,8.3,,,,0.00,,,0.00,0.00,0,0.00,Low,0,0.00,Neutral,Stable,Yes,No,No,,,#NAME?,,OK,,2/25/2026
136604,10096,Control Ultimate Edition,,,,,,Extended Storage,,,,"0 h,  00 m",27.17,,8.70,8.4,,,,0.00,,,0.00,0.00,0,0.00,Low,0,0.00,Neutral,Stable,N/A,Yes,Yes,,Significant enhancements for PS5 Pro,#NAME?,,OK,,2/15/2026
225582,7858,Control: Resonant,"Role-playing (RPG), Hack and slash/Beat 'em up, Adventure","Action, Science fiction",Single player,Third person,,N/A,,,,"0 h,  00 m",,,8.50,8.5,,,,0.00,,,0.00,0.00,0,0.00,Low,0,0.00,Neutral,Stable,Yes,No,No,,,#NAME?,d8bfbde4-3505-4d76-9a79-ac6c5bb0437d,OK,2/13/2026,1/24/2026
143061,13813,Coral Island,"Role-playing (RPG), Simulator, Strategy, Adventure, Indie","Sandbox, Open world",Single player,Bird view / Isometric,,SSD,,,,"0 h,  00 m",11.74,,8.50,8.7,81.00,,,0.00,7.00,,0.00,0.00,0,0.00,Low,0,0.00,Neutral,Stable,N/A,Yes,No,,,#NAME?,43a76b49-dbb4-4f15-8281-78fce2c9946f,OK,2/1/2026,2/1/2026
228541,14493,Crime Boss: Rockay City,Shooter,Action,"Single player, Multiplayer, Co-operative",First person,,SSD,,,,"0 h,  00 m",73.57,9/23/2021,5.50,5.2,68.40,4,,0.00,6.60,,0.00,0.00,0,0.00,Low,0,0.00,Neutral,Stable,N/A,Yes,No,,,#NAME?,d3890408-ff0c-47d4-b147-ea3c610c8df9,OK,1/23/2026,1/23/2026
125633,19373,Crimson Desert,"Role-playing (RPG), Adventure","Action, Open world",Single player,Third person,,N/A,,,,"0 h,  00 m",,10/16/2024,-0.10,7.7,,,,0.00,,,0.00,0.00,0,0.00,Low,0,0.00,Neutral,Stable,Yes,No,No,,,#NAME?,3ebc2378-77fd-48bc-adb1-17cb955fc0e8,OK,2/13/2026,1/23/2026
389428,6944,Crimson Moon,"Role-playing (RPG), Adventure, Indie",Action,"Single player, Multiplayer, Co-operative",Third person,,N/A,,,,"0 h,  00 m",,9/13/2021,3.60,4.4,,,,0.00,,,0.00,0.00,0,0.00,Low,0,0.00,Neutral,Stable,Yes,No,No,,,#NAME?,adae5729-1144-446d-8c62-f99dcd49f453,OK,2/13/2026,2/12/2026
265827,17640,Crisol: Theater of Idols,"Shooter, Adventure","Action, Horror, Survival, Mystery",Single player,First person,,N/A,,,,"0 h,  00 m",,,8.50,8.5,,,,0.00,,,0.00,0.00,0,0.00,Low,0,0.00,Neutral,Stable,Yes,No,No,,,#NAME?,3262d95a-ac23-4993-b218-d2642c5a7ade,OK,2/13/2026,1/25/2026
320137,19035,Cronos: The New Dawn,"Shooter, Puzzle, Adventure","Action, Horror, Survival",Single player,Third person,,N/A,,4,,"0 h,  00 m",,,8.00,7.7,80.60,7,8,0.00,7.50,,0.00,0.00,0,0.00,Low,0,0.00,Neutral,Stable,Yes,No,No,,,#NAME?,edd91b95-850d-4893-b66c-1280f10b2c23,OK,1/23/2026,1/23/2026
35282,6635,Crosscode,,,,,,Extended Storage,,,,"0 h,  00 m",0.58,,8.10,8.3,,,,0.00,,,0.00,0.00,0,0.00,Low,0,0.00,Neutral,Stable,N/A,Yes,No,,,#NAME?,,OK,,3/9/2026
404692,12757,Crossfire,,,,,,N/A,,,,"0 h,  00 m",,10/21/2025,4.50,4.1,,,,0.00,,,0.00,0.00,0,0.00,Low,0,0.00,Neutral,Stable,No,No,No,,,#NAME?,,OK,,6/20/2026
240141,15628,Crymachina,,,,,,N/A,,,,"0 h,  00 m",,,7.00,6.8,,,,0.00,,,0.00,0.00,0,0.00,Low,0,0.00,Neutral,Stable,Yes,No,No,,,#NAME?,,OK,,4/23/2026
1877,8525,Cyperpunk 2077,"Shooter, Role-playing (RPG), Adventure","Action, Science fiction, Sandbox, Open world",Single player,"First person, Third person",,SSD,,,,"0 h,  00 m",62.96,,8.00,7.7,75.24,,,0.00,8.30,,0.00,0.00,0,0.00,Low,0,0.00,Neutral,Stable,N/A,Yes,Yes,,Enhanced for PS5.,#NAME?,3067ebc2-6341-4842-8dfe-b735291d484a,OK,2/6/2026,2/6/2026
213434,19699,Dark Atlas: Infernum,"Adventure, Indie",Horror,Single player,First person,,N/A,,3,,"0 h,  00 m",,,-0.10,5.5,,,,0.00,,,0.00,0.00,0,0.00,Low,0,0.00,Neutral,Stable,Yes,No,No,,,#NAME?,3504d32b-3fd3-4109-a1cc-cba3c6df95bd,OK,2/13/2026,1/23/2026
20048,1739,Darksiders II: Deathinitive Edition,,,,,,Extended Storage,,,,"0 h,  00 m",21.84,,7.60,7.7,,,,0.00,,,0.00,0.00,0,0.00,Low,0,0.00,Neutral,Stable,N/A,Yes,No,,,#NAME?,,OK,,7/20/2026
358770,5487,Darksiders IV,,,,,,N/A,,,,"0 h,  00 m",,5/14/2025,7.00,6.5,,,,0.00,,,0.00,0.00,0,0.00,Low,0,0.00,Neutral,Stable,Yes,No,No,,,#NAME?,,OK,,2/17/2026
203722,15151,Dave the Diver,,,,,,SSD,,,,"0 h,  00 m",3.23,,9.00,9,,,,0.00,,,0.00,0.00,0,0.00,Low,0,0.00,Neutral,Stable,N/A,Yes,No,,Significant enhancements for PS5 Pro,#NAME?,,OK,,2/15/2026
339698,2844,Dead by Daylight,,,,,,SSD,,,,"0 h,  00 m",65.02,10/29/2025,7.10,7,,,,0.00,,,0.00,0.00,0,0.00,Low,0,0.00,Neutral,Stable,N/A,Yes,No,,Significant enhancements for PS5 Pro.,#NAME?,,OK,,2/15/2026
7329,1551,Dead Island 2,,,,,,SSD,,,,"0 h,  00 m",66.21,11/13/2024,7.80,7.3,,,,0.00,,,0.00,0.00,0,0.00,Low,0,0.00,Neutral,Stable,N/A,Yes,Yes,,Significant enhancements for PS5 Pro.,#NAME?,,OK,,2/15/2026
159119,13897,Dead Space,"Shooter, Role-playing (RPG), Adventure","Action, Science fiction, Horror, Survival",Single player,Third person,,SSD,,4,,"0 h,  00 m",31.11,2/5/2026,9.00,8.9,90.57,9,9,0.00,8.40,,0.00,0.00,0,0.00,Low,0,0.00,Neutral,Stable,N/A,Yes,No,,Digital Deluxe Edition,#NAME?,c816705b-9f38-4255-8eaf-d7b892466ad3,OK,1/23/2026,1/23/2026
228530,18226,Death Stranding 2: On the Beach,"Shooter, Adventure","Action, Science fiction, Horror, Stealth, Open world",Single player,Third person,,N/A,,3,,"0 h,  00 m",,,9.00,8.9,91.75,9,7,0.00,9.50,,0.00,0.00,0,0.00,Low,0,0.00,Neutral,Stable,Yes,No,Yes,,,,5b7cd994-1239-48e7-9b6c-f56aebcbae35,OK,1/23/2026,1/23/2026
152063,12011,Death Stranding Director's Cut,"Shooter, Role-playing (RPG), Adventure","Action, Science fiction, Survival, Stealth, Open world",Single player,Third person,,SSD,,,,"0 h,  00 m",68.45,3/21/2024,9.00,8.7,90.86,,,0.00,8.80,,0.00,0.00,0,0.00,Low,0,0.00,Neutral,Stable,N/A,Yes,Yes,,,#NAME?,871c3ece-1a74-4316-8648-8c17dee7e765,OK,2/1/2026,2/1/2026
113598,10993,DeathLoop,"Shooter, Adventure","Action, Science fiction, Stealth","Single player, Multiplayer",First person,,SSD,,3,,"0 h,  00 m",29.65,6/9/2025,9.00,8.8,89.70,10,10,0.00,8.10,,0.00,0.00,0,0.00,Low,0,0.00,Neutral,Stable,N/A,Yes,No,,,#NAME?,31c8d3d5-3505-46ce-b4aa-c7815a684b66,OK,1/23/2026,1/23/2026
27134,9436,Deep Rock Galactic,,,,,,SSD,,,,"0 h,  00 m",3.60,9/17/2025,8.50,8.5,,,,0.00,,,0.00,0.00,0,0.00,Low,0,0.00,Neutral,Stable,N/A,Yes,No,,Significant enhancements for PS5 Pro.,#NAME?,,OK,,2/15/2026
20326,8443,Deliver Us the Moon,,,,,,Extended Storage,,,,"0 h,  00 m",6.80,,7.70,7.4,,,,0.00,,,0.00,0.00,0,0.00,Low,0,0.00,Neutral,Stable,N/A,Yes,No,,Significant enhancements for PS5 Pro,#NAME?,,OK,,2/15/2026
134606,10255,Demon's Souls,"Role-playing (RPG), Hack and slash/Beat 'em up, Adventure","Action, Fantasy, Horror, Mystery","Single player, Multiplayer, Co-operative",Third person,,SSD,,3,,"0 h,  00 m",53.81,,9.00,9.2,92.33,9,9,0.00,8.60,,0.00,0.00,0,0.00,Low,0,0.00,Neutral,Stable,N/A,Yes,No,,,#NAME?,519756ee-5b70-4615-951e-b682cfd18922,OK,1/23/2026,1/23/2026
125165,14353,Diablo IV,,,,,,SSD,,,,"0 h,  00 m",135.20,9/17/2025,9.00,8.9,,,,0.00,,,0.00,0.00,0,0.00,Low,0,0.00,Neutral,Stable,N/A,Yes,No,,Significant enhancements for PS5 Pro.,#NAME?,,OK,,2/15/2026
331188,19394,Digimon Story: Time Stranger,Role-playing (RPG),Science fiction,Single player,,,N/A,,,,"0 h,  00 m",,,8.00,7.8,83.00,8,8,0.00,9.20,,0.00,0.00,0,0.00,Low,0,0.00,Neutral,Stable,Yes,No,No,,,#NAME?,56ddbc5e-581d-4d42-9050-c0e538b685ad,OK,2/13/2026,1/23/2026
325609,19505,Dispatch,"Strategy, Adventure","Action, Comedy",Single player,"Bird view / Isometric, Text",,N/A,,4,,"0 h,  00 m",,,9.00,8.9,85.00,9,8,0.00,8.90,,0.00,0.00,0,0.00,Low,0,0.00,Neutral,Stable,Yes,No,No,,,#NAME?,62f2b6b0-62bb-431a-953f-1b52194be249,OK,1/23/2026,1/23/2026
381216,525,Divinity,,Fantasy,,,,N/A,,,,"0 h,  00 m",,,9.00,8.3,,,,0.00,,,0.00,0.00,0,0.00,Low,0,0.00,Neutral,Stable,No,No,No,,,#NAME?,cbdfb7e0-c7ea-47f2-9a83-c478b006e6d9,OK,2/13/2026,2/7/2026
103337,6529,Divinity: Original Sin 2 - Definitive Edition,"Role-playing (RPG), Strategy, Adventure",Fantasy,"Single player, Multiplayer, Co-operative, Split screen",Bird view / Isometric,,Extended Storage,,,,"0 h,  00 m",18.55,9/25/2023,9.00,9,92.56,,,0.00,9.00,,0.00,0.00,0,0.00,Low,0,0.00,Neutral,Stable,N/A,Yes,Yes,,Updated with extra PS5 content.,#NAME?,d7ca2f54-504f-4a92-9ef8-5785bbc23b05,OK,2/6/2026,2/6/2026
103298,7410,DOOM Eternal,Shooter,"Action, Fantasy, Science fiction, Horror, Warfare","Single player, Multiplayer",First person,,Extended Storage,,,,"0 h,  00 m",84.52,,9.00,8.7,86.07,,,0.00,8.50,,0.00,0.00,0,0.00,Low,0,0.00,Neutral,Stable,N/A,Yes,No,,Significant enhancements for PS5 Pro.,#NAME?,2aaea2db-b577-48c9-ab34-5046f6ee3df1,OK,2/10/2026,2/10/2026
302704,18023,DOOM: The Dark Ages,Shooter,"Action, Fantasy, Science fiction",Single player,First person,,N/A,,,,"0 h,  00 m",,7/14/2025,9.00,8.3,86.67,9,8,0.00,8.40,,0.00,0.00,0,0.00,Low,0,0.00,Neutral,Stable,Yes,No,Yes,,,,d57be9f7-4c31-4737-ab88-f798a2bb50f9,OK,1/23/2026,1/23/2026
30208,17037,Dragon Age: The Veilguard,"Role-playing (RPG), Strategy, Adventure","Action, Fantasy",Single player,Third person,,N/A,,4,,"0 h,  00 m",,1/27/2025,8.00,8.2,90.57,9,8,0.00,7.00,,0.00,0.00,0,0.00,Low,0,0.00,Neutral,Stable,Yes,No,Yes,,,#NAME?,77eb6e59-7458-4a94-8718-d1d8c280c9f5,OK,1/23/2026,1/23/2026
306144,19041,Dragon Quest I & II HD-2D Remake,"Role-playing (RPG), Adventure",Fantasy,Single player,Bird view / Isometric,,N/A,,,,"0 h,  00 m",,3/30/2027,8.50,8.5,86.00,,,0.00,,,0.00,0.00,0,0.00,Low,0,0.00,Neutral,Stable,Yes,No,No,,,#NAME?,563220bc-35ab-40e3-859d-b4024129851a,OK,2/13/2026,2/5/2026
149980,17648,Dragon Quest III HD-2D Remake,"Role-playing (RPG), Turn-based strategy (TBS), Adventure",Fantasy,Single player,Bird view / Isometric,,N/A,,4,,"0 h,  00 m",,,8.70,8.4,87.00,9,8,0.00,7.40,,0.00,0.00,0,0.00,Low,0,0.00,Neutral,Stable,Yes,No,No,,,#NAME?,3a86dbe3-a872-426d-be56-c409997b7005,OK,1/23/2026,1/23/2026
366884,19296,Dragon Quest VII Reimagined,"Role-playing (RPG), Adventure",Fantasy,Single player,"Third person, Bird view / Isometric",,N/A,,,,"0 h,  00 m",,12/30/2026,8.60,8.3,92.50,,,0.00,,,0.00,0.00,0,0.00,Low,0,0.00,Neutral,Stable,Yes,No,Yes,,,#NAME?,eb37be88-7f4e-4ccc-af3a-35efe5b7ab4d,OK,2/13/2026,2/6/2026
149978,13612,Dragon Quest XII: The Flames of Fate,,,,,,N/A,,,,"0 h,  00 m",,,6.50,6.3,,,,0.00,,,0.00,0.00,0,0.00,Low,0,0.00,Neutral,Stable,No,No,No,,,#NAME?,,OK,,4/23/2026
115060,16051,Dragon's Dogma 2,Role-playing (RPG),"Action, Fantasy, Open world",Single player,Third person,,N/A,,,,"0 h,  00 m",,11/13/2018,9.00,8.6,90.83,8,9,0.00,7.40,,0.00,0.00,0,0.00,Low,0,0.00,Neutral,Stable,Yes,No,Yes,,,#NAME?,b3eb6e02-b12e-42cc-996c-9c14df752dcb,OK,1/23/2026,1/23/2026
288865,20242,Dragonkin: The Banished,,,,,,N/A,,,,"0 h,  00 m",,,7.40,,,,,0.00,,,0.00,0.00,0,0.00,Low,0,0.00,Neutral,Stable,No,No,No,,,#NAME?,,OK,,8/17/2026
164867,14348,Dredge,,,,,,Extended Storage,,,,"0 h,  00 m",0.74,,8.50,7.9,,,,0.00,,,0.00,0.00,0,0.00,Low,0,0.00,Neutral,Stable,N/A,Yes,Yes,,Significant enhancements for PS5 Pro,#NAME?,,OK,,2/15/2026
214394,18178,Dune: Awakening,"Role-playing (RPG), Adventure","Action, Science fiction, Open world","Single player, Multiplayer, Co-operative, Massively Multiplayer Online (MMO)",Third person,,N/A,,,,"0 h,  00 m",,,8.00,7.8,89.00,8,7,0.00,7.30,,0.00,0.00,0,0.00,Low,0,0.00,Neutral,Stable,Yes,No,Yes,,,#NAME?,fb72b936-6b9d-4230-bece-b5d4b27c9a9f,OK,1/23/2026,1/23/2026
314252,18724,Dying Light: The Beast,"Role-playing (RPG), Adventure","Action, Horror, Survival","Single player, Multiplayer, Co-operative",First person,,N/A,,4,,"0 h,  00 m",,,8.00,7.9,80.20,7,8,0.00,7.00,,0.00,0.00,0,0.00,Low,0,0.00,Neutral,Stable,Yes,No,Yes,,,#NAME?,871334ee-2682-447f-a741-f12c8a3d2433,OK,2/10/2026,1/23/2026
113998,12428,Dysmantle,,,,,,SSD,,,,"0 h,  00 m",1.25,5/3/2020,7.80,8.2,,,,0.00,,,0.00,0.00,0,0.00,Low,0,0.00,Neutral,Stable,N/A,Yes,No,,Significant enhancements for PS5 Pro,#NAME?,,OK,,2/15/2026
145983,12758,Earthblade,"Role-playing (RPG), Adventure, Indie",Action,Single player,Side view,,N/A,,,,"0 h,  00 m",,4/9/2020,-0.10,9.6,,,,0.00,,,0.00,0.00,0,0.00,Low,0,0.00,Neutral,Stable,No,No,No,,,#NAME?,842f5ef6-8eaf-43a7-8640-0291a786cfbf,OK,2/13/2026,1/23/2026
330673,19303,Easy Delivery Co.,,,,,,N/A,,,,"0 h,  00 m",,,7.00,,,,,0.00,,,0.00,0.00,0,0.00,Low,0,0.00,Neutral,Stable,No,No,No,,,#NAME?,,OK,,8/17/2026
393932,20207,Echoes of Aincrad,,,,,,N/A,,,,"0 h,  00 m",,,6.50,,,,,0.00,,,0.00,0.00,0,0.00,Low,0,0.00,Neutral,Stable,No,No,No,,,#NAME?,,OK,,8/17/2026
152072,18978,Echoes of the End,Adventure,"Action, Fantasy, Mystery",Single player,Third person,,SSD,,,,"0 h,  00 m",40.76,,7.00,6.6,82.00,,,0.00,6.70,,0.00,0.00,0,0.00,Low,0,0.00,Neutral,Stable,N/A,Yes,No,,,#NAME?,871ce7be-62d1-49ab-8f05-9ceff6ccefc4,OK,1/23/2026,1/23/2026
333201,9269,Edge of Memories,,,,,,N/A,,,,"0 h,  00 m",,,-0.10,5.5,,,,0.00,,,0.00,0.00,0,0.00,Low,0,0.00,Neutral,Stable,Yes,No,No,,,#NAME?,,OK,,2/17/2026
151788,15563,"El Paso, Elsewhere",Shooter,"Action, Horror",Single player,Third person,,N/A,,3,,"0 h,  00 m",,,8.00,7.8,81.67,,8,0.00,,,0.00,0.00,0,0.00,Low,0,0.00,Neutral,Stable,Yes,No,No,,,#NAME?,186e9684-59e7-45ea-8c78-e8bf8006a0cd,OK,2/13/2026,1/23/2026
55147,12561,ELEX II,,,,,,Extended Storage,,,,"0 h,  00 m",25.59,,7.00,6.5,,,,0.00,,,0.00,0.00,0,0.00,Low,0,0.00,Neutral,Stable,N/A,Yes,No,,Significant enhancements for PS5 Pro.,#NAME?,,OK,,2/15/2026
347637,1407,End of Abyss,,,,,,N/A,,,,"0 h,  00 m",,,7.00,7,,,,0.00,,,0.00,0.00,0,0.00,Low,0,0.00,Neutral,Stable,No,No,No,,,#NAME?,,OK,,6/20/2026
218521,17272,Enotria: The Last Song Standard Edition,,,,,,N/A,,,,"0 h,  00 m",12.01,,7.00,6.9,,,,0.00,,,0.00,0.00,0,0.00,Low,0,0.00,Neutral,Stable,N/A,Yes,No,,,#NAME?,,OK,,5/13/2026
248643,16119,Enshrouded,"Role-playing (RPG), Adventure","Action, Survival","Single player, Multiplayer, Co-operative",Third person,,N/A,,4,,"0 h,  00 m",,,8.00,8.5,,8,,0.00,7.90,,0.00,0.00,0,0.00,Low,0,0.00,Neutral,Stable,No,No,Yes,,,#NAME?,59147753-81d1-49d2-8bd4-6aa768339358,OK,2/13/2026,1/23/2026
305107,18891,Eriksholm: The Stolen Dream,"Strategy, Adventure","Action, Stealth",Single player,Bird view / Isometric,,N/A,,4,,"0 h,  00 m",,,8.40,7.8,82.00,,,0.00,8.00,,0.00,0.00,0,0.00,Low,0,0.00,Neutral,Stable,Yes,No,No,,,#NAME?,ff00e5da-5c3c-4f6d-b6e0-2672caaf8fa5,OK,1/23/2026,1/23/2026
211624,19945,Escape from Ever After,,,,,,N/A,,,,"0 h,  00 m",,,8.30,,,,,0.00,,,0.00,0.00,0,0.00,Low,0,0.00,Neutral,Stable,No,No,No,,,#NAME?,,OK,,8/17/2026
295199,17977,Eternal Strands,Adventure,"Action, Fantasy",Single player,Third person,,N/A,,,,"0 h,  00 m",,6/21/2023,7.80,6.9,83.20,7,6,0.00,8.00,,0.00,0.00,0,0.00,Low,0,0.00,Neutral,Stable,Yes,No,No,,,#NAME?,75b00564-0943-4d1b-a220-6b2d9dad7a84,OK,1/23/2026,1/23/2026
279621,8920,Exodus,"Role-playing (RPG), Adventure","Action, Science fiction",Single player,Third person,,N/A,,,,"0 h,  00 m",,5/27/2019,-0.10,7,,,,0.00,,,0.00,0.00,0,0.00,Low,0,0.00,Neutral,Stable,Yes,No,No,,,#NAME?,b3b1c577-9400-4d5a-873e-db86e73e76b3,OK,2/13/2026,1/23/2026
262534,16374,Expeditions: A Mudrunner Game,,,,,,SSD,,,,"0 h,  00 m",19.87,4/13/2025,8.00,8,,,,0.00,,,0.00,0.00,0,0.00,Low,0,0.00,Neutral,Stable,N/A,Yes,Yes,,Significant enhancements for PS5 Pro,#NAME?,,OK,,2/15/2026
92550,16707,Fable,"Role-playing (RPG), Adventure","Action, Fantasy, Open world",Single player,Third person,,N/A,,,,"0 h,  00 m",,8/25/2025,8.00,8,,,,0.00,,,0.00,0.00,0,0.00,Low,0,0.00,Neutral,Stable,Yes,No,No,,,#NAME?,5a94d8d0-fcfa-48a7-b3f1-d7a1311be68c,OK,2/13/2026,2/5/2026
9630,1508,Fallout 4,,,,,,Extended Storage,,,,"0 h,  00 m",56.53,,9.00,8.6,,,,0.00,,,0.00,0.00,0,0.00,Low,0,0.00,Neutral,Stable,N/A,Yes,Yes,,Significant enhancements for PS5 Pro.,#NAME?,,OK,,2/14/2026
126290,9783,Far Cry 6,,,,,,Extended Storage,,,,"0 h,  00 m",101.90,8/19/2021,8.00,7.8,,,,0.00,,,0.00,0.00,0,0.00,Low,0,0.00,Neutral,Stable,N/A,Yes,Yes,,Significant enhancements for PS5 Pro,#NAME?,,OK,,2/15/2026
306822,17647,Farming Simulator 25,,,,,,SSD,,,,"0 h,  00 m",19.85,,7.50,7.3,,,,0.00,,,0.00,0.00,0,0.00,Low,0,0.00,Neutral,Stable,N/A,Yes,No,,,#NAME?,,OK,,7/24/2026
366890,19728,Fatal Frame II: Crimson Butterfly Remake,Adventure,"Action, Horror, Survival",Single player,"First person, Third person",,N/A,,,,"0 h,  00 m",,3/23/2022,-0.10,8,,,,0.00,,,0.00,0.00,0,0.00,Low,0,0.00,Neutral,Stable,Yes,No,No,,,#NAME?,5b45cb79-f604-4e2a-a459-65267f03dfa2,OK,2/13/2026,1/22/2026
405454,20820,Final Fantasy Resonance,,,,,,N/A,,,,"0 h,  00 m",,10/20/2022,-0.10,,,,,0.00,,,0.00,0.00,0,0.00,Low,0,0.00,Neutral,Stable,No,No,No,,,#NAME?,,OK,,6/20/2026
132236,15136,Final Fantasy VII Rebirth,"Role-playing (RPG), Adventure, Indie",Action,Single player,"First person, Third person",,N/A,,,,"0 h,  00 m",,,9.40,9.2,,9,8,0.00,,,0.00,0.00,0,0.00,Low,0,0.00,Neutral,Stable,Yes,No,Yes,,,#NAME?,c394d57e-9699-49b9-bb58-abf4ee48c744,OK,2/13/2026,1/23/2026
11169,8586,Final Fantasy VII Remake,"Role-playing (RPG), Adventure","Action, Fantasy, Science fiction",Single player,Third person,,Extended Storage,,,,"0 h,  00 m",98.52,,9.00,8.4,89.27,,,0.00,8.80,,0.00,0.00,0,0.00,Low,0,0.00,Neutral,Stable,N/A,Yes,No,,,#NAME?,3b84b875-5dc9-4629-8ae4-4d5e2e07e980,OK,2/1/2026,2/1/2026
404721,1566,Final Fantasy VII Revelation,,,,,,N/A,,,,"0 h,  00 m",,,8.20,8.1,,,,0.00,,,0.00,0.00,0,0.00,Low,0,0.00,Neutral,Stable,Yes,No,No,,,#NAME?,,OK,,6/20/2026
31551,14516,Final Fantasy XVI,Role-playing (RPG),"Action, Fantasy",Single player,Third person,,SSD,,,,"0 h,  00 m",91.54,,9.00,8.7,91.89,9,9,0.00,8.40,,0.00,0.00,0,0.00,Low,0,0.00,Neutral,Stable,N/A,Yes,Yes,,,#NAME?,9bf03727-6b56-4e2c-93b0-61e1d0764d52,OK,1/23/2026,1/23/2026
335254,19420,Firefighting Simulator: Ignite,,,,,,SSD,,,,"0 h,  00 m",28.18,,-0.10,8,,,,0.00,,,0.00,0.00,0,0.00,Low,0,0.00,Neutral,Stable,N/A,Yes,No,,,#NAME?,,OK,,7/24/2026
115304,9525,Five Nights at Freddy's: Help Wanted,"Puzzle, Adventure","Action, Horror, Survival",Single player,"First person, Virtual Reality",,SSD,,,,"0 h,  00 m",10.75,,4.80,5.1,90.00,,,0.00,8.00,,0.00,0.00,0,0.00,Low,0,0.00,Neutral,Stable,N/A,Yes,No,,,#NAME?,df0735ca-a26b-4f68-9432-044878f83c13,OK,2/1/2026,2/1/2026
194436,16947,Flintlock: The Siege of Dawn,,,,,,SSD,,,,"0 h,  00 m",16.33,12/31/2026,7.00,6.9,,,,0.00,,,0.00,0.00,0,0.00,Low,0,0.00,Neutral,Stable,N/A,Yes,No,,,#NAME?,,OK,,4/23/2026
406712,21048,Forensics Crime Scene Detective,,,,,,N/A,,,,"0 h,  00 m",,,-0.10,,,,,0.00,,,0.00,0.00,0,0.00,Low,0,0.00,Neutral,Stable,No,No,No,,,#NAME?,,OK,,8/17/2026
187096,15172,Forever Skies,"Simulator, Adventure","Action, Science fiction, Survival","Single player, Multiplayer, Co-operative",First person,,N/A,,4,,"0 h,  00 m",,11/18/2026,7.50,6.6,,,,0.00,7.00,,0.00,0.00,0,0.00,Low,0,0.00,Neutral,Stable,Yes,No,No,,,#NAME?,0c14d4dd-9e82-411e-9db4-38157dea9d4b,OK,2/12/2026,1/23/2026
134583,13945,Forspoken,"Role-playing (RPG), Adventure","Action, Fantasy, Open world",Single player,Third person,,N/A,,,,"0 h,  00 m",,,7.00,6.4,67.33,6,5,0.00,5.90,,0.00,0.00,0,0.00,Low,0,0.00,Neutral,Stable,Yes,No,No,,,#NAME?,9b2751dc-723f-4aea-b32c-6a7abd74b15c,OK,1/23/2026,1/23/2026
204356,15387,Fort Solis,"Adventure, Indie","Action, Science fiction, Horror",Single player,"Third person, Bird view / Isometric",,Extended Storage,,3,,"0 h,  00 m",7.57,,6.70,6,64.00,,7,0.00,6.90,,0.00,0.00,0,0.00,Low,0,0.00,Neutral,Stable,N/A,Yes,No,,,#NAME?,6edfaed6-659a-4a0b-b12e-0e5d5b1c111a,OK,1/23/2026,1/23/2026
141503,11624,Forza Horizon 5,Racing,"Action, Open world","Single player, Multiplayer, Co-operative","First person, Third person",,N/A,,,,"0 h,  00 m",,,9.10,9.2,94.09,10,9,0.00,8.50,,0.00,0.00,0,0.00,Low,0,0.00,Neutral,Stable,Yes,No,Yes,,,#NAME?,0c8786c1-fb9a-4dd5-bc67-ee17cd3a8bdd,OK,2/10/2026,1/23/2026
380664,14482,Fourteen Years of Flames,"Shooter, Adventure",Action,Single player,First person,,N/A,,,,"0 h,  00 m",,,7.60,7.5,,,,0.00,,,0.00,0.00,0,0.00,Low,0,0.00,Neutral,Stable,No,No,No,,,#NAME?,541557b0-647b-4d2a-8dd3-94a0a1717e99,OK,2/12/2026,2/11/2026
361663,13649,Gallipoli,,,,,,N/A,,,,"0 h,  00 m",,9/8/2019,8.00,7.7,,,,0.00,,,0.00,0.00,0,0.00,Low,0,0.00,Neutral,Stable,No,No,No,,,#NAME?,,OK,,4/28/2026
121531,11983,Gamedec: Definitive Edition,,,,,,N/A,,,,"0 h,  00 m",,,7.50,7,,,,0.00,,,0.00,0.00,0,0.00,Low,0,0.00,Neutral,Stable,No,No,No,,,#NAME?,,OK,,5/16/2026
381227,3364,Gang of Dragon,Adventure,Action,Single player,Third person,,N/A,,,,"0 h,  00 m",,,-0.10,6,,,,0.00,,,0.00,0.00,0,0.00,Low,0,0.00,Neutral,Stable,No,No,No,,,#NAME?,fd981432-0bfd-4df0-986f-a8ccb96f6673,OK,2/12/2026,1/25/2026
342721,18510,Gears of War Reloaded,Shooter,"Action, Science fiction, Horror","Single player, Multiplayer, Co-operative, Split screen",Third person,,N/A,,3,,"0 h,  00 m",,,8.00,7.9,87.50,,,0.00,7.20,,0.00,0.00,0,0.00,Low,0,0.00,Neutral,Stable,Yes,No,No,,,#NAME?,26e310f5-d064-4520-8a37-bf19f514305f,OK,1/23/2026,1/23/2026
325593,15002,Gen Atlas,,,,,,N/A,,,,"0 h,  00 m",,7/28/2025,7.00,6.1,,,,0.00,,,0.00,0.00,0,0.00,Low,0,0.00,Neutral,Stable,No,No,No,,,#NAME?,,OK,,6/20/2026
119277,10217,Genshin Impact,"Role-playing (RPG), Adventure","Action, Fantasy, Open world","Single player, Multiplayer, Co-operative",Third person,,SSD,,,,"0 h,  00 m",157.80,9/23/2024,8.00,8.2,83.29,,,0.00,7.90,,0.00,0.00,0,0.00,Low,0,0.00,Neutral,Stable,N/A,Yes,Yes,,,#NAME?,51e259a9-08e1-4e41-92d4-9cccb1453892,OK,2/1/2026,2/1/2026
153700,9592,Ghost of Tsushima: Director's Cut,"Role-playing (RPG), Adventure","Action, Historical, Stealth, Drama, Open world","Single player, Multiplayer, Co-operative",Third person,,SSD,,,,"0 h,  00 m",59.19,,9.00,8.2,92.20,,,0.00,8.70,,0.00,0.00,0,0.00,Low,0,0.00,Neutral,Stable,N/A,Yes,Yes,,Significant enhancements for PS5 Pro.,#NAME?,1e86571d-a658-4282-91b6-c5b6b2546823,OK,2/12/2026,2/12/2026
317627,18449,Ghost of Yotei,"Role-playing (RPG), Adventure","Action, Historical, Stealth, Open world",Single player,Third person,,N/A,,3,,"0 h,  00 m",,4/15/2024,9.00,8.6,90.33,8,9,0.00,8.20,,0.00,0.00,0,0.00,Low,0,0.00,Neutral,Stable,Yes,No,Yes,,,#NAME?,173c488b-09fb-4fd6-928d-7a6559b11312,OK,1/23/2026,1/23/2026
119308,12720,Ghostwire: Tokyo,Adventure,"Action, Fantasy, Horror, Mystery",Single player,First person,,N/A,,3,,"0 h,  00 m",,,8.00,7.5,76.71,7,8,0.00,7.60,,0.00,0.00,0,0.00,Low,0,0.00,Neutral,Stable,Yes,No,Yes,,,#NAME?,e652d836-ee90-45d5-aac6-432bca6b77f3,OK,1/23/2026,1/23/2026
112875,12919,God of War Ragnarok,"Role-playing (RPG), Hack and slash/Beat 'em up, Adventure","Action, Fantasy, Open world",Single player,Third person,,SSD,,,,"0 h,  00 m",86.08,,9.50,8.9,94.62,,,0.00,9.10,,0.00,0.00,0,0.00,Low,0,0.00,Neutral,Stable,N/A,Yes,Yes,,Significant enhancements for PS5 Pro.,#NAME?,9b75153a-6394-4000-9f30-6aa9636a2272,OK,2/10/2026,2/10/2026
389443,5434,God of War: Sons of Sparta,,Action,,Side view,,N/A,,,,"0 h,  00 m",,,9.50,9.5,,,,0.00,,,0.00,0.00,0,0.00,Low,0,0.00,Neutral,Stable,Yes,No,No,,,#NAME?,205c3995-c3ca-4743-ab6a-05e087168b52,OK,2/12/2026,2/12/2026
404939,20818,Godzilla: Destroy All Monsters Melee Remastered,,,,,,N/A,,,,"0 h,  00 m",,12/31/2026,-0.10,,,,,0.00,,,0.00,0.00,0,0.00,Low,0,0.00,Neutral,Stable,No,No,No,,,#NAME?,,OK,,6/20/2026
136993,13348,Gotham Knights,"Role-playing (RPG), Hack and slash/Beat 'em up, Adventure","Action, Open world, Mystery","Single player, Multiplayer, Co-operative",Third person,,SSD,,,,"0 h,  00 m",43.48,,7.00,6.7,68.17,5,4,0.00,6.60,,0.00,0.00,0,0.00,Low,0,0.00,Neutral,Stable,N/A,Yes,Yes,,Deluxe Edition,#NAME?,08ca9c72-3fec-45fa-9cce-d4aa18c10669,OK,1/23/2026,1/23/2026
148227,11055,Gothic 1 Remake,Role-playing (RPG),"Action, Fantasy, Open world",Single player,Third person,,N/A,,,,"0 h,  00 m",,,6.30,6.1,,,,0.00,,,0.00,0.00,0,0.00,Low,0,0.00,Neutral,Stable,Yes,No,No,,,#NAME?,a98bacf0-6656-4513-a802-59c5d21230df,OK,2/12/2026,1/25/2026
270397,15930,Gothic II Complete Classic,,,,,,N/A,,,,"0 h,  00 m",,8/6/2017,7.50,7.2,,,,0.00,,,0.00,0.00,0,0.00,Low,0,0.00,Neutral,Stable,Yes,No,No,,,#NAME?,,OK,,4/23/2026
358766,15930,Gothic III Classic,,,,,,N/A,,,,"0 h,  00 m",,,7.50,7.2,,,,0.00,,,0.00,0.00,0,0.00,Low,0,0.00,Neutral,Stable,No,No,No,,,#NAME?,,OK,,4/23/2026
178123,12330,Grand Theft Auto III - The Definitive Edition,,,,,,Extended Storage,,,,"0 h,  00 m",5.53,9/3/2025,7.90,7.7,,,,0.00,,,0.00,0.00,0,0.00,Low,0,0.00,Neutral,Stable,N/A,Yes,No,,Significant enhancements for PS5 Pro.,#NAME?,,OK,,2/15/2026
239064,163,Grand Theft Auto VI,,,,,,SSD,,,,"0 h,  00 m",102.36,1/24/2023,9.50,8.9,,,,0.00,,,0.00,0.00,0,0.00,Low,0,0.00,Neutral,Stable,N/A,Yes,Yes,,Significant enhancements for PS5 Pro.,#NAME?,,OK,,3/12/2026
52189,15398,Grand Theft Auto VI,"Shooter, Racing, Adventure","Action, Comedy, Sandbox, Open world","Single player, Multiplayer, Co-operative","First person, Third person",,N/A,,,,"0 h,  00 m",,2/12/2026,-0.10,,,,,0.00,,,0.00,0.00,0,0.00,Low,0,0.00,Neutral,Stable,Yes,No,No,,,#NAME?,3b7d9ab9-afc9-4a29-96c9-eaeb92edff0c,OK,2/11/2026,2/11/2026
178126,12330,Grand Theft Auto: San Andreas - The Definitive Edition,,,,,,Extended Storage,,,,"0 h,  00 m",25.06,4/25/2023,7.90,7.7,,,,0.00,,,0.00,0.00,0,0.00,Low,0,0.00,Neutral,Stable,N/A,Yes,No,,Significant enhancements for PS5 Pro.,#NAME?,,OK,,2/15/2026
178125,12330,Grand Theft Auto: Vice City - The Definitive Edition,,,,,,Extended Storage,,,,"0 h,  00 m",11.89,,7.90,7.7,,,,0.00,,,0.00,0.00,0,0.00,Low,0,0.00,Neutral,Stable,N/A,Yes,No,,Significant enhancements for PS5 Pro.,#NAME?,,OK,,2/15/2026
27092,8085,GreedFall,"Role-playing (RPG), Strategy, Adventure","Action, Fantasy, Mystery",Single player,Third person,,Extended Storage,,,,"0 h,  00 m",20.57,,7.60,7.1,70.64,,,0.00,7.30,,0.00,0.00,0,0.00,Low,0,0.00,Neutral,Stable,N/A,Yes,No,,Enhanced for PS5.,#NAME?,0fb5ed9e-aa5b-4f00-a868-4468e3e89802,OK,2/6/2026,2/6/2026
201961,17355,GreedFall: The Dying World,"Role-playing (RPG), Adventure","Action, Fantasy, Science fiction",Single player,Third person,,N/A,,,,"0 h,  00 m",,,-0.10,4.7,,,,0.00,,,0.00,0.00,0,0.00,Low,0,0.00,Neutral,Stable,Yes,No,No,,,#NAME?,3eaef837-18b1-4385-94e7-e239c4a059bb,OK,2/10/2026,2/10/2026
101461,8233,Green Hell,,,,,,SSD,,,,"0 h,  00 m",4.38,8/26/2019,7.90,8.1,,,,0.00,,,0.00,0.00,0,0.00,Low,0,0.00,Neutral,Stable,N/A,Yes,No,,Significant enhancements for PS5 Pro,#NAME?,,OK,,2/15/2026
253340,20427,Ground Zero,,,,,,N/A,,,,"0 h,  00 m",,,8.00,7.8,,,,0.00,,,0.00,0.00,0,0.00,Low,0,0.00,Neutral,Stable,No,No,No,,,#NAME?,,OK,,5/17/2026
125624,13730,Grounded,,,,,,SSD,,,,"0 h,  00 m",10.39,,8.10,8.3,,,,0.00,,,0.00,0.00,0,0.00,Low,0,0.00,Neutral,Stable,N/A,Yes,Yes,,Significant enhancements for PS5 Pro,#NAME?,,OK,,2/15/2026
348187,18998,Grounded 2,"Role-playing (RPG), Adventure","Action, Survival","Single player, Multiplayer, Co-operative","First person, Third person",,N/A,,,,"0 h,  00 m",,,8.10,7.9,80.00,,,0.00,8.40,,0.00,0.00,0,0.00,Low,0,0.00,Neutral,Stable,Yes,No,Yes,,,#NAME?,937bb853-ec72-4938-b46f-bab4b6d5e803,OK,1/26/2026,1/26/2026
408607,1802,Guns of Eschaton,,,,,,N/A,,,,"0 h,  00 m",,,-0.10,8.4,,,,0.00,,,0.00,0.00,0,0.00,Low,0,0.00,Neutral,Stable,No,No,No,,,#NAME?,,OK,,7/1/2026
392096,19374,Halloween: The Game,,,,,,N/A,,,,"0 h,  00 m",,,-0.10,,,,,0.00,,,0.00,0.00,0,0.00,Low,0,0.00,Neutral,Stable,Yes,No,No,,,#NAME?,1bcd3300-b549-410d-baa1-f294304ef8d2,OK,2/9/2026,1/24/2026
375232,114,Halo: Campaign Evolved,"Shooter, Adventure","Action, Science fiction, Warfare","Single player, Multiplayer, Co-operative","First person, Third person",,N/A,,,,"0 h,  00 m",,2/25/2026,7.60,7.1,,,,0.00,,,0.00,0.00,0,0.00,Low,0,0.00,Neutral,Stable,Yes,No,No,,,#NAME?,387d1f4e-3efe-4dd0-af8d-6c283e344551,OK,2/9/2026,1/25/2026
47157,16585,Harold Halibut,"Simulator, Adventure, Indie","Science fiction, Drama, Mystery",Single player,Side view,,Extended Storage,,3,,"0 h,  00 m",48.56,8/21/2023,7.50,6.9,66.67,8,7,0.00,7.80,,0.00,0.00,0,0.00,Low,0,0.00,Neutral,Stable,N/A,Yes,No,,,#NAME?,175fdd05-8c32-4804-95c7-8cede1bb4a0a,OK,1/23/2026,1/23/2026
314449,7254,Hela,Adventure,"Action, Open world","Single player, Multiplayer, Co-operative",Third person,,N/A,,,,"0 h,  00 m",,,-0.10,6.4,,,,0.00,,,0.00,0.00,0,0.00,Low,0,0.00,Neutral,Stable,Yes,No,No,,,#NAME?,34c22edd-204c-4a1c-b3bf-249d6030a5b2,OK,2/9/2026,1/29/2026
196954,18115,Hell is Us,"Role-playing (RPG), Adventure","Action, Fantasy, Science fiction, Horror, Warfare",Single player,Third person,,N/A,,3,,"0 h,  00 m",,12/8/2024,8.00,7.7,90.00,7,7,0.00,7.40,,0.00,0.00,0,0.00,Low,0,0.00,Neutral,Stable,Yes,No,No,,,,dcbe9369-b996-467b-9192-343ecdbc35e3,OK,1/23/2026,1/23/2026
7603,4516,Hellblade: Senua's Sacrifice,"Simulator, Hack and slash/Beat 'em up, Adventure, Indie","Action, Fantasy, Historical",Single player,Third person,,N/A,,,,"0 h,  00 m",,5/1/2024,8.50,8.7,84.27,,,0.00,8.40,,0.00,0.00,0,0.00,Low,0,0.00,Neutral,Stable,Yes,No,No,,,#NAME?,49987874-ce95-4a2d-a660-e0b30a684879,OK,2/10/2026,2/10/2026
250616,15908,Helldivers II,"Shooter, Tactical","Action, Science fiction","Single player, Multiplayer, Co-operative","First person, Third person",,SSD,,,,"0 h,  00 m",37.87,12/4/2024,8.50,8.2,87.71,9,,0.00,8.20,,0.00,0.00,0,0.00,Low,0,0.00,Neutral,Stable,N/A,Yes,No,,,,49096e45-0136-4908-9a1e-71d4a918b7ed,OK,1/23/2026,1/23/2026
233585,14227,Hi-Fi Rush,"Music, Platform, Hack and slash/Beat 'em up, Adventure",Action,Single player,Third person,,N/A,,,,"0 h,  00 m",,,9.00,8.7,86.17,9,9,0.00,8.60,,0.00,0.00,0,0.00,Low,0,0.00,Neutral,Stable,Yes,No,No,,,#NAME?,3788d900-3fc2-45b9-a945-4b45ebdea9c5,OK,1/23/2026,1/23/2026
348166,19191,High on Life 2,"Shooter, Adventure","Action, Science fiction, Comedy",Single player,First person,,N/A,,,,"0 h,  00 m",,,-0.10,7.7,,,,0.00,,,0.00,0.00,0,0.00,Low,0,0.00,Neutral,Stable,Yes,No,No,,,#NAME?,29ca8926-cf39-4302-a120-4c34d10c67a4,OK,2/5/2026,2/5/2026
134595,10039,Hitman 3,,,,,,SSD,,,,"0 h,  00 m",81.94,12/30/2026,9.00,8.5,,,,0.00,,,0.00,0.00,0,0.00,Low,0,0.00,Neutral,Stable,N/A,Yes,Yes,,Significant enhancements for PS5 Pro.,#NAME?,,OK,,2/14/2026
136625,13898,Hogwarts Legacy,,,,,,SSD,,,,"0 h,  00 m",81.33,,8.50,7.9,,,,0.00,,,0.00,0.00,0,0.00,Low,0,0.00,Neutral,Stable,N/A,Yes,Yes,,Significant enhancements for PS5 Pro,#NAME?,,OK,,2/15/2026
14593,6664,Hollow Knight: Voidheart Edition,,,,,,Extended Storage,,,,"0 h,  00 m",1.20,,9.00,8.8,,,,0.00,,,0.00,0.00,0,0.00,Low,0,0.00,Neutral,Stable,N/A,Yes,Yes,,Significant enhancements for PS5 Pro.,#NAME?,,OK,,2/14/2026
215682,17277,Hollowbody,,,,,,N/A,,,,"0 h,  00 m",,,7.30,7.6,,,,0.00,,,0.00,0.00,0,0.00,Low,0,0.00,Neutral,Stable,No,No,No,,,#NAME?,,OK,,5/20/2026
178282,14841,Honkai Star Rail,"Role-playing (RPG), Turn-based strategy (TBS), Adventure","Action, Fantasy, Science fiction","Single player, Multiplayer",Third person,,SSD,,4,,"0 h,  00 m",139.20,,8.40,8,90.00,9,,0.00,7.60,,0.00,0.00,0,0.00,Low,0,0.00,Neutral,Stable,N/A,Yes,No,,,#NAME?,cb7b078d-09b7-4851-9d41-1d15050d0fa7,OK,1/24/2026,1/24/2026
317103,17569,Horizon Zero Dawn Remastered,,,,,,Extended Storage,,,,"0 h,  00 m",85.22,,8.50,8.5,,,,0.00,,,0.00,0.00,0,0.00,Low,0,0.00,Neutral,Stable,N/A,Yes,Yes,,,#NAME?,,OK,,4/25/2026
404710,3379,HOT WHEELS Infinite Rush,,,,,,N/A,,,,"0 h,  00 m",,,9.00,9,,,,0.00,,,0.00,0.00,0,0.00,Low,0,0.00,Neutral,Stable,No,No,No,,,#NAME?,,OK,,6/20/2026
339994,19304,HYKE: Northern Light(s),,,,,,N/A,,,,"0 h,  00 m",,10/30/2023,7.50,7.4,,,,0.00,,,0.00,0.00,0,0.00,Low,0,0.00,Neutral,Stable,No,No,No,,,#NAME?,,OK,,4/24/2026
375108,11397,Icarus: Console Edition,"Simulator, Adventure","Action, Survival, Sandbox, Open world","Single player, Multiplayer, Co-operative","First person, Third person",,N/A,,,,"0 h,  00 m",,3/26/2025,-0.10,7.4,,,,0.00,,,0.00,0.00,0,0.00,Low,0,0.00,Neutral,Stable,Yes,No,No,,,#NAME?,7620e921-b29b-43d4-8889-694db3784203,OK,2/10/2026,2/10/2026
142520,16100,ILL,"Shooter, Adventure","Action, Horror, Survival",Single player,First person,,N/A,,,,"0 h,  00 m",,7/23/2025,-0.10,6.5,,,,0.00,,,0.00,0.00,0,0.00,Low,0,0.00,Neutral,Stable,No,No,No,,,#NAME?,23158a10-78af-469e-a0e0-72ad1041eb3a,OK,2/4/2026,1/25/2026
119357,10257,Immortals Fenyx Rising,,,,,,Extended Storage,,,,"0 h,  00 m",30.55,,8.00,7.9,,,,0.00,,,0.00,0.00,0,0.00,Low,0,0.00,Neutral,Stable,N/A,Yes,Yes,,Significant enhancements for PS5 Pro.,#NAME?,,OK,,2/14/2026
228531,14987,Immortals of Aveum,"Shooter, Adventure","Action, Fantasy",Single player,First person,,Extended Storage,,,,"0 h,  00 m",58.77,,7.00,6.9,71.33,8,5,0.00,7.30,,0.00,0.00,0,0.00,Low,0,0.00,Neutral,Stable,N/A,Yes,No,,,#NAME?,84d5f448-6451-4684-a817-c209a4aa1b69,OK,1/25/2026,1/25/2026
115862,12950,In NIghtmare,,,,,,Extended Storage,,,,"0 h,  00 m",10.13,12/30/2026,4.80,4.9,,,,0.00,,,0.00,0.00,0,0.00,Low,0,0.00,Neutral,Stable,N/A,Yes,No,,,#NAME?,,OK,,3/8/2026
121084,11612,In Sound Mind,,,,,,Extended Storage,,,,"0 h,  00 m",8.27,2/3/2025,7.50,7.3,,,,0.00,,,0.00,0.00,0,0.00,Low,0,0.00,Neutral,Stable,N/A,Yes,No,,,#NAME?,,OK,,5/16/2026
142415,17732,Indiana Jones and the Great Circle,"Puzzle, Role-playing (RPG), Adventure","Action, Historical, Stealth",Single player,"First person, Third person",,N/A,,3,,"0 h,  00 m",,,9.00,8.6,90.11,9,9,0.00,8.80,,0.00,0.00,0,0.00,Low,0,0.00,Neutral,Stable,Yes,No,Yes,,,,ffe11542-4102-4713-9452-f9a48ce11b9e,OK,1/24/2026,12/26/2025
166824,16627,Indika,"Puzzle, Adventure",Mystery,Single player,"First person, Third person",,Extended Storage,,2,,"0 h,  00 m",22.13,,8.00,8,84.75,,,0.00,7.80,,0.00,0.00,0,0.00,Low,0,0.00,Neutral,Stable,N/A,Yes,No,,,#NAME?,6ae1dc41-d329-47c9-834e-e2af8b978a7f,OK,1/24/2026,12/26/2025
228349,17807,Infinity Nikki,"Platform, Role-playing (RPG), Simulator, Adventure","Action, Fantasy, Open world","Single player, Multiplayer, Co-operative",Third person,,SSD,,3,,"0 h,  00 m",69.86,,8.00,8,74.00,9,9,0.00,7.00,,0.00,0.00,0,0.00,Low,0,0.00,Neutral,Stable,N/A,Yes,Yes,,,#NAME?,d66bcc6f-9563-4466-baba-d563eee2b365,OK,1/24/2026,12/26/2025
143565,5866,Instinction,"Shooter, Adventure, Indie, Visual Novel","Action, Science fiction, Horror, Survival, Stealth, Open world","Single player, Multiplayer, Co-operative",First person,,N/A,,4,,"0 h,  00 m",,11/13/2024,5.50,5.6,,,,0.00,,,0.00,0.00,0,0.00,Low,0,0.00,Neutral,Stable,Yes,No,No,,,#NAME?,2459471d-73ab-4512-bce3-91b1898b3757,OK,2/4/2026,1/24/2026
18088,6762,Insurgency: Sandstorm,,,,,,SSD,,,,"0 h,  00 m",23.44,,8.00,7.9,,,,0.00,,,0.00,0.00,0,0.00,Low,0,0.00,Neutral,Stable,N/A,Yes,No,,Significant enhancements for PS5 Pro,#NAME?,,OK,,2/15/2026
325611,8977,Intergalactic: The Heretic Prophet,"Hack and slash/Beat 'em up, Adventure","Action, Science fiction",Single player,Third person,,N/A,,,,"0 h,  00 m",,9/17/2023,7.60,7.5,,,,0.00,,,0.00,0.00,0,0.00,Low,0,0.00,Neutral,Stable,No,No,No,,,#NAME?,ea7ba037-2204-4953-ab8f-fef6e5f9bdbf,OK,2/4/2026,1/25/2026
171529,16292,Island of Winds,"Puzzle, Adventure, Indie","Horror, Thriller, Open world, Mystery",Single player,Third person,,N/A,,3,,"0 h,  00 m",,,8.00,7.6,,,,0.00,,,0.00,0.00,0,0.00,Low,0,0.00,Neutral,Stable,No,No,No,,,#NAME?,638098d7-e8d2-47b7-a185-b4110263aa28,OK,2/4/2026,1/25/2026
252485,19932,John Carpenter's Toxic Commando,"Shooter, Adventure","Action, Horror","Single player, Multiplayer, Co-operative",First person,,N/A,,,,"0 h,  00 m",,10/9/2025,-0.10,7.5,,,,0.00,,,0.00,0.00,0,0.00,Low,0,0.00,Neutral,Stable,Yes,No,No,,,#NAME?,e152435c-2bdb-4e54-8dcb-794cb346d24c,OK,2/9/2026,2/9/2026
389438,8394,John Wick,,,,,,N/A,,,,"0 h,  00 m",,,7.50,7.9,,,,0.00,,,0.00,0.00,0,0.00,Low,0,0.00,Neutral,Stable,Yes,No,No,,,#NAME?,20567dd1-52b7-473a-9f16-3576fdcd83ce,OK,2/12/2026,2/12/2026
228527,17313,Judas,"Shooter, Adventure","Action, Science fiction",Single player,First person,,N/A,,,,"0 h,  00 m",,,-0.10,8.2,,,,0.00,,,0.00,0.00,0,0.00,Low,0,0.00,Neutral,Stable,Yes,No,No,,,#NAME?,28dc1bac-da76-471a-ba51-59856955a3a9,OK,2/4/2026,1/25/2026
279640,4657,Jurassic Park Survival,Adventure,"Action, Survival, Stealth",Single player,,,N/A,,,,"0 h,  00 m",,,7.00,6.6,,,,0.00,,,0.00,0.00,0,0.00,Low,0,0.00,Neutral,Stable,Yes,No,No,,,#NAME?,ca086986-2657-42ac-adf8-03e58f254ca6,OK,2/4/2026,2/4/2026
252836,15742,Jusant,"Platform, Puzzle, Adventure","Action, Fantasy",Single player,Third person,,N/A,,2,,"0 h,  00 m",,,8.30,8.5,86.33,,,0.00,7.50,,0.00,0.00,0,0.00,Low,0,0.00,Neutral,Stable,Yes,No,No,,,#NAME?,32d8ff23-f4a5-487a-9391-cb950c8adc64,OK,12/24/2025,12/26/2025
126643,15450,Kaku: Ancient Seal,,,,,,N/A,,,,"0 h,  00 m",,,7.50,7.3,,,,0.00,,,0.00,0.00,0,0.00,Low,0,0.00,Neutral,Stable,No,No,No,,,#NAME?,,OK,,4/24/2026
248239,13191,Kao the Kangaroo Anniversary Edition,,,,,,Extended Storage,,,,"0 h,  00 m",9.37,12/30/2026,7.00,6.7,,,,0.00,,,0.00,0.00,0,0.00,Low,0,0.00,Neutral,Stable,N/A,Yes,No,,,#NAME?,,OK,,6/12/2026
172357,18301,Karma: The Dark World,"Role-playing (RPG), Adventure, Indie","Science fiction, Horror, Thriller",Single player,First person,,N/A,,,,"0 h,  00 m",,,8.00,7.4,86.00,,,0.00,8.80,,0.00,0.00,0,0.00,Low,0,0.00,Neutral,Stable,Yes,No,No,,,#NAME?,57233083-2446-4828-ad14-b99fde4c4998,OK,2/1/2026,2/1/2026
389419,11516,Kena: Scars of Kosmora,,,,,,N/A,,,,"0 h,  00 m",,,8.00,8.1,,,,0.00,,,0.00,0.00,0,0.00,Low,0,0.00,Neutral,Stable,No,No,No,,,#NAME?,75ddd134-9f36-4fbf-b9cd-9bfddd8ff3fc,OK,2/12/2026,2/12/2026
262530,18966,Killing Floor 3,Shooter,"Action, Horror, Survival","Single player, Multiplayer, Co-operative",First person,,SSD,,4,,"0 h,  00 m",30.79,2/17/2025,7.00,6.8,65.00,7,,0.00,6.90,,0.00,0.00,0,0.00,Low,0,0.00,Neutral,Stable,N/A,Yes,No,,,#NAME?,d423a961-8bce-4e39-9083-55d248868309,OK,1/22/2026,2/1/2026
408989,12087,Killzone: Liberation,,,,,,Extended Storage,,,,"0 h,  00 m",1.62,8/28/2025,7.50,7.5,,,,0.00,,,0.00,0.00,0,0.00,Low,0,0.00,Neutral,Stable,N/A,Yes,No,,,#NAME?,,OK,,7/21/2026
4843,1561,Kingdom Come: Deliverance,,,,,,Extended Storage,,,,"0 h,  00 m",46.36,,7.50,7,,,,0.00,,,0.00,0.00,0,0.00,Low,0,0.00,Neutral,Stable,N/A,Yes,Yes,,Significant enhancements for PS5 Pro.,#NAME?,,OK,,2/14/2026
298526,17486,Kingdom Come: Deliverance II,"Role-playing (RPG), Simulator, Adventure","Action, Historical, Open world",Single player,First person,,Extended Storage,,3,,"0 h,  00 m",101.28,7/21/2025,9.00,8.8,93.00,9,9,0.00,8.90,,0.00,0.00,0,0.00,Low,0,0.00,Neutral,Stable,N/A,Yes,Yes,,,,e1c8a76b-1251-4c3f-a1ac-66cbb10c1363,OK,12/24/2025,12/26/2025
405459,9895,Kingdom Hearts Collection,,,,,,N/A,,,,"0 h,  00 m",,,-0.10,8,,,,0.00,,,0.00,0.00,0,0.00,Low,0,0.00,Neutral,Stable,No,No,No,,,#NAME?,,OK,,6/20/2026
196761,1532,Kingdom Hearts IV,"Role-playing (RPG), Hack and slash/Beat 'em up","Action, Fantasy",,,,N/A,,,,"0 h,  00 m",,,8.50,8,,,,0.00,,,0.00,0.00,0,0.00,Low,0,0.00,Neutral,Stable,No,No,No,,,,05d4d64f-cb04-4e94-9894-fa0fd738378c,OK,2/10/2026,2/11/2026
388439,4521,Kyoto Xanadu,,,,,,N/A,,,,"0 h,  00 m",,10/19/2023,7.20,7.1,,,,0.00,,,0.00,0.00,0,0.00,Low,0,0.00,Neutral,Stable,No,No,No,,,#NAME?,,OK,,4/24/2026
361855,19919,Lego Batman: Legacy of the Dark Knight,,,,,,N/A,,,,"0 h,  00 m",,,-0.10,8.5,,,,0.00,,,0.00,0.00,0,0.00,Low,0,0.00,Neutral,Stable,No,No,No,,,#NAME?,,OK,,4/27/2026
305003,17126,Lego Horizon Adventures,"Puzzle, Adventure","Action, Science fiction, Comedy","Single player, Multiplayer, Co-operative",Bird view / Isometric,,SSD,,2,,"0 h,  00 m",14.66,12/30/2026,7.50,7,74.00,7,7,0.00,7.00,,0.00,0.00,0,0.00,Low,0,0.00,Neutral,Stable,N/A,Yes,No,,,#NAME?,79b9914f-4933-423c-af0a-828cef17aa40,OK,2/1/2026,2/1/2026
214175,15481,Lempo,,,,,,Extended Storage,,,,"0 h,  00 m",5.96,,-0.10,7.5,,,,0.00,,,0.00,0.00,0,0.00,Low,0,0.00,Neutral,Stable,N/A,Yes,No,,,#NAME?,,OK,,3/11/2026
148241,15437,Lies of P,"Role-playing (RPG), Adventure","Action, Horror, Open world",Single player,Third person,,Extended Storage,,,,"0 h,  00 m",52.26,,8.50,7.7,85.50,,,0.00,8.40,,0.00,0.00,0,0.00,Low,0,0.00,Neutral,Stable,N/A,Yes,No,,Significant enhancements from PS4 edition.,#NAME?,5ad415c4-b92c-44cf-bb35-0ea7924b3b5a,OK,2/10/2026,2/10/2026
305158,17125,Life is Strange: Double Exposure,,,,,,Extended Storage,,,,"0 h,  00 m",22.07,,7.50,7,,,,0.00,,,0.00,0.00,0,0.00,Low,0,0.00,Neutral,Stable,N/A,Yes,No,,,#NAME?,,OK,,6/23/2026
279655,13717,Light No Fire,Role-playing (RPG),"Action, Fantasy, Survival, Sandbox","Single player, Multiplayer, Co-operative",Third person,,N/A,,4,,"0 h,  00 m",,,-0.10,7.5,,,,0.00,,,0.00,0.00,0,0.00,Low,0,0.00,Neutral,Stable,No,No,No,,,#NAME?,7c1f5aed-efab-4cdb-bffc-a97ae1715db3,OK,1/22/2026,12/26/2025
217624,15800,Like a Dragon Gaiden: The Man Who Erased His Name,,,,,,Extended Storage,,,,"0 h,  00 m",52.08,,8.00,7.8,,,,0.00,,,0.00,0.00,0,0.00,Low,0,0.00,Neutral,Stable,N/A,Yes,No,,Significant enhancements for PS5 Pro.,#NAME?,,OK,,2/14/2026
217623,15906,Like A Dragon: Infinite Wealth,,,,,,Extended Storage,,,,"0 h,  00 m",53.93,,9.00,8.8,,,,0.00,,,0.00,0.00,0,0.00,Low,0,0.00,Neutral,Stable,N/A,Yes,No,,Significant enhancements for PS5 Pro.,#NAME?,,OK,,2/14/2026
217597,14311,Like a Dragon: Ishin!,,,,,,Extended Storage,,,,"0 h,  00 m",37.48,,8.00,8.3,,,,0.00,,,0.00,0.00,0,0.00,Low,0,0.00,Neutral,Stable,N/A,Yes,No,,Significant enhancements for PS5 Pro.,#NAME?,,OK,,2/14/2026
330556,19081,Liminal Point,,,,,,N/A,,,,"0 h,  00 m",,,-0.10,7.3,,,,0.00,,,0.00,0.00,0,0.00,Low,0,0.00,Neutral,Stable,No,No,No,,,#NAME?,,OK,,5/17/2026
262529,19022,Little Nightmares III,"Platform, Puzzle, Adventure","Action, Horror, Stealth, Mystery","Single player, Multiplayer, Co-operative",Side view,,N/A,,3,,"0 h,  00 m",,,7.50,7.1,78.25,6,7,0.00,6.90,,0.00,0.00,0,0.00,Low,0,0.00,Neutral,Stable,Yes,No,No,,,#NAME?,34be13ce-f897-4e64-8ea7-556193bd9354,OK,12/24/2025,12/26/2025
375865,10937,Longevity Yin and Yang,,,,,,N/A,,,,"0 h,  00 m",,8/27/2025,-0.10,4,,,,0.00,,,0.00,0.00,0,0.00,Low,0,0.00,Neutral,Stable,No,No,No,,,#NAME?,5e92f427-4408-4fa1-9bef-ec6fb44ddd3a,OK,2/10/2026,2/10/2026
21593,15632,Lords of the Fallen,,,,,,SSD,,,,"0 h,  00 m",33.41,,7.50,6.8,,,,0.00,,,0.00,0.00,0,0.00,Low,0,0.00,Neutral,Stable,N/A,Yes,No,,,#NAME?,,OK,,4/7/2026
318503,175,Lords of the Fallen 2,"Role-playing (RPG), Adventure","Action, Fantasy","Single player, Multiplayer, Co-operative",Third person,,N/A,,,,"0 h,  00 m",,8/27/2025,7.00,6.5,,,,0.00,,,0.00,0.00,0,0.00,Low,0,0.00,Neutral,Stable,Yes,No,No,,,#NAME?,4276aa68-9780-433c-a8e5-53e1654000b2,OK,1/2/2026,12/26/2025
279642,18568,Lost Records: Bloom and Rage,"Adventure, Indie","Mystery, Romance",Single player,Third person,,Extended Storage,,,,"0 h,  00 m",37.44,,8.00,7.4,90.00,,,0.00,7.40,,0.00,0.00,0,0.00,Low,0,0.00,Neutral,Stable,N/A,Yes,No,,,#NAME?,23d67320-19f9-44b9-a536-c2aa0fe31614,OK,2/1/2026,2/1/2026
21962,18117,Lost Soul Aside,"Role-playing (RPG), Hack and slash/Beat 'em up, Adventure, Indie","Action, Fantasy",Single player,Third person,,N/A,,,,"0 h,  00 m",,2/11/2026,6.00,6.2,76.50,5,,0.00,7.00,,0.00,0.00,0,0.00,Low,0,0.00,Neutral,Stable,Yes,No,No,,,#NAME?,0f0f510e-3258-4b8b-9370-c0ce5493091b,OK,12/24/2025,12/26/2025
213620,20556,Luna Abyss,,,,,,N/A,,,,"0 h,  00 m",,1/19/2026,8.00,8.1,,,,0.00,,,0.00,0.00,0,0.00,Low,0,0.00,Neutral,Stable,No,No,No,,,#NAME?,,OK,,7/4/2026
150241,18947,Luto,"Adventure, Indie","Horror, Thriller, Drama",Single player,First person,,N/A,,,,"0 h,  00 m",,,8.00,8.3,95.00,,,0.00,8.00,,0.00,0.00,0,0.00,Low,0,0.00,Neutral,Stable,Yes,No,No,,,#NAME?,01643a48-9852-4fc0-bfeb-c6d2d888d6e8,OK,2/1/2026,2/1/2026
314276,18399,Mafia: The Old Country,"Shooter, Adventure",Action,Single player,"First person, Third person",,N/A,,,,"0 h,  00 m",,3/12/2026,8.00,7.3,77.83,8,6,0.00,8.00,,0.00,0.00,0,0.00,Low,0,0.00,Neutral,Stable,Yes,No,Yes,,,#NAME?,86f9d5b5-04a1-4af8-bea0-e5a9ad0dcc6d,OK,12/24/2025,12/26/2025
191427,18412,Mandragora: Whispers of the Witch Tree,,,,,,N/A,,,,"0 h,  00 m",,2/27/2025,8.00,7.5,,,,0.00,,,0.00,0.00,0,0.00,Low,0,0.00,Neutral,Stable,No,No,No,,,#NAME?,,OK,,6/20/2026
46800,9503,Maneater,,,,,,Extended Storage,,,,"0 h,  00 m",13.16,9/18/2023,7.00,7,,,,0.00,,,0.00,0.00,0,0.00,Low,0,0.00,Neutral,Stable,N/A,Yes,Yes,,Significant enhancements for PS5 Pro,#NAME?,,OK,,2/16/2026
216315,17741,Marvel 1943: Rise of the Hydra,Adventure,Action,Single player,,,N/A,,,,"0 h,  00 m",,8/17/2020,-0.10,,,,,0.00,,,0.00,0.00,0,0.00,Low,0,0.00,Neutral,Stable,No,No,No,,,#NAME?,a8ef6ec3-458b-4efa-a1bc-c6da5a76b1de,OK,12/24/2025,12/26/2025
152249,11622,Marvel's Guardians of the Galaxy,,,,,,Extended Storage,,,,"0 h,  00 m",30.11,12/30/2026,8.40,8,,,,0.00,,,0.00,0.00,0,0.00,Low,0,0.00,Neutral,Stable,N/A,Yes,No,,Significant enhancements for PS5 Pro,#NAME?,,OK,,2/16/2026
127044,15052,Marvel's Spider-Man 2,"Hack and slash/Beat 'em up, Adventure","Action, Science fiction, Stealth, Drama, Open world",Single player,Third person,,SSD,,3,,"0 h,  00 m",87.38,11/29/2022,9.00,9,82.33,8,5,0.00,8.50,,0.00,0.00,0,0.00,Low,0,0.00,Neutral,Stable,N/A,Yes,Yes,,,#NAME?,f2b171ab-2d4b-4e21-8c2d-2f8a4ce4dad5,OK,12/24/2025,12/26/2025
134581,10480,Marvel's Spider-Man: Miles Morales,,,,,,Extended Storage,,,,"0 h,  00 m",39.35,,8.50,8.4,,,,0.00,,,0.00,0.00,0,0.00,Low,0,0.00,Neutral,Stable,N/A,Yes,Yes,,Significant enhancements for PS5 Pro.,#NAME?,,OK,,2/14/2026
138949,10528,Marvel's Spider-Man: Remastered,,,,,,Extended Storage,,,,"0 h,  00 m",54.08,,9.00,8.7,,,,0.00,,,0.00,0.00,0,0.00,Low,0,0.00,Neutral,Stable,N/A,Yes,Yes,,,#NAME?,,OK,,2/17/2026
168667,17842,Marvel's Wolverine,"Hack and slash/Beat 'em up, Adventure","Action, Science fiction, Stealth, Drama",Single player,Third person,,N/A,,3,,"0 h,  00 m",,,-0.10,,,,,0.00,,,0.00,0.00,0,0.00,Low,0,0.00,Neutral,Stable,Yes,No,No,,,#NAME?,f7b48a08-c05c-4ab6-bfd3-5922c40dfe4b,OK,12/24/2025,12/26/2025
331214,18126,Metal Eden,,,,,,SSD,,,,"0 h,  00 m",20.60,2/5/2026,7.70,7.5,,,,0.00,,,0.00,0.00,0,0.00,Low,0,0.00,Neutral,Stable,N/A,Yes,No,,,#NAME?,,OK,,3/17/2026
250634,18116,Metal Gear Solid Δ: Snake Eater,"Shooter, Tactical, Adventure",Action,Single player,Third person,,N/A,,,,"0 h,  00 m",,,8.50,8.5,87.00,8,9,0.00,9.20,,0.00,0.00,0,0.00,Low,0,0.00,Neutral,Stable,Yes,No,No,,,#NAME?,2cab4ebe-57b4-4110-812f-e5a8460ee9b7,OK,2/12/2026,2/12/2026
389443,15162,Metal Gear Solid: Master Collection Vol. 2 ,,Action,,Side view,,N/A,,,,"0 h,  00 m",,,8.50,7.6,,,,0.00,,,0.00,0.00,0,0.00,Low,0,0.00,Neutral,Stable,Yes,No,No,,,#NAME?,928f3b51-f87c-4506-9886-f8d67530b249,OK,2/12/2026,2/12/2026
37016,6847,Metro Exodus,"Shooter, Adventure","Action, Science fiction, Horror, Survival, Stealth",Single player,First person,,Extended Storage,,,,"0 h,  00 m",73.12,12/30/2026,8.50,8,83.25,,,0.00,8.30,,0.00,0.00,0,0.00,Low,0,0.00,Neutral,Stable,N/A,Yes,No,,Significant enhancements on PS5 Pro.,#NAME?,1d7fa19e-d31a-410c-b67f-d670fbb2bb29,OK,2/10/2026,2/12/2026
189781,19213,Mina the Hollower,"Platform, Role-playing (RPG), Adventure","Action, Fantasy, Horror",Single player,Bird view / Isometric,,N/A,,,,"0 h,  00 m",,8/8/2016,-0.10,9.5,,,,0.00,,,0.00,0.00,0,0.00,Low,0,0.00,Neutral,Stable,Yes,No,No,,,#NAME?,7e41e791-d69d-4df0-b66f-a1429ccafb72,OK,2/9/2026,2/9/2026
306141,19840,MIO: Memories in Orbit,"Platform, Adventure, Indie","Action, Science fiction",Single player,Side view,,N/A,,,,"0 h,  00 m",,,-0.10,8.4,,,,0.00,,,0.00,0.00,0,0.00,Low,0,0.00,Neutral,Stable,Yes,No,No,,,#NAME?,2302beb6-d5d8-4df4-b3e2-3d8272e07edb,OK,12/24/2025,12/26/2025
138950,10841,Monster Hunter Rise,,,,,,SSD,,,,"0 h,  00 m",37.43,,9.00,8.8,,,,0.00,,,0.00,0.00,0,0.00,Low,0,0.00,Neutral,Stable,N/A,Yes,No,,Significant enhancements for PS5 Pro.,#NAME?,,OK,,3/3/2026
358525,19298,Monster Hunter Stories 3: Twisted Reflection,"Role-playing (RPG), Adventure",,Single player,,,N/A,,,,"0 h,  00 m",,6/29/2026,-0.10,8.4,,,,0.00,,,0.00,0.00,0,0.00,Low,0,0.00,Neutral,Stable,Yes,No,No,,,#NAME?,11b12d42-ff10-478d-ae07-fadb74408772,OK,12/24/2025,12/26/2025
279661,17483,Monster Hunter Wilds,"Role-playing (RPG), Hack and slash/Beat 'em up, Adventure","Action, Fantasy, Open world","Single player, Multiplayer, Co-operative",Third person,,N/A,,,,"0 h,  00 m",,3/14/2024,9.00,8.8,86.67,8,8,0.00,8.90,,0.00,0.00,0,0.00,Low,0,0.00,Neutral,Stable,Yes,No,No,,,#NAME?,a0e6f8d0-4934-4c62-a6ae-2b169a058fcd,OK,12/24/2025,12/26/2025
239392,15004,Mortal Kombat 1,"Fighting, Adventure","Action, Fantasy","Single player, Multiplayer",Side view,,SSD,,,,"0 h,  00 m",134.48,,8.50,8.3,83.83,8,8,0.00,7.70,,0.00,0.00,0,0.00,Low,0,0.00,Neutral,Stable,N/A,Yes,No,,,#NAME?,e518c89f-56e3-49a0-a11e-80d5b4794e33,OK,12/24/2025,12/26/2025
146160,11016,Mortal Shell: Enhanced Edition,Role-playing (RPG),Action,Single player,Third person,,Extended Storage,,,,"0 h,  00 m",4.86,,8.00,7.7,80.00,,,0.00,8.50,,0.00,0.00,0,0.00,Low,0,0.00,Neutral,Stable,N/A,Yes,No,,Significant enhancements on PS5.,#NAME?,1a4775e5-6ac8-4857-a0df-adaf3c294472,OK,2/10/2026,2/10/2026
304745,20536,Motorslice,,,,,,N/A,,,,"0 h,  00 m",,,7.60,,,,,0.00,,,0.00,0.00,0,0.00,Low,0,0.00,Neutral,Stable,No,No,No,,,#NAME?,,OK,,8/16/2026
348199,14824,Mudang Two Hearts,"Shooter, Adventure","Action, Stealth",Single player,Third person,,N/A,,,,"0 h,  00 m",,,8.00,8,,,,0.00,,,0.00,0.00,0,0.00,Low,0,0.00,Neutral,Stable,No,No,No,,,#NAME?,7082a979-606b-4764-b33a-2139bd81d90e,OK,12/24/2025,12/26/2025
405445,18860,Muramasa: Revenant Blades,,,,,,N/A,,,,"0 h,  00 m",,,-0.10,,,,,0.00,,,0.00,0.00,0,0.00,Low,0,0.00,Neutral,Stable,No,No,No,,,#NAME?,,OK,,6/20/2026
316012,7174,My Time at Evershine,,,,,,N/A,,,,"0 h,  00 m",,,8.00,7.3,,,,0.00,,,0.00,0.00,0,0.00,Low,0,0.00,Neutral,Stable,No,No,No,,,#NAME?,,OK,,2/17/2026
219442,13962,Need for Speed: Unbound,Racing,Action,"Single player, Multiplayer",Third person,,SSD,,,,"0 h,  00 m",33.95,2/21/2024,7.50,7.4,77.17,,,0.00,7.30,,0.00,0.00,0,0.00,Low,0,0.00,Neutral,Stable,N/A,Yes,No,,,#NAME?,98a37eff-a019-4ad5-bf00-cd9ce488ff2e,OK,1/30/2026,1/30/2026
388249,18810,Nekome: Nazi Hunter,,,,,,N/A,,,,"0 h,  00 m",,,5.50,5.7,,,,0.00,,,0.00,0.00,0,0.00,Low,0,0.00,Neutral,Stable,Yes,No,No,,,#NAME?,,OK,,6/20/2026
244993,6478,Neo Berlin 2087,"Shooter, Role-playing (RPG), Adventure, Indie","Action, Science fiction, Thriller, Stealth, Mystery",Single player,"First person, Third person",,N/A,,,,"0 h,  00 m",,,-0.10,8,,,,0.00,,,0.00,0.00,0,0.00,Low,0,0.00,Neutral,Stable,Yes,No,No,,,#NAME?,1ee9bed3-76d0-4b69-ad5d-e266ac24b73a,OK,12/24/2025,12/26/2025
250621,17456,Neva,,,,,,Extended Storage,,,,"0 h,  00 m",6.05,2/20/2024,9.00,8.6,,,,0.00,,,0.00,0.00,0,0.00,Low,0,0.00,Neutral,Stable,N/A,Yes,No,,,#NAME?,,OK,,2/17/2026
329130,18722,Ninja Gaiden 4,"Hack and slash/Beat 'em up, Adventure",Action,Single player,Third person,,N/A,,,,"0 h,  00 m",,9/8/2026,8.30,8.2,77.25,8,8,0.00,8.00,,0.00,0.00,0,0.00,Low,0,0.00,Neutral,Stable,Yes,No,No,,,,49159685-b408-4a7e-9e53-a836db754b36,OK,12/24/2025,12/26/2025
347123,19372,Nioh 3,"Role-playing (RPG), Adventure",Action,"Single player, Multiplayer, Co-operative",Third person,,N/A,,,,"0 h,  00 m",,9/17/2020,-0.10,9,,,,0.00,,,0.00,0.00,0,0.00,Low,0,0.00,Neutral,Stable,Yes,No,No,,,#NAME?,8e3083be-eb62-4178-b824-b541e8ed45ec,OK,12/24/2025,12/26/2025
381205,15122,No Law,"Shooter, Role-playing (RPG), Adventure",Action,Single player,First person,,N/A,,,,"0 h,  00 m",,,8.00,7.9,,,,0.00,,,0.00,0.00,0,0.00,Low,0,0.00,Neutral,Stable,Yes,No,No,,,#NAME?,5e986e33-f74b-4473-a457-ea3eb091574c,OK,1/22/2026,1/22/2026
3225,2393,No Man's Sky,"Role-playing (RPG), Simulator, Adventure, Indie, Arcade","Action, Science fiction, Survival, Sandbox, Open world","Single player, Multiplayer, Co-operative","First person, Third person, Virtual Reality",,SSD,,,,"0 h,  00 m",25.69,,7.00,7,73.84,,,0.00,7.10,,0.00,0.00,0,0.00,Low,0,0.00,Neutral,Stable,N/A,Yes,No,,Significant enhancements for PS5 Pro.,#NAME?,ff457a6f-7a08-491a-a08c-afbc077dcb15,OK,2/10/2026,2/10/2026
279627,16698,No Rest for the Wicked,,,,,,N/A,,,,"0 h,  00 m",,,7.50,7.4,,,,0.00,,,0.00,0.00,0,0.00,Low,0,0.00,Neutral,Stable,Yes,No,No,,,#NAME?,,OK,,2/26/2026
308535,471,NTE: Neverness to Everness,,,,,,N/A,,,,"0 h,  00 m",,,7.00,7.1,,,,0.00,,,0.00,0.00,0,0.00,Low,0,0.00,Neutral,Stable,N/A,Yes,No,,,#NAME?,,OK,,2/18/2026
132165,10506,Observer: System Redux,,,,,,Extended Storage,,,,"0 h,  00 m",7.86,,8.00,8.2,,,,0.00,,,0.00,0.00,0,0.00,Low,0,0.00,Neutral,Stable,N/A,Yes,No,,Significant enhancements for PS5 Pro,#NAME?,,OK,,2/16/2026
22800,10425,Oceanhorn 2: Knights of the Lost Realm,,,,,,N/A,,,,"0 h,  00 m",,4/23/2026,7.80,7.4,,,,0.00,,,0.00,0.00,0,0.00,Low,0,0.00,Neutral,Stable,No,No,No,,,#NAME?,,OK,,6/26/2026
391260,20149,Oceanhorn 3: Legend of the Shadow Sea,,,,,,N/A,,,,"0 h,  00 m",,,-0.10,,,,,0.00,,,0.00,0.00,0,0.00,Low,0,0.00,Neutral,Stable,No,No,No,,,#NAME?,,OK,,6/26/2026
325602,19001,Onimusha: Way of the Sword,Adventure,"Action, Fantasy",Single player,Third person,,N/A,,,,"0 h,  00 m",,,8.60,8.7,,,,0.00,,,0.00,0.00,0,0.00,Low,0,0.00,Neutral,Stable,Yes,No,No,,,#NAME?,e7ab3a53-251c-424f-8763-ab25552406a0,OK,12/24/2025,12/26/2025
381289,9333,Ontos,Indie,"Horror, Mystery",Single player,Bird view / Isometric,,N/A,,,,"0 h,  00 m",,,-0.10,7,,,,0.00,,,0.00,0.00,0,0.00,Low,0,0.00,Neutral,Stable,Yes,No,No,,,#NAME?,6b8c3e45-7dc9-490b-813f-f5d06cafb3ad,OK,12/24/2025,12/26/2025
286869,13702,Outbound,"Simulator, Adventure, Indie",Open world,"Single player, Multiplayer, Co-operative",First person,,N/A,,,,"0 h,  00 m",,6/10/2021,6.00,6.2,,,,0.00,,,0.00,0.00,0,0.00,Low,0,0.00,Neutral,Stable,Yes,No,No,,,#NAME?,c07d04d7-5923-4be6-839b-64f3199729a0,OK,1/29/2026,1/29/2026
171215,16412,Outcast: A New Beginning,"Shooter, Role-playing (RPG), Adventure","Action, Science fiction, Open world",Single player,Third person,,N/A,,,,"0 h,  00 m",,,7.00,6.9,71.00,7,,0.00,7.00,,0.00,0.00,0,0.00,Low,0,0.00,Neutral,Stable,Yes,No,No,,,#NAME?,e1b1d246-5da7-4d01-bdac-9515b9f671db,OK,12/24/2025,12/26/2025
11737,7815,Outer Wilds,,,,,,Extended Storage,,,,"0 h,  00 m",4.43,,8.80,8.6,,,,0.00,,,0.00,0.00,0,0.00,Low,0,0.00,Neutral,Stable,N/A,Yes,No,,Significant enhancements for PS5 Pro,#NAME?,,OK,,2/16/2026
291446,20663,Outward 2,,,,,,N/A,,,,"0 h,  00 m",,,-0.10,,,,,0.00,,,0.00,0.00,0,0.00,Low,0,0.00,Neutral,Stable,No,No,No,,,#NAME?,,OK,,6/20/2026
201935,13173,Outward: Definitive Edition,,,,,,SSD,,,,"0 h,  00 m",15.65,,7.00,7.1,,,,0.00,,,0.00,0.00,0,0.00,Low,0,0.00,Neutral,Stable,N/A,Yes,No,,Significant enhancements for PS5 Pro.,#NAME?,,OK,,2/14/2026
217592,16317,Pacific Drive,"Simulator, Adventure, Indie","Action, Science fiction, Survival, Mystery",Single player,First person,,Extended Storage,,4,,"0 h,  00 m",20.94,,8.00,7.9,84.00,7,8,0.00,7.40,,0.00,0.00,0,0.00,Low,0,0.00,Neutral,Stable,N/A,Yes,No,,,#NAME?,e612a4f5-f817-4ea1-93be-6b42a566b9c2,OK,2/1/2026,2/1/2026
151665,16166,Palworld,"Shooter, Role-playing (RPG), Hack and slash/Beat 'em up, Adventure, Indie","Action, Survival, Sandbox, Open world","Single player, Multiplayer, Co-operative, Massively Multiplayer Online (MMO)",Third person,,N/A,,4,,"0 h,  00 m",,12/12/2023,7.50,7.3,,8,,0.00,7.20,,0.00,0.00,0,0.00,Low,0,0.00,Neutral,Stable,Yes,No,Yes,,,#NAME?,53479d04-629b-4a72-b6b1-39ff0865ed9a,OK,12/24/2025,12/26/2025
370711,14652,Parasite Mutant,,,,,,N/A,,,,"0 h,  00 m",,,-0.10,5.1,,,,0.00,,,0.00,0.00,0,0.00,Low,0,0.00,Neutral,Stable,Yes,No,No,,,#NAME?,,OK,,4/24/2026
1911,17827,Path of Exile,"Role-playing (RPG), Hack and slash/Beat 'em up, Adventure","Action, Fantasy, Horror","Single player, Multiplayer, Co-operative, Massively Multiplayer Online (MMO)",Bird view / Isometric,,SSD,,,,"0 h,  00 m",53.32,,8.70,8.7,78.00,,,0.00,8.20,,0.00,0.00,0,0.00,Low,0,0.00,Neutral,Stable,N/A,Yes,No,,,#NAME?,1450a38e-e859-4f32-a188-4ffce737a202,OK,2/4/2026,2/4/2026
214912,13078,Penny Blood,,,,,,N/A,,,,"0 h,  00 m",,,-0.10,7.5,,,,0.00,,,0.00,0.00,0,0.00,Low,0,0.00,Neutral,Stable,No,No,No,,,#NAME?,,OK,,4/23/2026
254336,16347,Penny's Big Breakaway,"Platform, Adventure, Indie",Action,Single player,Third person,,N/A,,,,"0 h,  00 m",,,7.50,7.4,75.80,,,0.00,6.10,,0.00,0.00,0,0.00,Low,0,0.00,Neutral,Stable,Yes,No,No,,,#NAME?,cc273820-9835-45e7-951d-a7783fcc2534,OK,12/24/2025,12/26/2025
348210,20802,Persona 4 Revival,,,,,,N/A,,,,"0 h,  00 m",,,-0.10,,,,,0.00,,,0.00,0.00,0,0.00,Low,0,0.00,Neutral,Stable,No,No,No,,,#NAME?,,OK,,6/20/2026
114283,8785,Persona 5 Royal,,,,,,Extended Storage,,,,"0 h,  00 m",31.09,7/24/2023,9.50,9.3,,,,0.00,,,0.00,0.00,0,0.00,Low,0,0.00,Neutral,Stable,N/A,Yes,No,,,#NAME?,,OK,,3/17/2026
405088,1537,Persona 6,,,,,,N/A,,,,"0 h,  00 m",,,9.50,9.4,,,,0.00,,,0.00,0.00,0,0.00,Low,0,0.00,Neutral,Stable,No,No,No,,,#NAME?,,OK,,6/20/2026
250618,14374,Phantom Blade 0,"Role-playing (RPG), Hack and slash/Beat 'em up, Adventure","Action, Open world",Single player,Third person,,N/A,,,,"0 h,  00 m",,,-0.10,7.4,,,,0.00,,,0.00,0.00,0,0.00,Low,0,0.00,Neutral,Stable,Yes,No,No,,,#NAME?,384f40a3-c422-4d36-bd10-ff33b435fabd,OK,12/24/2025,12/26/2025
132516,17566,Phasmophobia,"Puzzle, Tactical, Indie","Action, Horror, Thriller","Single player, Multiplayer, Co-operative","First person, Auditory, Virtual Reality",,N/A,,3,,"0 h,  00 m",,,7.90,7.6,,,,0.00,6.80,,0.00,0.00,0,0.00,Low,0,0.00,Neutral,Stable,Yes,No,Yes,,,#NAME?,50d7f5ab-52a3-4498-ae80-a59f369c8488,OK,12/24/2025,12/26/2025
125632,12588,Plan 8,Shooter,Open world,Massively Multiplayer Online (MMO),Third person,,N/A,,,,"0 h,  00 m",,12/2/2025,-0.10,7.1,,,,0.00,,,0.00,0.00,0,0.00,Low,0,0.00,Neutral,Stable,No,No,No,,,#NAME?,71ef7058-784e-4b2d-9954-e8bf2943eb7c,OK,12/24/2025,12/26/2025
348200,20146,Planet of Lana II: Children of the Leaf,,,,,,N/A,,,,"0 h,  00 m",,,8.50,8.4,,,,0.00,,,0.00,0.00,0,0.00,Low,0,0.00,Neutral,Stable,No,No,No,,,#NAME?,,OK,,4/24/2026
182410,17760,Post Trauma,"Puzzle, Adventure, Indie","Horror, Thriller",Single player,"First person, Third person",,N/A,,3,,"0 h,  00 m",,10/25/2018,7.00,6.4,,,,0.00,6.50,,0.00,0.00,0,0.00,Low,0,0.00,Neutral,Stable,Yes,No,No,,,#NAME?,f26b179d-58b8-410d-a835-1a16fd6ae7fc,OK,12/24/2025,12/26/2025
155706,13677,Potion Permit,,,,,,N/A,,,,"0 h,  00 m",,,7.00,7.1,,,,0.00,,,0.00,0.00,0,0.00,Low,0,0.00,Neutral,Stable,Yes,No,No,,,#NAME?,,OK,,4/23/2026
134612,9601,Pragmata,"Shooter, Adventure","Action, Science fiction",Single player,Third person,,N/A,,,,"0 h,  00 m",,,-0.10,9,,,,0.00,,,0.00,0.00,0,0.00,Low,0,0.00,Neutral,Stable,Yes,No,No,,,#NAME?,dba8ca17-921c-41e0-81ce-80a3a05883a8,OK,12/24/2025,12/26/2025
252476,15867,Prince of Persia: The Lost Crown,,,,,,Extended Storage,,,,"0 h,  00 m",23.03,2/26/2026,9.00,8.5,,,,0.00,,,0.00,0.00,0,0.00,Low,0,0.00,Neutral,Stable,N/A,Yes,Yes,,Significant enhancements for PS5 Pro,#NAME?,,OK,,2/16/2026
22790,18178,Project Awakening,,,,,,N/A,,,,"0 h,  00 m",,1/24/2019,8.00,7.8,,,,0.00,,,0.00,0.00,0,0.00,Low,0,0.00,Neutral,Stable,No,No,No,,,#NAME?,,OK,,4/23/2026
370498,2812,Project Retrograde: The Becoming,"Role-playing (RPG), Adventure",Action,Single player,Third person,,N/A,,,,"0 h,  00 m",,4/2/2020,7.00,6.6,,,,0.00,,,0.00,0.00,0,0.00,Low,0,0.00,Neutral,Stable,No,No,No,,,#NAME?,6d644ddc-ea5c-404e-b9f8-e8c5474178a1,OK,1/22/2026,1/22/2026
358891,10014,Project S,"Shooter, Adventure","Action, Open world",Multiplayer,Third person,,N/A,,,,"0 h,  00 m",,,-0.10,5,,,,0.00,,,0.00,0.00,0,0.00,Low,0,0.00,Neutral,Stable,No,No,No,,,#NAME?,a20bd1b0-7cdf-4452-8d4d-e7facfa76307,OK,12/24/2025,12/26/2025
361889,6618,Project Spectrum,"Shooter, Adventure","Action, Horror","Single player, Multiplayer, Co-operative",First person,,N/A,,,,"0 h,  00 m",,,7.50,7.4,,,,0.00,,,0.00,0.00,0,0.00,Low,0,0.00,Neutral,Stable,No,No,No,,,#NAME?,0540df38-c099-4ad6-a3fc-289569646498,OK,1/22/2026,1/22/2026
375111,10014,Project TAL,,,,,,N/A,,,,"0 h,  00 m",,3/23/2023,-0.10,5,,,,0.00,,,0.00,0.00,0,0.00,Low,0,0.00,Neutral,Stable,No,No,No,,,#NAME?,,OK,,4/23/2026
235578,18004,Project Tower,,,,,,N/A,,,,"0 h,  00 m",,,6.30,6.1,,,,0.00,,,0.00,0.00,0,0.00,Low,0,0.00,Neutral,Stable,No,No,No,,,#NAME?,,OK,,6/20/2026
389432,10895,Project Windless,Role-playing (RPG),"Action, Open world",Single player,Third person,,N/A,,,,"0 h,  00 m",,12/30/2026,7.50,7.1,,,,0.00,,,0.00,0.00,0,0.00,Low,0,0.00,Neutral,Stable,No,No,No,,,#NAME?,c4fbf0a7-3a7a-4031-943b-84774edf6419,OK,2/12/2026,2/12/2026
337024,18317,Raidou Remastered: The Mystery of the Soulless Army,,,,,,N/A,,,,"0 h,  00 m",,5/5/2021,8.00,7.8,,,,0.00,,,0.00,0.00,0,0.00,Low,0,0.00,Neutral,Stable,Yes,No,No,,,#NAME?,,OK,,4/23/2026
1791,2048,Ratchet & Clank: Size Matters,,,,,,Extended Storage,,,,"0 h,  00 m",33.72,,9.00,8.3,,,,0.00,,,0.00,0.00,0,0.00,Low,0,0.00,Neutral,Stable,N/A,Yes,No,,Significant enhancements for PS5 Pro,#NAME?,,OK,,2/16/2026
134582,10994,Ratchet and Clank: Rift Apart,"Shooter, Platform, Adventure","Action, Science fiction",Single player,Third person,,Extended Storage,,,,"0 h,  00 m",33.72,,9.00,8.8,90.67,9,9,0.00,8.60,,0.00,0.00,0,0.00,Low,0,0.00,Neutral,Stable,N/A,Yes,Yes,,,#NAME?,301f23d0-de69-4a9a-998e-6d0687f7269c,OK,2/1/2026,2/1/2026
404044,20773,Rayman Legends Retold,,,,,,N/A,,,,"0 h,  00 m",,,-0.10,,,,,0.00,,,0.00,0.00,0,0.00,Low,0,0.00,Neutral,Stable,No,No,No,,,#NAME?,,OK,,6/20/2026
28489,15971,Ready or Not,"Shooter, Simulator, Tactical, Indie",Action,"Single player, Multiplayer, Co-operative",First person,,N/A,,3,,"0 h,  00 m",,4/29/2021,8.00,8.8,84.00,,,0.00,7.80,,0.00,0.00,0,0.00,Low,0,0.00,Neutral,Stable,Yes,No,No,,,#NAME?,55bc31cd-42a1-4ce4-a93a-3ebebdc60fd6,OK,12/24/2025,12/26/2025
314265,19727,Reanimal,"Puzzle, Adventure","Action, Horror","Single player, Multiplayer, Co-operative",Third person,,N/A,,,,"0 h,  00 m",,,-0.10,8.1,,,,0.00,,,0.00,0.00,0,0.00,Low,0,0.00,Neutral,Stable,Yes,No,No,,,#NAME?,6e268b94-8ba5-4621-9c9c-7a747b7daa30,OK,1/22/2026,1/22/2026
260735,15374,Red Dead Redemption,"Shooter, Role-playing (RPG), Adventure","Action, Sandbox, Open world",Single player,Third person,,Extended Storage,,,,"0 h,  00 m",9.74,2/10/2026,8.00,8,81.00,,,0.00,8.50,,0.00,0.00,0,0.00,Low,0,0.00,Neutral,Stable,N/A,Yes,Yes,,Significant enhancements for PS5 Pro.,#NAME?,fe4378bd-503a-4ea3-8e24-bc1bc54d2536,OK,2/11/2026,2/11/2026
228535,15194,Remnant II,"Shooter, Role-playing (RPG), Adventure","Action, Fantasy","Single player, Multiplayer, Co-operative",Third person,,N/A,,,,"0 h,  00 m",,11/19/2024,8.00,8,83.50,9,7,0.00,7.70,,0.00,0.00,0,0.00,Low,0,0.00,Neutral,Stable,Yes,No,No,,,#NAME?,9346d551-f1cf-4292-a024-d43605c8c409,OK,12/24/2025,2/14/2026
152244,1843,Replaced,"Platform, Adventure, Indie","Action, Science fiction",Single player,Side view,,N/A,,,,"0 h,  00 m",,9/22/2021,8.80,8.8,,,,0.00,,,0.00,0.00,0,0.00,Low,0,0.00,Neutral,Stable,No,No,No,,,#NAME?,4116ce47-e768-47c5-8114-f49dd2738f0a,OK,12/24/2025,12/26/2025
19686,6848,Resident Evil 2,"Shooter, Adventure","Action, Horror, Survival",Single player,Third person,,Extended Storage,,,,"0 h,  00 m",21.88,10/17/2022,9.00,8.9,92.83,,,0.00,8.80,,0.00,0.00,0,0.00,Low,0,0.00,Neutral,Stable,N/A,Yes,No,,Significant enhancements for PS5 Pro.,#NAME?,bfaaf10b-75af-49ba-adbc-010661d9c8e4,OK,2/10/2026,2/10/2026
115115,8746,Resident Evil 3,"Shooter, Adventure","Action, Horror, Survival","Single player, Multiplayer",Third person,,Extended Storage,,,,"0 h,  00 m",20.54,,8.00,7.8,80.80,,,0.00,7.80,,0.00,0.00,0,0.00,Low,0,0.00,Neutral,Stable,N/A,Yes,No,,Significant enhancements for PS5 Pro.,#NAME?,00b9b27c-feba-4d9b-a0c0-965910418f4c,OK,2/10/2026,2/10/2026
132181,3227,Resident Evil 4,"Shooter, Puzzle, Adventure","Action, Horror, Mystery",Single player,Third person,,Extended Storage,,,,"0 h,  00 m",62.82,,8.50,8.2,94.50,,,0.00,9.00,,0.00,0.00,0,0.00,Low,0,0.00,Neutral,Stable,N/A,Yes,Yes,,Significant enhancements for PS5 Pro.,#NAME?,4477cf87-6fe6-4b4e-95f2-92c66f2ad57a,OK,2/10/2026,2/10/2026
19562,2886,Resident Evil 7 Biohazard,"Shooter, Puzzle, Adventure","Action, Horror, Survival",Single player,"First person, Virtual Reality",,Extended Storage,,,,"0 h,  00 m",22.62,,9.00,8.1,88.46,,,0.00,8.40,,0.00,0.00,0,0.00,Low,0,0.00,Neutral,Stable,N/A,Yes,Yes,,Significant enhancements for PS5 Pro.,#NAME?,a09ea404-161c-467c-9a4c-f4be2012857f,OK,2/10/2026,2/10/2026
347668,18716,Resident Evil Requiem,"Shooter, Puzzle, Adventure","Action, Horror, Survival",Single player,"First person, Third person",,N/A,,,,"0 h,  00 m",,,-0.10,8.9,,,,0.00,,,0.00,0.00,0,0.00,Low,0,0.00,Neutral,Stable,Yes,No,No,,,#NAME?,d061961e-d2dd-46f5-b2da-7b37720f0375,OK,12/24/2025,12/26/2025
55163,10995,Resident Evil Village,"Shooter, Adventure","Action, Horror, Survival, Stealth",Single player,"First person, Virtual Reality",,Extended Storage,,,,"0 h,  00 m",32.46,4/29/2026,8.60,8.1,86.93,,,0.00,8.40,,0.00,0.00,0,0.00,Low,0,0.00,Neutral,Stable,N/A,Yes,Yes,,Significant enhancements for PS5 Pro.,#NAME?,9ab0b1c2-ad4b-4904-a88f-eea48183b8fd,OK,2/10/2026,2/10/2026
404673,13934,Resident Evil: Veronica,,,,,,N/A,,,,"0 h,  00 m",,,3.50,3.8,,,,0.00,,,0.00,0.00,0,0.00,Low,0,0.00,Neutral,Stable,No,No,No,,,#NAME?,,OK,,6/20/2026
287835,19113,Resistance: Retribution,,,,,,Extended Storage,,,,"0 h,  00 m",1.47,,-0.10,8,,,,0.00,,,0.00,0.00,0,0.00,Low,0,0.00,Neutral,Stable,N/A,Yes,No,,Significant enhancements for PS5 Pro.,#NAME?,,OK,,2/14/2026
348168,13346,Resonance: A Plague Tale Legacy,Adventure,"Action, Historical, Drama",Single player,Third person,,N/A,,,,"0 h,  00 m",,,8.50,8,,,,0.00,,,0.00,0.00,0,0.00,Low,0,0.00,Neutral,Stable,Yes,No,No,,,#NAME?,64473aac-31e4-465f-8113-e3282a22d70e,OK,2/7/2026,2/7/2026
303741,14031,Retrieval,"Shooter, Adventure","Action, Horror, Survival, Stealth",Single player,Third person,,N/A,,,,"0 h,  00 m",,12/30/2026,-0.10,7.8,,,,0.00,,,0.00,0.00,0,0.00,Low,0,0.00,Neutral,Stable,Yes,No,No,,,#NAME?,22e97343-16c8-4081-a231-d3e14424859c,OK,12/24/2025,12/26/2025
134584,11173,Returnal,Shooter,"Action, Science fiction, Horror","Single player, Multiplayer, Co-operative","First person, Third person",,SSD,,3,,"0 h,  00 m",66.51,,9.00,8.6,89.89,8,9,0.00,8.30,,0.00,0.00,0,0.00,Low,0,0.00,Neutral,Stable,N/A,Yes,No,,,#NAME?,91f94836-f450-41db-b2e5-7fa980e93591,OK,2/1/2026,2/1/2026
389436,8938,Rev.NOIR,,,,,,N/A,,,,"0 h,  00 m",,11/6/2024,-0.10,6,,,,0.00,,,0.00,0.00,0,0.00,Low,0,0.00,Neutral,Stable,Yes,No,No,,,#NAME?,7ade31f6-751d-47ef-8a31-532044b03ce0,OK,2/12/2026,2/12/2026
287858,17300,Reynatis,,,,,,N/A,,,,"0 h,  00 m",,,6.00,5.9,,,,0.00,,,0.00,0.00,0,0.00,Low,0,0.00,Neutral,Stable,No,No,No,,,#NAME?,,OK,,4/23/2026
217594,16053,Rise of the Ronin,"Role-playing (RPG), Adventure","Action, Historical","Single player, Multiplayer, Co-operative",Third person,,SSD,,,,"0 h,  00 m",95.60,,8.00,7.6,75.14,7,7,0.00,7.50,,0.00,0.00,0,0.00,Low,0,0.00,Neutral,Stable,N/A,Yes,Yes,,,#NAME?,eefe121f-f536-40d9-957b-a28a281e08a7,OK,12/24/2025,12/26/2025
28512,8251,Risk of Rain 2,,,,,,SSD,,,,"0 h,  00 m",3.40,7/17/2025,8.50,8.6,,,,0.00,,,0.00,0.00,0,0.00,Low,0,0.00,Neutral,Stable,N/A,Yes,No,,Significant enhancements for PS5 Pro,#NAME?,,OK,,2/16/2026
380416,4288,Rivage,,,,,,N/A,,,,"0 h,  00 m",,12/30/2026,-0.10,7.8,,,,0.00,,,0.00,0.00,0,0.00,Low,0,0.00,Neutral,Stable,No,No,No,,,#NAME?,,OK,,6/20/2026
154775,15763,RoboCop: Rogue City,"Shooter, Role-playing (RPG), Adventure","Action, Science fiction, Comedy",Single player,First person,,N/A,,,,"0 h,  00 m",,10/7/2024,7.80,7.2,73.67,7,7,0.00,7.30,,0.00,0.00,0,0.00,Low,0,0.00,Neutral,Stable,Yes,No,No,,,#NAME?,004f2f52-f10a-4dd3-ae16-0104f3f85ef4,OK,12/24/2025,12/26/2025
347119,19823,Romeo is a Dead Man,"Shooter, Hack and slash/Beat 'em up, Adventure","Action, Science fiction, Comedy, Mystery",Single player,Third person,,N/A,,,,"0 h,  00 m",,,-0.10,7.2,,,,0.00,,,0.00,0.00,0,0.00,Low,0,0.00,Neutral,Stable,Yes,No,No,,,#NAME?,7e4dd4c6-d95c-44f0-b374-c0b73abe1ab7,OK,2/9/2026,2/9/2026
101440,17685,S.T.A.L.K.E.R. 2: Heart of Chornobyl,"Shooter, Role-playing (RPG), Adventure","Action, Horror, Survival, Open world",Single player,First person,,N/A,,4,,"0 h,  00 m",,,8.00,7.3,86.50,8,7,0.00,8.20,,0.00,0.00,0,0.00,Low,0,0.00,Neutral,Stable,Yes,No,Yes,,,#NAME?,00409965-f465-4141-b3e5-307898bba558,OK,12/24/2025,12/26/2025
79995,12008,Sable,"Platform, Puzzle, Role-playing (RPG), Adventure, Indie","Science fiction, Open world",Single player,Third person,,Extended Storage,,2,,"0 h,  00 m",1.93,12/7/2025,7.80,7.6,82.71,7,9,0.00,7.30,,0.00,0.00,0,0.00,Low,0,0.00,Neutral,Stable,N/A,Yes,Yes,,,#NAME?,e13cd6b2-b3e2-415e-9dfe-0cc95be6e84f,OK,12/24/2025,12/26/2025
358752,19526,Sacred 2 Remaster,,,,,,N/A,,,,"0 h,  00 m",,2/15/2024,6.30,5.7,,,,0.00,,,0.00,0.00,0,0.00,Low,0,0.00,Neutral,Stable,No,No,No,,,#NAME?,,OK,,4/23/2026
165346,11879,Saints Row,,,,,,SSD,,,,"0 h,  00 m",68.28,7/10/2019,6.50,6.3,,,,0.00,,,0.00,0.00,0,0.00,Low,0,0.00,Neutral,Stable,N/A,Yes,Yes,,Significant enhancements for PS5 Pro.,#NAME?,,OK,,2/14/2026
132097,9276,Saints Row: The Third Remastered,,,,,,Extended Storage,,,,"0 h,  00 m",44.84,9/22/2025,7.80,7.4,,,,0.00,,,0.00,0.00,0,0.00,Low,0,0.00,Neutral,Stable,N/A,Yes,No,,Significant enhancements for PS5 Pro,#NAME?,,OK,,2/16/2026
152065,13130,Salt and Sacrifice,,,,,,SSD,,,,"0 h,  00 m",0.59,12/30/2026,7.50,7.2,,,,0.00,,,0.00,0.00,0,0.00,Low,0,0.00,Neutral,Stable,N/A,Yes,No,,Significant enhancements for PS5 Pro.,#NAME?,,OK,,2/14/2026
380437,5521,Samson,"Fighting, Racing, Adventure","Action, Open world",Single player,,,N/A,,,,"0 h,  00 m",,10/19/2020,6.50,6.4,,,,0.00,,,0.00,0.00,0,0.00,Low,0,0.00,Neutral,Stable,No,No,No,,,#NAME?,a647a7a1-49d3-4260-8a20-4218b231ab6d,OK,12/24/2025,12/26/2025
252480,16617,Sand Land,,,,,,Extended Storage,,,,"0 h,  00 m",15.45,,7.50,7.1,,,,0.00,,,0.00,0.00,0,0.00,Low,0,0.00,Neutral,Stable,N/A,Yes,Yes,,Significant enhancements for PS5 Pro.,#NAME?,,OK,,2/14/2026
331215,19375,Saros,Shooter,"Action, Science fiction, Horror",Single player,Third person,,N/A,,,,"0 h,  00 m",,4/7/2025,-0.10,8.9,,,,0.00,,,0.00,0.00,0,0.00,Low,0,0.00,Neutral,Stable,Yes,No,No,,,#NAME?,1b5bbe66-ea7f-4135-b654-e8d762b55e4d,OK,12/24/2025,12/26/2025
19817,13773,Scorn,,,,,,N/A,,,,"0 h,  00 m",,,7.30,6.6,,,,0.00,,,0.00,0.00,0,0.00,Low,0,0.00,Neutral,Stable,No,No,No,,,#NAME?,,OK,,4/24/2026
325607,20167,Screamer,,,,,,N/A,,,,"0 h,  00 m",,,8.00,7.8,,,,0.00,,,0.00,0.00,0,0.00,Low,0,0.00,Neutral,Stable,No,No,No,,,#NAME?,,OK,,8/16/2026
344218,5548,Sea of Remnants,"Role-playing (RPG), Strategy, Adventure",,,,,N/A,,,,"0 h,  00 m",,,-0.10,7.8,,,,0.00,,,0.00,0.00,0,0.00,Low,0,0.00,Neutral,Stable,Yes,No,No,,,#NAME?,089384f5-f4b1-4696-b284-971b4be34c7a,OK,12/24/2025,12/26/2025
192664,17665,Sengoku Dynasty,"Simulator, Adventure",Survival,"Single player, Multiplayer, Co-operative",Third person,,N/A,,4,,"0 h,  00 m",,,7.10,7.2,,,,0.00,,,0.00,0.00,0,0.00,Low,0,0.00,Neutral,Stable,Yes,No,No,,,#NAME?,a3470a50-30da-4342-bfdb-0b05610ec627,OK,12/24/2025,12/26/2025
127342,16475,Senua's Saga: Hellblade 2,Adventure,"Action, Fantasy, Horror",Single player,Third person,,N/A,,3,,"0 h,  00 m",,,8.50,8.1,73.14,8,,0.00,7.80,,0.00,0.00,0,0.00,Low,0,0.00,Neutral,Stable,Yes,No,No,,,#NAME?,6c8087a6-d30d-48d9-b6a3-71b0d709cb09,OK,12/24/2025,12/26/2025
325583,18924,Shadow Labyrinth ,"Platform, Adventure","Action, Science fiction",Single player,Side view,,N/A,,,,"0 h,  00 m",,,7.10,6.8,69.50,5,5,0.00,,,0.00,0.00,0,0.00,Low,0,0.00,Neutral,Stable,Yes,No,No,,,#NAME?,bc301df5-1a06-4221-b7f2-3bd5c5bf78b2,OK,12/24/2025,12/26/2025
119273,14865,Shadows of Doubt,,,,,,N/A,,,,"0 h,  00 m",,,7.90,6.9,,,,0.00,,,0.00,0.00,0,0.00,Low,0,0.00,Neutral,Stable,No,No,No,,,#NAME?,,OK,,6/20/2026
186613,12359,Showa American Story,"Role-playing (RPG), Adventure, Indie",Action,Single player,Third person,,N/A,,,,"0 h,  00 m",,,-0.10,5.2,,,,0.00,,,0.00,0.00,0,0.00,Low,0,0.00,Neutral,Stable,No,No,No,,,#NAME?,5ee7a12b-55d3-4c7b-93f7-f9ae826488a3,OK,12/24/2025,12/27/2025
222341,16791,Silent Hill 2,"Puzzle, Adventure","Action, Horror, Survival, Drama, Mystery",Single player,Third person,,Extended Storage,,4,,"0 h,  00 m",50.76,8/29/2024,9.00,8.6,86.60,8,9,0.00,9.10,,0.00,0.00,0,0.00,Low,0,0.00,Neutral,Stable,N/A,Yes,No,,,#NAME?,86d933b9-b770-4032-a40f-2b6d335e9d23,OK,2/1/2026,2/1/2026
222343,18785,Silent Hill F,"Puzzle, Adventure","Action, Horror",Single player,Third person,,N/A,,3,,"0 h,  00 m",,,9.00,8.6,86.40,7,9,0.00,7.20,,0.00,0.00,0,0.00,Low,0,0.00,Neutral,Stable,Yes,No,Yes,,,,743a8312-4324-4e72-8f64-1fec2495ff03,OK,12/24/2025,12/27/2025
222342,16791,Silent Hill: Townfall,Adventure,"Action, Horror",,,,N/A,,,,"0 h,  00 m",,,9.00,8.6,,,,0.00,,,0.00,0.00,0,0.00,Low,0,0.00,Neutral,Stable,Yes,No,No,,,,cf4c6839-af24-418a-9623-f88330e3ffc4,OK,2/12/2026,2/12/2026
129964,17790,Skate Story,"Simulator, Sport, Adventure, Indie, Arcade","Action, Fantasy, Mystery",Single player,Third person,,N/A,,3,,"0 h,  00 m",5.72,,8.00,8,82.33,8,,0.00,6.20,,0.00,0.00,0,0.00,Low,0,0.00,Neutral,Stable,N/A,Yes,No,,,,b9a07e77-c85f-4ec3-b19d-923656543474,OK,2/1/2026,2/1/2026
37062,16299,Skull and Bones,"Role-playing (RPG), Adventure","Action, Open world, Warfare","Single player, Multiplayer, Co-operative",Third person,,SSD,,,,"0 h,  00 m",58.18,6/17/2024,6.00,5.9,55.80,7,4,0.00,5.00,,0.00,0.00,0,0.00,Low,0,0.00,Neutral,Stable,N/A,Yes,Yes,,,#NAME?,b7878008-5b44-4881-8c11-1a538e444b44,OK,2/1/2026,2/1/2026
65503,11638,Sky: Children of the Light,"Puzzle, Role-playing (RPG), Adventure, Indie",Fantasy,"Single player, Multiplayer, Co-operative, Massively Multiplayer Online (MMO)",Third person,,Extended Storage,,,,"0 h,  00 m",4.20,,8.00,8.1,81.60,,,0.00,7.00,,0.00,0.00,0,0.00,Low,0,0.00,Neutral,Stable,N/A,Yes,No,,,#NAME?,b37210e8-1b48-496e-976c-0403c5024e4e,OK,2/4/2026,2/4/2026
152243,13750,Slime Rancher 2,"Shooter, Simulator, Adventure, Indie","Action, Fantasy, Open world",Single player,First person,,SSD,,3,,"0 h,  00 m",3.26,,7.50,7.6,,7,,0.00,6.50,,0.00,0.00,0,0.00,Low,0,0.00,Neutral,Stable,N/A,Yes,Yes,,,#NAME?,ec787ece-fb4b-40d3-be71-9415fe27fb26,OK,12/24/2025,12/25/2025
116238,12905,Sniper Elite 5,,,,,,SSD,,,,"0 h,  00 m",91.77,,8.00,7.9,,,,0.00,,,0.00,0.00,0,0.00,Low,0,0.00,Neutral,Stable,N/A,Yes,No,,Significant enhancements for PS5 Pro,#NAME?,,OK,,2/16/2026
138980,11503,Sniper Ghost Warrior Contracts 2,,,,,,Extended Storage,,,,"0 h,  00 m",14.94,,7.50,7.2,,,,0.00,,,0.00,0.00,0,0.00,Low,0,0.00,Neutral,Stable,N/A,Yes,No,,Significant enhancements for PS5 Pro,#NAME?,,OK,,2/16/2026
194950,12421,Solarpunk,"Simulator, Adventure, Indie","Survival, Sandbox","Single player, Multiplayer, Co-operative",First person,,N/A,,4,,"0 h,  00 m",,,8.00,7.9,,,,0.00,,,0.00,0.00,0,0.00,Low,0,0.00,Neutral,Stable,Yes,No,No,,,#NAME?,6ae9389f-8842-448f-96c7-174c6fd02d2f,OK,12/24/2025,12/25/2025
120170,11435,Solasta: Crown of the Magister,"Role-playing (RPG), Strategy, Turn-based strategy (TBS), Tactical, Adventure",Fantasy,"Single player, Multiplayer, Co-operative",Bird view / Isometric,,N/A,,4,,"0 h,  00 m",,,7.80,7.7,77.50,,,0.00,7.30,,0.00,0.00,0,0.00,Low,0,0.00,Neutral,Stable,Yes,No,No,,,#NAME?,f49e1777-c56d-40b7-968b-b3bb2b602d78,OK,12/24/2025,12/25/2025
362117,1392,Son of Thanjai,,,,,,N/A,,,,"0 h,  00 m",,,5.50,5.9,,,,0.00,,,0.00,0.00,0,0.00,Low,0,0.00,Neutral,Stable,No,No,No,,,#NAME?,,OK,,6/20/2026
259147,16151,Soulslinger: Envoy of Death,,,,,,N/A,,,,"0 h,  00 m",,5/20/2024,6.50,6.7,,,,0.00,,,0.00,0.00,0,0.00,Low,0,0.00,Neutral,Stable,No,No,No,,,#NAME?,,OK,,6/20/2026
152262,13683,Soulstice,,,,,,Extended Storage,,,,"0 h,  00 m",19.90,,7.00,6.8,,,,0.00,,,0.00,0.00,0,0.00,Low,0,0.00,Neutral,Stable,N/A,Yes,No,,,#NAME?,,OK,,3/9/2026
252826,18309,South of Midnight,"Platform, Adventure","Action, Fantasy",Single player,Third person,,N/A,,,,"0 h,  00 m",,,8.00,7.7,85.75,8,8,0.00,7.60,,0.00,0.00,0,0.00,Low,0,0.00,Neutral,Stable,Yes,No,No,,,#NAME?,f222ec1b-1f6a-457f-9dd1-3a4b0375583e,OK,12/24/2025,12/25/2025
165432,10108,Spine,"Shooter, Hack and slash/Beat 'em up, Adventure",Action,Single player,Third person,,N/A,,,,"0 h,  00 m",,,7.60,7.3,,,,0.00,,,0.00,0.00,0,0.00,Low,0,0.00,Neutral,Stable,Yes,No,No,,,#NAME?,2ff3e1cd-cb20-4f23-8b8d-c72b82e5c9ca,OK,1/22/2026,1/22/2026
213473,17227,Squirrel with a Gun,,,,,,Extended Storage,,,,"0 h,  00 m",3.85,8/18/2025,6.80,6.6,,,,0.00,,,0.00,0.00,0,0.00,Low,0,0.00,Neutral,Stable,N/A,Yes,No,,,#NAME?,,OK,,4/21/2026
381248,20501,Star Wars Galactic Racer,,,,,,N/A,,,,"0 h,  00 m",,1/23/2025,-0.10,,,,,0.00,,,0.00,0.00,0,0.00,Low,0,0.00,Neutral,Stable,No,No,No,,,#NAME?,,OK,,6/20/2026
74701,7407,Star Wars Jedi: Fallen Order,,,,,,Extended Storage,,,,"0 h,  00 m",47.25,5/22/2025,8.20,8.3,,,,0.00,,,0.00,0.00,0,0.00,Low,0,0.00,Neutral,Stable,N/A,Yes,Yes,,Significant enhancements for PS5 Pro.,#NAME?,,OK,,2/14/2026
252827,16790,Star Wars Outlaws,"Shooter, Adventure","Action, Science fiction, Open world",Single player,Third person,,N/A,,,,"0 h,  00 m",56.54,12/30/2027,8.00,7.5,80.33,7,6,0.00,7.50,,0.00,0.00,0,0.00,Low,0,0.00,Neutral,Stable,N/A,Yes,Yes,,,#NAME?,727699b3-2f23-40b6-8e05-1e95db6a51b3,OK,12/24/2025,12/25/2025
185244,16819,Star Wars: Eclipse,Adventure,Action,,,,N/A,,,,"0 h,  00 m",,,7.00,6.6,,,,0.00,,,0.00,0.00,0,0.00,Low,0,0.00,Neutral,Stable,No,No,No,,,#NAME?,1f89731e-8120-48b1-89a6-14bf354d0a31,OK,12/24/2025,12/25/2025
381215,12313,Star Wars: Fate of the Old Republic,Role-playing (RPG),"Fantasy, Science fiction",Single player,,,N/A,,,,"0 h,  00 m",,,8.00,8.4,,,,0.00,,,0.00,0.00,0,0.00,Low,0,0.00,Neutral,Stable,No,No,No,,,#NAME?,2de16247-976f-48c0-990f-44c34d9b1173,OK,2/7/2026,2/7/2026
96437,14907,Starfield,,,,,,N/A,,,,"0 h,  00 m",,,8.50,8,,,,0.00,,,0.00,0.00,0,0.00,Low,0,0.00,Neutral,Stable,No,No,Yes,,,#NAME?,,OK,,4/27/2026
109668,13925,Stay Out of the House,,,,,,N/A,,,,"0 h,  00 m",,,8.50,8.4,,,,0.00,,,0.00,0.00,0,0.00,Low,0,0.00,Neutral,Stable,No,No,No,,,#NAME?,,OK,,5/24/2026
252789,18233,Steel Seed,"Role-playing (RPG), Adventure","Action, Science fiction, Stealth",Single player,Third person,,N/A,,3,,"0 h,  00 m",,4/22/2024,7.20,6.5,79.50,5,,0.00,,,0.00,0.00,0,0.00,Low,0,0.00,Neutral,Stable,Yes,No,No,,,#NAME?,7152f9f7-6572-43fe-acb6-51cf9ae7440c,OK,12/24/2025,12/25/2025
135670,13615,Steelrising,,,,,,Extended Storage,,,,"0 h,  00 m",26.51,,7.00,6.8,,,,0.00,,,0.00,0.00,0,0.00,Low,0,0.00,Neutral,Stable,N/A,Yes,No,,,#NAME?,,OK,,3/31/2026
117170,16510,Stellar Blade,"Role-playing (RPG), Hack and slash/Beat 'em up, Adventure","Action, Science fiction",Single player,Third person,,N/A,,,,"0 h,  00 m",,,8.40,8.1,86.38,7,8,0.00,8.10,,0.00,0.00,0,0.00,Low,0,0.00,Neutral,Stable,Yes,No,Yes,,,#NAME?,b56f4f6f-25dc-424b-a13a-504742293c39,OK,12/24/2025,12/25/2025
347557,16510,Stellar Blade: Blood Rain,,,,,,N/A,,,,"0 h,  00 m",,1/29/2026,8.30,7.8,,,,0.00,,,0.00,0.00,0,0.00,Low,0,0.00,Neutral,Stable,No,No,No,,,#NAME?,,OK,,6/20/2026
252837,16849,Still Wakes the Deep,"Adventure, Indie","Action, Fantasy, Science fiction, Horror, Stealth",Single player,First person,,Extended Storage,,3,,"0 h,  00 m",11.52,,8.00,7.4,82.00,6,7,0.00,7.20,,0.00,0.00,0,0.00,Low,0,0.00,Neutral,Stable,N/A,Yes,No,,,#NAME?,6aeb2194-4e5b-4e04-b878-c975ac290da9,OK,12/24/2025,12/25/2025
325599,16416,Stranger than Heaven,"Fighting, Puzzle, Adventure","Action, Open world",Single player,Third person,,N/A,,,,"0 h,  00 m",,,-0.10,5,,,,0.00,,,0.00,0.00,0,0.00,Low,0,0.00,Neutral,Stable,No,No,No,,,#NAME?,7d10e8db-40ee-4da3-a867-a876ddd929fa,OK,2/9/2026,2/9/2026
110248,13386,Stray,,,,,,Extended Storage,,,,"0 h,  00 m",7.31,6/12/2025,8.50,8.7,,,,0.00,,,0.00,0.00,0,0.00,Low,0,0.00,Neutral,Stable,N/A,Yes,No,,Significant enhancements for PS5 Pro.,#NAME?,,OK,,2/16/2026
9254,5437,Subnautica,,,,,,Extended Storage,,,,"0 h,  00 m",3.45,11/5/2023,8.70,8.5,,,,0.00,,,0.00,0.00,0,0.00,Low,0,0.00,Neutral,Stable,N/A,Yes,Yes,,Significant enhancements for PS5 Pro.,#NAME?,,OK,,2/14/2026
320140,5437,Subnautica 2,Adventure,"Action, Science fiction, Survival","Single player, Co-operative",First person,,N/A,,,,"0 h,  00 m",,7/28/2021,8.50,8.5,,,,0.00,,,0.00,0.00,0,0.00,Low,0,0.00,Neutral,Stable,No,No,No,,,#NAME?,c829e0de-0862-495a-aad0-c41b7569f13f,OK,1/27/2026,2/14/2026
107315,11360,Subnautica: Below Zero,,,,,,Extended Storage,,,,"0 h,  00 m",4.35,12/30/2026,8.50,8.2,,,,0.00,,,0.00,0.00,0,0.00,Low,0,0.00,Neutral,Stable,N/A,Yes,Yes,,Significant enhancements for PS5 Pro.,#NAME?,,OK,,2/14/2026
380454,2561,Supreme Experiment,Adventure,"Action, Science fiction",Single player,First person,,N/A,,,,"0 h,  00 m",,,7.50,7,,,,0.00,,,0.00,0.00,0,0.00,Low,0,0.00,Neutral,Stable,No,No,No,,,#NAME?,3720d76f-54f3-4649-a811-90abbdd1250f,OK,12/24/2025,12/25/2025
199136,2865,Survival: Fountain of Youth,"Simulator, Adventure, Indie","Action, Survival, Historical, Sandbox, Open world",Single player,First person,,N/A,,,,"0 h,  00 m",,,-0.10,,,,,0.00,,,0.00,0.00,0,0.00,Low,0,0.00,Neutral,Stable,Yes,No,No,,,#NAME?,a7332fda-563b-4849-9c71-de678fd479f6,OK,1/23/2026,1/23/2026
122105,13511,Sword and Fairy: Together Forever,,,,,,Extended Storage,,,,"0 h,  00 m",32.13,9/2/2024,7.50,7.2,,,,0.00,,,0.00,0.00,0,0.00,Low,0,0.00,Neutral,Stable,N/A,Yes,No,,,#NAME?,,OK,,3/10/2026
287852,17420,SWORD ART ONLINE Fractured Daydream,,,,,,SSD,,,,"0 h,  00 m",77.56,,7.00,7,,,,0.00,,,0.00,0.00,0,0.00,Low,0,0.00,Neutral,Stable,N/A,Yes,No,,,#NAME?,,OK,,4/7/2026
361838,11709,Sword of Legends,Role-playing (RPG),"Action, Fantasy",Single player,Third person,,N/A,,,,"0 h,  00 m",,,7.00,7.3,,,,0.00,,,0.00,0.00,0,0.00,Low,0,0.00,Neutral,Stable,No,No,No,,,#NAME?,feb8fc11-29a5-4007-9c31-775fb6dc854c,OK,12/24/2025,12/25/2025
250620,19001,Sword of the Sea,"Adventure, Indie",Fantasy,Single player,Third person,,SSD,,,,"0 h,  00 m",5.48,12/30/2026,8.60,8.8,84.00,,,0.00,7.60,,0.00,0.00,0,0.00,Low,0,0.00,Neutral,Stable,N/A,Yes,No,,,#NAME?,95864395-2929-4569-9a03-e691d24d4a7e,OK,2/1/2026,2/1/2026
361838,11709,Swords of Legends,,,,,,N/A,,,,"0 h,  00 m",,10/2/2023,7.00,7.3,,,,0.00,,,0.00,0.00,0,0.00,Low,0,0.00,Neutral,Stable,No,No,No,,,#NAME?,,OK,,6/20/2026
217601,18027,Synduality Echo of Ada,Shooter,"Action, Science fiction","Single player, Multiplayer",Third person,,SSD,,,,"0 h,  00 m",65.58,4/3/2014,6.50,6.5,69.75,7,,0.00,,,0.00,0.00,0,0.00,Low,0,0.00,Neutral,Stable,N/A,Yes,No,,,#NAME?,02d7c378-da3e-43ef-82be-f2bcb4758629,OK,2/2/2026,2/1/2026
127697,18597,Tainted Grail: The Fall of Avalon,"Role-playing (RPG), Adventure, Indie","Action, Fantasy, Open world",Single player,First person,,N/A,,,,"0 h,  00 m",,4/3/2014,8.00,8,84.33,6,,0.00,6.80,,0.00,0.00,0,0.00,Low,0,0.00,Neutral,Stable,Yes,No,Yes,,,#NAME?,c48124bc-7748-4dc9-b844-50b475f320a1,OK,12/24/2025,12/25/2025
375111,19907,TAL: The Arcane Lands,,,,,,N/A,,,,"0 h,  00 m",,,-0.10,4.2,,,,0.00,,,0.00,0.00,0,0.00,Low,0,0.00,Neutral,Stable,No,No,No,,,#NAME?,a24b8b22-b39b-4a9d-8671-e82e23ee9d0d,OK,2/7/2026,2/7/2026
279641,16584,Tales of Kenzera: ZAU,"Platform, Puzzle, Adventure, Indie","Action, Fantasy",Single player,Side view,,N/A,,,,"0 h,  00 m",,7/10/2016,8.00,7.6,74.20,,,0.00,6.80,,0.00,0.00,0,0.00,Low,0,0.00,Neutral,Stable,Yes,No,No,,,#NAME?,31219ea0-e174-4c80-8c8a-73faecb965c7,OK,2/10/2026,2/10/2026
261148,2474,Teenage Mutant Ninja Turtles: The Last Ronin,,,,,,N/A,,,,"0 h,  00 m",,,4.50,4.6,,,,0.00,,,0.00,0.00,0,0.00,Low,0,0.00,Neutral,Stable,No,No,No,,,#NAME?,,OK,,6/20/2026
100357,10654,Temtem,"Role-playing (RPG), Turn-based strategy (TBS), Adventure, Indie","Action, Fantasy","Single player, Multiplayer, Co-operative, Massively Multiplayer Online (MMO)","Bird view / Isometric, Side view",,N/A,,4,,"0 h,  00 m",,,7.50,7.3,75.00,7,,0.00,7.10,,0.00,0.00,0,0.00,Low,0,0.00,Neutral,Stable,Yes,No,Yes,,,#NAME?,7238a515-8abb-404f-a2e2-684fa064ac8d,OK,12/24/2025,12/25/2025
288867,12386,Terminator Survivors: The Aftermath,"Shooter, Role-playing (RPG), Adventure","Action, Science fiction, Survival, Open world","Single player, Co-operative",First person,,N/A,,,,"0 h,  00 m",,3/26/2025,7.30,7.1,,,,0.00,,,0.00,0.00,0,0.00,Low,0,0.00,Neutral,Stable,Yes,No,No,,,#NAME?,69d98099-1763-4d9b-ba00-74f1e47b7c21,OK,12/24/2025,12/25/2025
146146,11286,Terminator: Resistance Enhanced,,,,,,Extended Storage,,,,"0 h,  00 m",26.46,,6.80,6.5,,,,0.00,,,0.00,0.00,0,0.00,Low,0,0.00,Neutral,Stable,N/A,Yes,No,,,#NAME?,,OK,,3/9/2026
135671,17250,Test Drive Unlimited - Solar Crown,,,,,,SSD,,,,"0 h,  00 m",72.40,,5.60,5.5,,,,0.00,,,0.00,0.00,0,0.00,Low,0,0.00,Neutral,Stable,N/A,Yes,No,,,#NAME?,,OK,,2/17/2026
394668,20575,The 7th Guest Remake,,,,,,N/A,,,,"0 h,  00 m",,7/2/2024,-0.10,7.2,,,,0.00,,,0.00,0.00,0,0.00,Low,0,0.00,Neutral,Stable,N/A,No,No,,,#NAME?,,OK,,5/30/2026
217129,597,The 9th Charnel,"Puzzle, Adventure, Indie","Horror, Survival",Single player,First person,,N/A,,,,"0 h,  00 m",,12/30/2027,7.00,6.7,,,,0.00,,,0.00,0.00,0,0.00,Low,0,0.00,Neutral,Stable,Yes,No,No,,,#NAME?,9a662625-d2b7-40f1-8685-13a9c98b2382,OK,12/24/2025,12/25/2025
342228,18760,The Age of Bhaarat,"Role-playing (RPG), Adventure","Action, Fantasy","Single player, Multiplayer, Co-operative",,,N/A,,,,"0 h,  00 m",,12/30/2027,-0.10,4,,,,0.00,,,0.00,0.00,0,0.00,Low,0,0.00,Neutral,Stable,No,No,No,,,#NAME?,669dac96-258a-476a-9bbd-dea479ebd2f6,OK,12/24/2025,12/25/2025
204634,18397,The Alters,"Simulator, Adventure","Science fiction, Survival",Single player,"Third person, Bird view / Isometric",,N/A,,4,,"0 h,  00 m",,11/5/2023,9.00,8.5,86.60,8,8,0.00,7.70,,0.00,0.00,0,0.00,Low,0,0.00,Neutral,Stable,Yes,No,No,,,#NAME?,08c0fa45-9237-4460-a829-1fd2a58df382,OK,12/24/2025,12/25/2025
133307,11537,The Ascent,"Shooter, Role-playing (RPG), Adventure, Indie","Action, Science fiction, Open world","Single player, Multiplayer, Co-operative",Bird view / Isometric,,SSD,,,,"0 h,  00 m",18.08,9/25/2024,7.50,7,71.22,,,0.00,7.20,,0.00,0.00,0,0.00,Low,0,0.00,Neutral,Stable,N/A,Yes,No,,Significant enhancements for PS5 Pro.,#NAME?,8cfd6404-2011-438e-8664-a6454a43993c,OK,2/10/2026,2/10/2026
263734,9771,The Awakener: Forgotten Oath,"Role-playing (RPG), Adventure",Action,Single player,Third person,,N/A,,,,"0 h,  00 m",,,6.70,5.4,,,,0.00,,,0.00,0.00,0,0.00,Low,0,0.00,Neutral,Stable,Yes,No,No,,,#NAME?,9d3b1f67-01df-4df7-9425-407c22421af1,OK,12/24/2025,12/25/2025
282831,2857,The Blood of Dawnwalker,"Role-playing (RPG), Adventure","Action, Fantasy, Open world",Single player,,,N/A,,,,"0 h,  00 m",,,5.00,5.1,,,,0.00,,,0.00,0.00,0,0.00,Low,0,0.00,Neutral,Stable,Yes,No,No,,,#NAME?,dd888f00-cd0a-4def-8600-6738e5b45bb8,OK,12/24/2025,12/25/2025
391848,20821,The Caribou Trail,,,,,,N/A,,,,"0 h,  00 m",,,8.00,7.8,,,,0.00,,,0.00,0.00,0,0.00,Low,0,0.00,Neutral,Stable,No,No,No,,,#NAME?,,OK,,7/5/2026
279635,17237,The Casting of Frank Stone,Adventure,"Horror, Thriller, Drama, Mystery","Single player, Multiplayer, Co-operative",Third person,,Extended Storage,,3,,"0 h,  00 m",48.95,9/1/2022,7.00,6.8,75.33,5,6,0.00,5.80,,0.00,0.00,0,0.00,Low,0,0.00,Neutral,Stable,N/A,Yes,No,,,#NAME?,142b2261-1893-44dc-ae23-33d453a73406,OK,12/24/2025,12/25/2025
234256,15493,The Crew Motorfest,,,,,,SSD,,,,"0 h,  00 m",71.27,1/18/2024,8.00,7.6,,,,0.00,,,0.00,0.00,0,0.00,Low,0,0.00,Neutral,Stable,N/A,Yes,No,,,#NAME?,,OK,,4/21/2026
347640,16089,The Cube,"Shooter, Role-playing (RPG), Adventure",Action,"Multiplayer, Co-operative, Massively Multiplayer Online (MMO)",First person,,N/A,,,,"0 h,  00 m",,,7.50,7.4,,,,0.00,,,0.00,0.00,0,0.00,Low,0,0.00,Neutral,Stable,No,No,No,,,#NAME?,bad36f0c-94bb-482c-b861-48d8f383a60c,OK,12/24/2025,12/25/2025
247780,18144,The Dark Pictures Anthology: Directive 8020,"Platform, Adventure, Indie","Action, Open world",Single player,Third person,,N/A,,,,"0 h,  00 m",,1/27/2021,-0.10,7,,,,0.00,,,0.00,0.00,0,0.00,Low,0,0.00,Neutral,Stable,Yes,No,No,,,#NAME?,5cb3a5ca-2fca-4297-aacb-90f5f59f4d72,OK,12/24/2025,12/25/2025
126870,18914,The Drifter,,,,,,N/A,,,,"0 h,  00 m",,,9.00,8.6,,,,0.00,,,0.00,0.00,0,0.00,Low,0,0.00,Neutral,Stable,No,No,No,,,#NAME?,,OK,,7/4/2026
267406,18437,The Elder Scrolls IV: Oblivion Remastered,"Role-playing (RPG), Simulator, Strategy",Action,Single player,,,N/A,,4,,"0 h,  00 m",,5/7/2025,8.50,8,,8,9.3,0.00,,,0.00,0.00,0,0.00,Low,0,0.00,Neutral,Stable,Yes,No,Yes,,,#NAME?,2ceacc0b-9308-422c-b5f1-19a7fe538a3a,OK,12/24/2025,12/25/2025
1081,2212,The Elder Scrolls Online: Tamriel Unlimited,"Role-playing (RPG), Adventure","Action, Fantasy, Open world","Single player, Multiplayer, Co-operative, Massively Multiplayer Online (MMO)","First person, Third person",,SSD,,,,"0 h,  00 m",124.70,,7.40,7.2,70.44,,,0.00,7.20,,0.00,0.00,0,0.00,Low,0,0.00,Neutral,Stable,N/A,Yes,Yes,,,#NAME?,a4b903b7-4d08-4d32-a712-4ecf4a90c553,OK,2/11/2026,2/1/2026
19547,2851,The Elder Scrolls V: Skyrim - Special Edition,"Shooter, Simulator, Strategy","Action, Open world, Warfare","Single player, Multiplayer, Co-operative","First person, Third person",,SSD,,,,"0 h,  00 m",15.64,9/16/2024,8.00,8.2,40.00,,,0.00,5.80,,0.00,0.00,0,0.00,Low,0,0.00,Neutral,Stable,N/A,Yes,Yes,,,#NAME?,2e18166e-26ae-46ec-a736-638d31eedd40,OK,2/11/2026,2/11/2026
347869,17212,The Expanse: Osiris Reborn,"Shooter, Role-playing (RPG), Adventure","Action, Science fiction",Single player,Third person,,N/A,,,,"0 h,  00 m",,5/25/2026,7.50,7.8,,,,0.00,,,0.00,0.00,0,0.00,Low,0,0.00,Neutral,Stable,Yes,No,No,,,#NAME?,06a010e3-bb48-4b91-8f0d-f9d491e673cc,OK,2/7/2026,2/7/2026
279643,17884,The First Berserker: Khazan,"Role-playing (RPG), Hack and slash/Beat 'em up",Action,Single player,Third person,,N/A,,,,"0 h,  00 m",,,8.00,7.8,84.00,8,8,0.00,7.40,,0.00,0.00,0,0.00,Low,0,0.00,Neutral,Stable,Yes,No,No,,,#NAME?,441a4a7d-4187-4d50-ad66-d50e98241d8e,OK,12/24/2025,12/25/2025
208476,16964,The First Descendant,"Shooter, Role-playing (RPG), Adventure","Action, Science fiction","Single player, Multiplayer, Co-operative",Third person,,SSD,,,,"0 h,  00 m",63.79,,6.00,5.9,30.00,,,0.00,5.90,,0.00,0.00,0,0.00,Low,0,0.00,Neutral,Stable,N/A,Yes,No,,,#NAME?,ae9527e6-5418-44f6-bd6b-378861e64009,OK,2/4/2026,2/4/2026
375635,1869,The Florist,,,,,,N/A,,,,"0 h,  00 m",,8/19/2025,4.00,5.2,,,,0.00,,,0.00,0.00,0,0.00,Low,0,0.00,Neutral,Stable,No,No,No,,,#NAME?,,OK,,5/17/2026
381202,6348,The Free Shepherd,"Puzzle, Simulator, Adventure, Indie",Action,Single player,,,N/A,,,,"0 h,  00 m",,1/27/2026,-0.10,6.4,,,,0.00,,,0.00,0.00,0,0.00,Low,0,0.00,Neutral,Stable,Yes,No,No,,,#NAME?,91067072-a662-4b1c-90e1-67ed4755f9cb,OK,2/10/2026,2/10/2026
259874,1883,The God Slayer,Role-playing (RPG),"Action, Open world",Single player,Third person,,N/A,,,,"0 h,  00 m",,11/1/2023,5.00,5.3,,,,0.00,,,0.00,0.00,0,0.00,Low,0,0.00,Neutral,Stable,Yes,No,No,,,#NAME?,0a622e9f-cea8-45f3-839f-f77459b67b97,OK,2/7/2026,2/7/2026
138906,15764,The Invincible,"Adventure, Indie","Action, Science fiction, Thriller, Survival, Mystery",Single player,First person,,Extended Storage,,,,"0 h,  00 m",12.00,12/30/2026,7.50,7.2,79.00,,,0.00,6.80,,0.00,0.00,0,0.00,Low,0,0.00,Neutral,Stable,N/A,Yes,No,,,#NAME?,70f2e3d2-702d-4b36-bec4-a443081e1ad7,OK,2/2/2026,2/2/2026
204350,13283,The Last of Us Part I,"Shooter, Adventure","Action, Horror, Survival, Stealth",Single player,Third person,,Extended Storage,,,,"0 h,  00 m",67.49,,9.00,8.1,77.33,,,0.00,9.30,,0.00,0.00,0,0.00,Low,0,0.00,Neutral,Stable,N/A,Yes,No,,Significant enhancements for PS5 Pro.,#NAME?,154d07ca-fe5e-4d68-9561-d1077030809c,OK,2/10/2026,2/10/2026
277143,13283,The Last of Us Part II Remastered,"Shooter, Adventure","Action, Horror, Survival, Stealth",Single player,Third person,,SSD,,,,"0 h,  00 m",86.66,,9.00,8.1,87.25,,,0.00,9.20,,0.00,0.00,0,0.00,Low,0,0.00,Neutral,Stable,N/A,Yes,No,,,#NAME?,a6d4bdd0-44a9-4df9-8163-9b864f4047eb,OK,2/10/2026,2/10/2026
280573,18976,The Legend of Heroes: Trails Beyond the Horizon,"Role-playing (RPG), Turn-based strategy (TBS), Adventure","Action, Fantasy, Science fiction",Single player,Third person,,N/A,,,,"0 h,  00 m",,,-0.10,8.1,,,,0.00,,,0.00,0.00,0,0.00,Low,0,0.00,Neutral,Stable,Yes,No,No,,,#NAME?,09fe6368-70b4-4548-80df-d2448641beaa,OK,12/24/2025,12/25/2025
8347,4403,The Long Dark,,,,,,SSD,,,,"0 h,  00 m",9.46,8/28/2016,8.00,7.7,,,,0.00,,,0.00,0.00,0,0.00,Low,0,0.00,Neutral,Stable,N/A,Yes,No,,Significant enhancements for PS5 Pro,#NAME?,,OK,,2/14/2026
204460,15718,The Lord of the Rings: Return to Moria,,,,,,SSD,,,,"0 h,  00 m",16.55,8/17/2022,6.00,5.9,,,,0.00,,,0.00,0.00,0,0.00,Low,0,0.00,Neutral,Stable,N/A,Yes,No,,,#NAME?,,OK,,3/17/2026
182290,6203,The Lost Wild,"Shooter, Adventure, Indie","Action, Horror, Survival",,First person,,N/A,,,,"0 h,  00 m",,,7.00,6.1,,,,0.00,,,0.00,0.00,0,0.00,Low,0,0.00,Neutral,Stable,No,No,No,,,#NAME?,9d676458-f5a9-4577-a036-ba3444dae2ba,OK,2/10/2026,2/11/2026
133308,10820,The Medium,Adventure,"Action, Horror, Thriller, Mystery",Single player,Third person,,N/A,,3,,"0 h,  00 m",,,8.00,7.1,75.35,8,9,0.00,7.10,,0.00,0.00,0,0.00,Low,0,0.00,Neutral,Stable,Yes,No,No,,,#NAME?,292cb9e7-5856-4df9-97c9-e9f1d9e9f756,OK,12/24/2025,12/25/2025
317621,18113,The Midnight Walk,"Adventure, Indie","Fantasy, Horror",Single player,"First person, Virtual Reality",,N/A,,3,,"0 h,  00 m",,7/31/2025,8.00,7.7,90.00,9,,0.00,8.40,,0.00,0.00,0,0.00,Low,0,0.00,Neutral,Stable,Yes,No,No,,,#NAME?,647b7309-c6c6-4a87-9989-7af673e4f9c1,OK,12/24/2025,12/25/2025
334673,6734,The Mound: Omen of Cthulhu,,,,,,N/A,,,,"0 h,  00 m",,12/30/2027,7.00,6,,,,0.00,,,0.00,0.00,0,0.00,Low,0,0.00,Neutral,Stable,No,No,No,,,#NAME?,,OK,,4/27/2026
152246,18723,The Outer Worlds 2,"Role-playing (RPG), Adventure","Action, Science fiction",Single player,"First person, Third person",,N/A,,,,"0 h,  00 m",,,8.50,8.3,83.25,8,8,0.00,7.40,,0.00,0.00,0,0.00,Low,0,0.00,Neutral,Stable,Yes,No,Yes,,,,d3e897db-60bb-4327-aeba-c21787f8f18c,OK,12/24/2025,12/25/2025
127165,14938,The Outlast Trials,,,,,,SSD,,,,"0 h,  00 m",52.58,,7.70,7.2,,,,0.00,,,0.00,0.00,0,0.00,Low,0,0.00,Neutral,Stable,N/A,Yes,No,,Significant enhancements for PS5 Pro.,#NAME?,,OK,,2/16/2026
143574,16555,The Planet Crafter,,,,,,N/A,,,,"0 h,  00 m",,5/26/2026,8.00,7.8,,,,0.00,,,0.00,0.00,0,0.00,Low,0,0.00,Neutral,Stable,No,No,No,,,#NAME?,,OK,,8/16/2026
204381,17304,The Plucky Squire,"Platform, Puzzle, Adventure","Action, Fantasy, Kids",Single player,"Third person, Bird view / Isometric, Side view",,Extended Storage,,2,,"0 h,  00 m",16.82,,8.00,8.3,87.50,7,9,0.00,7.50,,0.00,0.00,0,0.00,Low,0,0.00,Neutral,Stable,N/A,Yes,No,,,#NAME?,8d7c8fb5-9bfc-42b0-90a5-66f4774f9b75,OK,12/24/2025,12/25/2025
194404,13226,The Quarry,,,,,,Extended Storage,,,,"0 h,  00 m",45.25,12/30/2026,8.00,7.6,,,,0.00,,,0.00,0.00,0,0.00,Low,0,0.00,Neutral,Stable,N/A,Yes,No,,Significant enhancements for PS5 Pro.,#NAME?,,OK,,2/15/2026
165397,1524,The Relic: First Guardian,"Role-playing (RPG), Adventure, Indie","Action, Open world","Single player, Multiplayer",Third person,,N/A,,,,"0 h,  00 m",,,8.50,7.9,,,,0.00,,,0.00,0.00,0,0.00,Low,0,0.00,Neutral,Stable,Yes,No,No,,,#NAME?,5727f619-e3f7-40fe-98d6-6d9f0774124d,OK,1/31/2026,1/31/2026
296843,16774,The Rogue Prince of Persia,"Platform, Hack and slash/Beat 'em up, Adventure","Action, Fantasy, Historical",Single player,Side view,,SSD,,,,"0 h,  00 m",1.13,,8.00,8,79.67,7,8,0.00,8.10,,0.00,0.00,0,0.00,Low,0,0.00,Neutral,Stable,N/A,Yes,No,,,#NAME?,edb1a4c2-6da3-42ae-956b-d12cfd8da33d,OK,2/1/2026,2/1/2026
194143,5522,The Seven Deadly Sins: Origin,"Role-playing (RPG), Adventure","Action, Fantasy, Open world","Single player, Multiplayer, Co-operative",Third person,,SSD,,,,"0 h,  00 m",20.32,,6.00,5.5,,,,0.00,,,0.00,0.00,0,0.00,Low,0,0.00,Neutral,Stable,N/A,Yes,No,,,#NAME?,dc65628c-2966-4122-be3c-43db0f4e36a4,OK,12/24/2025,12/25/2025
289696,7122,The Sinking City 2,"Shooter, Adventure","Action, Horror, Survival",Single player,,,N/A,,,,"0 h,  00 m",,,7.00,6.5,,,,0.00,,,0.00,0.00,0,0.00,Low,0,0.00,Neutral,Stable,Yes,No,No,,,#NAME?,5bc2d7f1-9fb1-41dc-a6c9-600069f6084c,OK,2/10/2026,2/11/2026
138097,18041,The Stone of Madness,,,,,,N/A,,,,"0 h,  00 m",,,7.70,7.5,,,,0.00,,,0.00,0.00,0,0.00,Low,0,0.00,Neutral,Stable,No,No,No,,,#NAME?,,OK,,6/25/2026
79864,15695,The Talos Principle 2,"Puzzle, Adventure, Indie","Action, Science fiction",Single player,"First person, Third person",,Extended Storage,,2,,"0 h,  00 m",88.01,,9.00,8.8,90.17,8,9,0.00,8.80,,0.00,0.00,0,0.00,Low,0,0.00,Neutral,Stable,N/A,Yes,No,,,#NAME?,ce5fedd0-65ce-4499-8c04-71d105a74763,OK,2/1/2026,2/1/2026
185238,15357,The Texas Chain Saw Massacre,,,,,,SSD,,,,"0 h,  00 m",31.01,,8.00,7.3,,,,0.00,,,0.00,0.00,0,0.00,Low,0,0.00,Neutral,Stable,N/A,Yes,Yes,,Significant enhancements for PS5 Pro,#NAME?,,OK,,2/15/2026
239942,16393,The Thaumaturge,,,,,,Extended Storage,,,,"0 h,  00 m",19.97,11/19/2025,8.00,7.4,,,,0.00,,,0.00,0.00,0,0.00,Low,0,0.00,Neutral,Stable,N/A,Yes,No,,,#NAME?,,OK,,5/13/2026
305004,17774,The Thing Remastered,,,,,,N/A,,,,"0 h,  00 m",,,7.00,7.1,,,,0.00,,,0.00,0.00,0,0.00,Low,0,0.00,Neutral,Stable,No,No,No,,,#NAME?,,OK,,8/16/2026
119402,8396,The Witcher 3: Wild Hunt Complete Edition,"Role-playing (RPG), Adventure","Action, Fantasy, Open world",Single player,Third person,,Extended Storage,,,,"0 h,  00 m",85.59,,9.50,8.4,88.00,,,0.00,9.70,,0.00,0.00,0,0.00,Low,0,0.00,Neutral,Stable,N/A,Yes,Yes,,Significant enhancements for PS5 Pro.,#NAME?,9a78c8b2-5166-4067-ab7c-0b5d283cd72c,OK,2/10/2026,2/10/2026
194662,463,The Witcher 4,"Role-playing (RPG), Adventure","Action, Fantasy, Drama, Open world",Single player,Third person,,N/A,,,,"0 h,  00 m",,11/18/2024,9.40,8.9,,,,0.00,,,0.00,0.00,0,0.00,Low,0,0.00,Neutral,Stable,No,No,No,,,#NAME?,098ce8f7-4b93-4cb5-bfd8-42e3c92424d0,OK,12/24/2025,12/25/2025
405156,17774,Thief: The Dark Project Remastered,,,,,,N/A,,,,"0 h,  00 m",,9/18/2025,7.00,7.1,,,,0.00,,,0.00,0.00,0,0.00,Low,0,0.00,Neutral,Stable,No,No,No,,,#NAME?,,OK,,6/21/2026
145028,13545,Thymesia,"Role-playing (RPG), Hack and slash/Beat 'em up, Adventure","Action, Fantasy",Single player,Third person,,Extended Storage,,,,"0 h,  00 m",5.82,10/7/2024,7.00,6.9,72.00,6,8,0.00,6.90,,0.00,0.00,0,0.00,Low,0,0.00,Neutral,Stable,N/A,Yes,No,,,#NAME?,b5bdb2d3-5a7e-4a7b-a440-f9aaf58126e0,OK,2/1/2026,2/1/2026
331212,1196,Tides of Annihilation,"Role-playing (RPG), Adventure","Action, Fantasy",Single player,Third person,,N/A,,,,"0 h,  00 m",,6/24/2024,6.50,5.8,,,,0.00,,,0.00,0.00,0,0.00,Low,0,0.00,Neutral,Stable,Yes,No,No,,,#NAME?,c581e784-4f0d-4459-8030-9e1bf32c38a1,OK,1/22/2026,1/22/2026
152061,12353,Tiny Tina's Wonderlands,,,,,,SSD,,,,"0 h,  00 m",38.34,,8.00,7.7,,,,0.00,,,0.00,0.00,0,0.00,Low,0,0.00,Neutral,Stable,N/A,Yes,Yes,,Significant enhancements for PS5 Pro,#NAME?,,OK,,2/15/2026
261146,19095,Titan Quest II,"Role-playing (RPG), Hack and slash/Beat 'em up, Adventure","Action, Fantasy, Historical, Open world","Single player, Multiplayer, Co-operative",Bird view / Isometric,,N/A,,,,"0 h,  00 m",,,-0.10,7.8,,,,0.00,6.20,,0.00,0.00,0,0.00,Low,0,0.00,Neutral,Stable,Yes,No,Yes,,,#NAME?,28278d9f-c0fd-487f-a676-c637fb11928b,OK,1/26/2026,1/26/2026
119262,11577,Tom Clancy's Rainbow Six Extraction,,,,,,SSD,,,,"0 h,  00 m",64.63,3/24/2013,7.50,6.7,,,,0.00,,,0.00,0.00,0,0.00,Low,0,0.00,Neutral,Stable,N/A,Yes,No,,Significant enhancements for PS5 Pro,#NAME?,,OK,,2/15/2026
7360,1526,Tom Clancy's Rainbow Six Siege,,,,,,SSD,,,,"0 h,  00 m",46.12,,8.00,7.3,,,,0.00,,,0.00,0.00,0,0.00,Low,0,0.00,Neutral,Stable,N/A,Yes,No,,Significant enhancements for PS5 Pro,#NAME?,,OK,,2/15/2026
266683,15618,Tomb Raider I-III Remastered,,,,,,Extended Storage,,,,"0 h,  00 m",4.20,,8.00,7.7,,,,0.00,,,0.00,0.00,0,0.00,Low,0,0.00,Neutral,Stable,N/A,Yes,No,,Significant enhancements for PS5 Pro.,#NAME?,,OK,,2/16/2026
319480,17745,Tomb Raider IV-VI Remastered,,,,,,Extended Storage,,,,"0 h,  00 m",7.70,,7.00,7.1,,,,0.00,,,0.00,0.00,0,0.00,Low,0,0.00,Neutral,Stable,N/A,Yes,No,,,#NAME?,,OK,,6/12/2026
370001,291,Tomb Raider: Anniversary,,,,,,Extended Storage,,,,"0 h,  00 m",7.64,,9.00,8.7,,,,0.00,,,0.00,0.00,0,0.00,Low,0,0.00,Neutral,Stable,N/A,Yes,No,,Significant enhancements for PS5 Pro.,#NAME?,,OK,,2/16/2026
381234,291,Tomb Raider: Catalyst,"Platform, Puzzle, Adventure",Action,Single player,Third person,,N/A,,,,"0 h,  00 m",,,9.00,8.7,,,,0.00,,,0.00,0.00,0,0.00,Low,0,0.00,Neutral,Stable,No,No,No,,,#NAME?,f52f19e7-eef8-47c9-93be-2aea6685e929,OK,12/24/2025,12/25/2025
381235,1517,Tomb Raider: Legacy of Atlantis,"Platform, Puzzle, Adventure",Action,Single player,Third person,,N/A,,,,"0 h,  00 m",,,9.00,8.7,,,,0.00,,,0.00,0.00,0,0.00,Low,0,0.00,Neutral,Stable,Yes,No,No,,,#NAME?,c9d2ba24-1c34-4ce5-842e-715f8ff774b3,OK,12/24/2025,12/25/2025
305560,291,Tomb Raider: Legend,,,,,,Extended Storage,,,,"0 h,  00 m",6.71,2/15/2023,9.00,8.7,,,,0.00,,,0.00,0.00,0,0.00,Low,0,0.00,Neutral,Stable,N/A,Yes,No,,Significant enhancements for PS5 Pro.,#NAME?,,OK,,2/16/2026
262678,19212,Tormented Souls II,"Puzzle, Adventure","Action, Horror, Survival",Single player,Third person,,N/A,,4,,"0 h,  00 m",,,8.00,7.8,,7,,0.00,9.00,,0.00,0.00,0,0.00,Low,0,0.00,Neutral,Stable,Yes,No,No,,,#NAME?,26efec15-c26f-47da-936a-7d8d56413f9d,OK,12/24/2025,12/25/2025
301071,19729,Total Chaos,"Adventure, Indie","Action, Horror",Single player,First person,,N/A,,,,"0 h,  00 m",,12/30/2026,8.00,7.9,,,,0.00,8.80,,0.00,0.00,0,0.00,Low,0,0.00,Neutral,Stable,Yes,No,No,,,#NAME?,0e9b67bb-8be8-4ab9-b716-904e59355927,OK,1/26/2026,1/25/2026
256153,13548,Tower of Fantasy,"Role-playing (RPG), Adventure","Action, Open world","Multiplayer, Co-operative, Massively Multiplayer Online (MMO)",,,SSD,,,,"0 h,  00 m",104.63,,7.00,6.6,,,,0.00,7.00,,0.00,0.00,0,0.00,Low,0,0.00,Neutral,Stable,N/A,Yes,No,,,#NAME?,a53ec212-f194-4177-adf2-d5de05a306e6,OK,2/4/2026,2/4/2026
250636,5897,Towers of Aghasba,"Role-playing (RPG), Adventure","Action, Fantasy, Open world, 4X (explore, expand, exploit, and exterminate)","Single player, Multiplayer, Co-operative",Third person,,SSD,,4,,"0 h,  00 m",14.45,,7.00,7.1,60.50,,,0.00,,,0.00,0.00,0,0.00,Low,0,0.00,Neutral,Stable,N/A,Yes,No,,,#NAME?,d14c4bb7-f095-4ee4-8d68-dedf7f336b63,OK,12/24/2025,12/25/2025
188913,13782,Trail Out,,,,,,N/A,,,,"0 h,  00 m",,,-0.10,7.1,,,,0.00,,,0.00,0.00,0,0.00,Low,0,0.00,Neutral,Stable,No,No,No,,,#NAME?,,OK,,5/23/2026
314936,19302,Trails in the Sky 1st Chapter,"Role-playing (RPG), Turn-based strategy (TBS), Adventure","Action, Fantasy, Science fiction, Drama",Single player,Third person,,N/A,,4,,"0 h,  00 m",,,9.00,8.8,84.25,,8,0.00,,,0.00,0.00,0,0.00,Low,0,0.00,Neutral,Stable,Yes,No,No,,,#NAME?,f49e4bd0-0c98-478b-85c0-46531d76a91d,OK,12/24/2025,12/25/2025
377314,19302,Trails in the Sky 2nd Chapter,,,,,,N/A,,,,"0 h,  00 m",,,9.00,9,,,,0.00,,,0.00,0.00,0,0.00,Low,0,0.00,Neutral,Stable,No,No,No,,,#NAME?,,OK,,6/20/2026
404741,11928,Trine 6 Together in Time,,,,,,N/A,,,,"0 h,  00 m",,,-0.10,6.1,,,,0.00,,,0.00,0.00,0,0.00,Low,0,0.00,Neutral,Stable,No,No,No,,,#NAME?,,OK,,6/20/2026
23733,12888,Tunic,,,,,,Extended Storage,,,,"0 h,  00 m",1.50,,9.00,8.7,,,,0.00,,,0.00,0.00,0,0.00,Low,0,0.00,Neutral,Stable,N/A,Yes,Yes,,Significant enhancements for PS5 Pro,#NAME?,,OK,,2/15/2026
168670,12559,Uncharted: Legacy of Thieves Collection,,,,,,Extended Storage,,,,"0 h,  00 m",67.33,,9.00,9,,,,0.00,,,0.00,0.00,0,0.00,Low,0,0.00,Neutral,Stable,N/A,Yes,No,,,#NAME?,,OK,,2/18/2026
146957,17418,Undisputed,"Fighting, Simulator, Sport, Indie","Action, Non-fiction","Single player, Multiplayer",Third person,,SSD,,,,"0 h,  00 m",17.08,,7.20,7.1,67.67,,,0.00,4.00,,0.00,0.00,0,0.00,Low,0,0.00,Neutral,Stable,N/A,Yes,No,,,#NAME?,09ccf303-be13-4242-95f0-5109f159881c,OK,2/5/2026,2/5/2026
137290,17472,Unknown 9: Awakening,,,,,,N/A,,,,"0 h,  00 m",,,6.00,6.3,,,,0.00,,,0.00,0.00,0,0.00,Low,0,0.00,Neutral,Stable,No,No,No,,,#NAME?,,OK,,5/9/2026
284721,17416,Until Dawn,Adventure,"Horror, Survival, Drama, Mystery",Single player,Third person,,SSD,,4,,"0 h,  00 m",57.00,,7.00,7.2,78.00,5,,0.00,8.00,,0.00,0.00,0,0.00,Low,0,0.00,Neutral,Stable,N/A,Yes,No,,,#NAME?,d74e6d52-49ec-42a9-b83d-8e7bc26cd622,OK,2/1/2026,2/1/2026
134165,16930,Until Then,"Adventure, Indie, Visual Novel",Romance,Single player,Side view,,N/A,,1,,"0 h,  00 m",,,8.40,7.6,,,,0.00,8.00,,0.00,0.00,0,0.00,Low,0,0.00,Neutral,Stable,Yes,No,No,,,#NAME?,11670d7d-23ba-4f19-a3f3-7034bed607b6,OK,12/24/2025,12/25/2025
148228,13193,V Rising,"Role-playing (RPG), Adventure","Action, Survival, Sandbox, Open world","Single player, Multiplayer, Co-operative",Bird view / Isometric,,SSD,,4,,"0 h,  00 m",9.96,7/23/2025,8.50,8.3,88.60,9,,0.00,6.80,,0.00,0.00,0,0.00,Low,0,0.00,Neutral,Stable,N/A,Yes,Yes,,,#NAME?,fdddd900-699e-416a-8280-c8f0ef084546,OK,2/1/2026,2/1/2026
104967,12081,Valheim 1.0,,,,,,N/A,,,,"0 h,  00 m",,5/21/2024,9.00,8.7,,,,0.00,,,0.00,0.00,0,0.00,Low,0,0.00,Neutral,Stable,No,No,No,,,#NAME?,,OK,,6/20/2026
361833,18405,Valor Mortis,"Shooter, Role-playing (RPG), Adventure","Action, Fantasy, Horror",Single player,First person,,N/A,,,,"0 h,  00 m",,,-0.10,6.3,,,,0.00,,,0.00,0.00,0,0.00,Low,0,0.00,Neutral,Stable,Yes,No,No,,,#NAME?,eacb8fe3-3db2-4fac-8cc0-42d29b5b1771,OK,1/22/2026,1/22/2026
116530,19138,Vampire: The Masquerade - Bloodlines 2,"Role-playing (RPG), Adventure","Action, Fantasy, Horror, Mystery",Single player,First person,,N/A,,3,,"0 h,  00 m",,12/30/2027,6.80,6.2,79.00,7,7,0.00,6.90,,0.00,0.00,0,0.00,Low,0,0.00,Neutral,Stable,Yes,No,No,,,#NAME?,af3c6f60-8055-4c17-81ed-91b864cedaca,OK,12/24/2025,12/25/2025
141704,15302,Venba,,,,,,Extended Storage,,,,"0 h,  00 m",0.77,,8.00,8.2,,,,0.00,,,0.00,0.00,0,0.00,Low,0,0.00,Neutral,Stable,N/A,Yes,No,,,#NAME?,,OK,,3/19/2026
2903,319,Warframe,"Shooter, Role-playing (RPG), Adventure","Action, Science fiction","Single player, Multiplayer, Co-operative",Third person,,SSD,,,,"0 h,  00 m",61.13,,8.00,7.1,73.45,,,0.00,7.50,,0.00,0.00,0,0.00,Low,0,0.00,Neutral,Stable,N/A,Yes,No,,,#NAME?,e496de99-beb8-4649-a4f0-5cb506310c23,OK,2/4/2026,2/4/2026
203528,14943,"Warhammer 40,000: Boltgun",,,,,,Extended Storage,,,,"0 h,  00 m",5.47,,8.00,7.5,,,,0.00,,,0.00,0.00,0,0.00,Low,0,0.00,Neutral,Stable,N/A,Yes,No,,Significant enhancements for PS5 Pro.,#NAME?,,OK,,2/16/2026
185252,17120,"Warhammer 40,000: Space Marine 2",,,,,,SSD,,,,"0 h,  00 m",68.25,12/30/2026,8.00,8,,,,0.00,,,0.00,0.00,0,0.00,Low,0,0.00,Neutral,Stable,N/A,Yes,No,,Significant enhancements for PS5 Pro.,#NAME?,,OK,,2/16/2026
139948,7672,Warhammer: Chaosbane - Slayer Edition,,,,,,Extended Storage,,,,"0 h,  00 m",11.33,,7.00,6.8,,,,0.00,,,0.00,0.00,0,0.00,Low,0,0.00,Neutral,Stable,N/A,Yes,No,,Significant enhancements for PS5 Pro.,#NAME?,,OK,,2/16/2026
100413,7405,Watch Dogs: Legion,,,,,,Extended Storage,,,,"0 h,  00 m",55.64,,7.90,7.3,,,,0.00,,,0.00,0.00,0,0.00,Low,0,0.00,Neutral,Stable,N/A,Yes,Yes,,Significant enhancements for PS5 Pro,#NAME?,,OK,,2/15/2026
339224,10173,Welcome to Brightville,,,,,,N/A,,,,"0 h,  00 m",,,8.40,8.2,,,,0.00,,,0.00,0.00,0,0.00,Low,0,0.00,Neutral,Stable,No,No,No,,,#NAME?,,OK,,2/18/2026
276792,16380,Welcome to Paradize,,,,,,N/A,,,,"0 h,  00 m",,,7.00,7,,,,0.00,,,0.00,0.00,0,0.00,Low,0,0.00,Neutral,Stable,No,No,No,,,#NAME?,,OK,,4/23/2026
382936,14403,Westlanders,"Role-playing (RPG), Simulator, Adventure, Indie","Action, Non-fiction, Sandbox, Open world","Single player, Multiplayer, Co-operative",Third person,,N/A,,,,"0 h,  00 m",,,-0.10,7.3,,,,0.00,,,0.00,0.00,0,0.00,Low,0,0.00,Neutral,Stable,Yes,No,No,,,#NAME?,b0f853de-84cd-4c68-b8d7-6d670fe2063a,OK,2/10/2026,2/10/2026
11233,4132,What Remains of Edith Finch,,,,,,Extended Storage,,,,"0 h,  00 m",2.89,,9.00,8.8,,,,0.00,,,0.00,0.00,0,0.00,Low,0,0.00,Neutral,Stable,N/A,Yes,No,,Significant enhancements for PS5 Pro,#NAME?,,OK,,2/15/2026
214414,19677,Where Winds Meet,"Role-playing (RPG), Adventure","Action, Fantasy, Historical, Open world","Single player, Multiplayer, Co-operative",Third person,,SSD,,,,"0 h,  00 m",108.70,,7.50,7.2,55.00,6,,0.00,7.40,,0.00,0.00,0,0.00,Low,0,0.00,Neutral,Stable,N/A,Yes,Yes,,,#NAME?,d49578c5-b61d-4149-aecc-be2bedb71247,OK,2/1/2026,2/1/2026
218793,13899,Wild Hearts,Adventure,Action,"Single player, Multiplayer, Co-operative",,,SSD,,,,"0 h,  00 m",59.58,,8.00,7.9,81.50,8,8,0.00,6.80,,0.00,0.00,0,0.00,Low,0,0.00,Neutral,Stable,N/A,Yes,Yes,,Karakuki Edition,#NAME?,8b57c279-28df-4e27-badb-fd9456fbb665,OK,12/24/2025,12/25/2025
204541,15572,Wildmender,,,,,,N/A,,,,"0 h,  00 m",,,8.00,7.8,,,,0.00,,,0.00,0.00,0,0.00,Low,0,0.00,Neutral,Stable,No,No,No,,,#NAME?,,OK,,8/16/2026
67195,10543,Witchbrook,"Role-playing (RPG), Simulator, Indie",Fantasy,"Single player, Multiplayer, Co-operative",Bird view / Isometric,,N/A,,,,"0 h,  00 m",,,-0.10,7.6,,,,0.00,,,0.00,0.00,0,0.00,Low,0,0.00,Neutral,Stable,No,No,No,,,#NAME?,2f6815eb-252f-480e-82ff-c777f49eaea3,OK,1/29/2026,1/29/2026
210515,15566,WitchSpring R,,,,,,N/A,,,,"0 h,  00 m",,,8.50,8.4,,,,0.00,,,0.00,0.00,0,0.00,Low,0,0.00,Neutral,Stable,No,No,No,,,#NAME?,,OK,,4/23/2026
204628,14367,Wo Long: Fallen Dynasty,"Role-playing (RPG), Adventure","Action, Fantasy","Single player, Multiplayer, Co-operative",Third person,,SSD,,,,"0 h,  00 m",45.09,,8.00,7.8,83.83,,,0.00,7.10,,0.00,0.00,0,0.00,Low,0,0.00,Neutral,Stable,N/A,Yes,No,,,#NAME?,ed079e65-7abd-4144-a60d-1273a489d07a,OK,2/10/2026,2/10/2026
360752,2760,Woochi the Wayfarer,,,,,,N/A,,,,"0 h,  00 m",,,7.50,7.5,,,,0.00,,,0.00,0.00,0,0.00,Low,0,0.00,Neutral,Stable,No,No,No,,,#NAME?,255c9b90-fedd-4fb2-9db7-5c11ac48f4a1,OK,12/24/2025,12/25/2025
171225,18943,WUCHANG: Fallen Feathers,"Role-playing (RPG), Hack and slash/Beat 'em up, Adventure","Action, Fantasy, Open world, Mystery",Single player,Third person,,SSD,,,,"0 h,  00 m",16.81,,8.00,7.4,73.80,8,8,0.00,7.90,,0.00,0.00,0,0.00,Low,0,0.00,Neutral,Stable,N/A,Yes,No,,,#NAME?,62785325-48d4-4244-bf02-1549a6ee16ef,OK,12/24/2025,12/25/2025
202956,16896,Wuthering Waves,"Role-playing (RPG), Adventure","Action, Fantasy, Science fiction, Open world","Single player, Co-operative",Third person,,SSD,,,,"0 h,  00 m",117.40,,8.00,7.1,,7,,0.00,7.00,,0.00,0.00,0,0.00,Low,0,0.00,Neutral,Stable,N/A,Yes,Yes,,,#NAME?,2f59bea6-7562-4e6a-8a97-94e8ac509bf4,OK,2/2/2026,2/1/2026
389431,8824,Yakoh: Shinobi Ops,,"Action, Horror","Single player, Multiplayer, Co-operative",,,N/A,,,,"0 h,  00 m",,,8.00,7.6,,,,0.00,,,0.00,0.00,0,0.00,Low,0,0.00,Neutral,Stable,Yes,No,No,,,#NAME?,fa3b46cd-4549-4c4a-b477-12435cebe78d,OK,2/12/2026,2/12/2026
55090,6429,Yakuza: Kiwami 2,,,,,,Extended Storage,,,,"0 h,  00 m",36.17,,9.00,8.6,,,,0.00,,,0.00,0.00,0,0.00,Low,0,0.00,Neutral,Stable,N/A,Yes,No,,Different game than PS4 version.,#NAME?,,OK,,3/19/2026
36550,8628,Yakuza: Like a Dragon,,,,,,Extended Storage,,,,"0 h,  00 m",43.63,,9.00,8.6,,,,0.00,,,0.00,0.00,0,0.00,Low,0,0.00,Neutral,Stable,N/A,Yes,No,,Significant enhancements for PS5 Pro.,#NAME?,,OK,,2/15/2026
304740,19330,Yooka-Replaylee,"Platform, Adventure, Indie",Action,Single player,Third person,,N/A,,,,"0 h,  00 m",,,8.00,7.7,84.00,5,,0.00,,,0.00,0.00,0,0.00,Low,0,0.00,Neutral,Stable,Yes,No,No,,,#NAME?,6c54e22d-1b81-4945-9d39-a31a27bcbdb9,OK,12/24/2025,12/25/2025
200551,16965,Zenless Zone Zero,"Role-playing (RPG), Hack and slash/Beat 'em up, Adventure","Action, Fantasy, Science fiction",Single player,Third person,,SSD,,,,"0 h,  00 m",88.29,,8.00,7.6,72.50,,,0.00,6.70,,0.00,0.00,0,0.00,Low,0,0.00,Neutral,Stable,N/A,Yes,No,,,#NAME?,0e814f16-54da-423c-b552-642130172fdb,OK,1/30/2026,1/30/2026
361880,19878,Zero Parades: For Dead Spies,Role-playing (RPG),Mystery,Single player,Bird view / Isometric,,N/A,,,,"0 h,  00 m",,,-0.10,6.7,,,,0.00,,,0.00,0.00,0,0.00,Low,0,0.00,Neutral,Stable,No,No,No,,,#NAME?,c38106f2-3992-4574-9b08-7bba07d56d5b,OK,2/7/2026,2/7/2026
378231,16018,Zoopunk,Adventure,Action,"Single player, Multiplayer, Co-operative",Third person,,N/A,,,,"0 h,  00 m",,,-0.10,8,,,,0.00,,,0.00,0.00,0,0.00,Low,0,0.00,Neutral,Stable,Yes,No,No,,,#NAME?,ed4d20da-38df-401c-9ffb-5bf2f1884045,OK,12/24/2025,12/26/2025